id_incendio,data,hora,id_localizacao,id_causa,duracao_horas,areaTotal_ha,areaPov_ha,areaMato_ha,areaAgric_ha
1942461,2024-01-05 00:00:00,20,87378,376,0.63,0,0,0,0
1942462,2024-01-12 00:00:00,21,90229,357,1.43,0.2,0,0.2,0
1942463,2024-01-17 00:00:00,16,88767,376,0.95,0,0,0,0
1942464,2024-01-19 00:00:00,15,90341,376,0.41,0,0,0,0
1942465,2024-01-24 00:00:00,19,89590,376,0.58,0,0,0,0
1942466,2024-01-25 00:00:00,15,88612,320,1.63,3.3,0,3.3,0
1942467,2024-01-25 00:00:00,20,88879,320,1.41,0.5,0,0.5,0
1942468,2024-01-26 00:00:00,14,90341,376,0.85,0.01,0,0.01,0
1942469,2024-01-26 00:00:00,22,86949,359,1.7,0.11,0,0.11,0
1942470,2024-01-27 00:00:00,14,89929,320,2.23,3.49,0,3.49,0
1942471,2024-01-27 00:00:00,15,89490,318,0.95,0.05,0,0.05,0
1942472,2024-01-27 00:00:00,16,89929,320,0.91,6.01,0,6.01,0
1942473,2024-01-28 00:00:00,18,88978,317,0.43,0,0,0,0
1942474,2024-01-28 00:00:00,18,89052,375,0.56,0,0,0,0
1942475,2024-01-28 00:00:00,18,89377,374,0.98,0.05,0,0.05,0
1942476,2024-01-28 00:00:00,19,88028,320,0.43,0.44,0,0.44,0
1942477,2024-01-28 00:00:00,20,89920,320,1.55,1.12,0.05,1.06,0
1942478,2024-01-28 00:00:00,20,87265,320,1.21,0.01,0,0.01,0
1942479,2024-01-28 00:00:00,22,87183,320,0.78,0.3,0,0.3,0
1942480,2024-01-28 00:00:00,23,87197,317,0.53,0.01,0,0.01,0
1942481,2024-01-28 00:00:00,23,90392,320,1.36,1.88,0,1.88,0
1942482,2024-01-29 00:00:00,12,89758,320,0.38,0,0,0,0
1942483,2024-01-29 00:00:00,13,87438,378,0.9,0.11,0.1,0.01,0
1942484,2024-01-29 00:00:00,13,88269,319,1.28,0,0,0,0
1942485,2024-01-29 00:00:00,14,87481,316,0.68,0,0,0,0
1942486,2024-01-29 00:00:00,15,88434,320,0.56,0.5,0,0.5,0
1942487,2024-01-29 00:00:00,15,88278,317,2.4,2.76,0.95,1.8,0
1942488,2024-01-29 00:00:00,15,90374,313,0.51,0.05,0,0.05,0
1942489,2024-01-29 00:00:00,16,87473,320,0.96,8.6,0,8.6,0
1942490,2024-01-29 00:00:00,17,90312,320,1.65,3.55,0,3.55,0
1942491,2024-01-29 00:00:00,19,88269,320,0.71,0.71,0,0.71,0
1942492,2024-01-29 00:00:00,20,89929,320,2.31,1.24,0,1.24,0
1942493,2024-01-29 00:00:00,21,89378,320,5.28,2.65,0,2.65,0
1942494,2024-01-30 00:00:00,9,90312,379,1.41,47.37,1.27,46.1,0
1942495,2024-01-30 00:00:00,9,88600,320,5.95,16.01,0.57,15.44,0
1942496,2024-01-30 00:00:00,13,89079,320,1.28,0,0,0,0
1942497,2024-01-30 00:00:00,14,89807,320,3.23,0.05,0,0.05,0
1942498,2024-01-30 00:00:00,16,89929,320,1.23,0.73,0,0.73,0
1942499,2024-01-30 00:00:00,17,88708,319,0.53,0,0,0,0
1942500,2024-01-30 00:00:00,18,88719,320,1.85,1,0,1,0
1942501,2024-01-31 00:00:00,0,89280,320,1.26,0.7,0.7,0,0
1942502,2024-01-31 00:00:00,13,90300,374,0.61,0,0,0,0
1942503,2024-01-31 00:00:00,14,88185,317,1.01,0.5,0.5,0,0
1942504,2024-01-31 00:00:00,15,87963,319,0.13,0.1,0.09,0.01,0
1942505,2024-01-31 00:00:00,15,90361,316,0.88,0.13,0,0,0.13
1942506,2024-01-31 00:00:00,16,89629,378,0.38,0,0,0,0
1942507,2024-01-31 00:00:00,17,87025,291,0.83,0.01,0,0.01,0
1942508,2024-01-31 00:00:00,20,87691,317,6.7,40.16,13.73,26.43,0
1942509,2024-01-31 00:00:00,20,87126,316,0.51,0,0,0,0
1942510,2024-01-31 00:00:00,22,89271,320,14.71,77.82,0.98,76.84,0
1942511,2024-01-31 00:00:00,22,89081,375,1.75,3.15,3.09,0,0.06
1942512,2024-01-31 00:00:00,22,87711,320,1.18,0.1,0,0.1,0
1942513,2024-01-31 00:00:00,23,88719,374,1.65,0.5,0,0.5,0
1942514,2024-02-01 00:00:00,0,88719,320,0.6,0.3,0,0.3,0
1942515,2024-02-01 00:00:00,10,89341,376,0.53,0,0,0,0
1942516,2024-02-01 00:00:00,11,86588,333,0.6,0.01,0,0.01,0
1942517,2024-02-01 00:00:00,12,87499,375,0.6,0,0,0,0
1942518,2024-02-01 00:00:00,13,87793,317,0.63,0,0,0,0
1942519,2024-02-01 00:00:00,14,88377,319,2.46,0.81,0.8,0,0
1942520,2024-02-01 00:00:00,14,86517,290,0.66,0.35,0,0.35,0
1942521,2024-02-01 00:00:00,14,89079,320,2.4,5.8,0,5.8,0
1942522,2024-02-01 00:00:00,15,89729,319,1.25,0.15,0.15,0,0
1942523,2024-02-01 00:00:00,16,87280,376,0.53,0.28,0,0.28,0
1942524,2024-02-01 00:00:00,16,89973,317,0.71,0.56,0.56,0,0
1942525,2024-02-01 00:00:00,18,89920,375,4.43,6.2,1.72,4.27,0.2
1942526,2024-02-01 00:00:00,19,89879,324,1.91,3,0.5,2.5,0
1942527,2024-02-01 00:00:00,19,89287,376,1.1,0.02,0,0.02,0
1942528,2024-02-01 00:00:00,19,88995,376,2.03,0.4,0,0.4,0
1942529,2024-02-01 00:00:00,21,88706,320,0.95,49.08,1.21,47.85,0
1942530,2024-02-02 00:00:00,0,87337,317,2.21,0.22,0.22,0,0
1942531,2024-02-02 00:00:00,1,87307,319,4.13,3.37,3.37,0,0
1942532,2024-02-02 00:00:00,10,89669,320,1.55,1.9,0,1.9,0
1942533,2024-02-02 00:00:00,11,87139,378,2.26,1.45,0.32,1.13,0
1942534,2024-02-02 00:00:00,11,88096,317,0.91,0.12,0.12,0,0
1942535,2024-02-02 00:00:00,13,88100,320,0.9,1.05,0,1.05,0
1942536,2024-02-02 00:00:00,15,90192,316,0.65,0,0,0,0
1942537,2024-02-02 00:00:00,15,89909,376,0.86,0.71,0.53,0.18,0
1942538,2024-02-02 00:00:00,15,87406,319,1.26,0,0,0,0
1942539,2024-02-02 00:00:00,17,89929,320,7.63,31.12,0,31.12,0
1942540,2024-02-02 00:00:00,18,89557,320,2.16,0.99,0,0.99,0
1942541,2024-02-02 00:00:00,19,89587,374,0.18,0.02,0,0.02,0
1942542,2024-02-02 00:00:00,19,87690,320,3.56,0.23,0,0.23,0
1942543,2024-02-02 00:00:00,19,90018,324,1.41,0.29,0.2,0.09,0
1942544,2024-02-02 00:00:00,19,87368,376,0.6,0,0,0,0
1942545,2024-02-02 00:00:00,20,87691,320,2.7,1.04,0,1.04,0
1942546,2024-02-02 00:00:00,22,88704,376,1.16,0.4,0,0.4,0
1942547,2024-02-03 00:00:00,10,89002,317,0.65,0.13,0,0.13,0
1942548,2024-02-03 00:00:00,12,89079,320,3.08,15.36,0,13.54,1.8
1942549,2024-02-03 00:00:00,12,88627,320,2.86,2.1,0,2.1,0
1942550,2024-02-03 00:00:00,13,86804,319,0.58,0.02,0,0,0.02
1942551,2024-02-03 00:00:00,13,89215,320,3.55,31.44,0,31.44,0
1942552,2024-02-03 00:00:00,14,88538,375,0.25,0,0,0,0
1942553,2024-02-03 00:00:00,14,87065,378,0.36,0.05,0,0.05,0
1942554,2024-02-03 00:00:00,14,88268,376,1.7,0,0,0,0
1942555,2024-02-03 00:00:00,14,87884,324,1.25,0.47,0,0.47,0
1942556,2024-02-03 00:00:00,15,88579,320,1.46,7.73,0,7.73,0
1942557,2024-02-03 00:00:00,15,89504,374,0.33,0.02,0.02,0,0
1942558,2024-02-03 00:00:00,16,88801,378,3.63,10.84,1.17,9.67,0
1942559,2024-02-03 00:00:00,16,86634,309,2.53,5.23,4.51,0.31,0.4
1942560,2024-02-03 00:00:00,17,88135,317,1.1,0.52,0.3,0.21,0
1942561,2024-02-03 00:00:00,17,89315,376,0.7,0,0,0,0
1942562,2024-02-03 00:00:00,18,90341,376,0.58,0,0,0,0
1942563,2024-02-03 00:00:00,18,89105,314,0.71,0,0,0,0
1942564,2024-02-03 00:00:00,19,90065,376,0.91,0,0,0,0
1942565,2024-02-03 00:00:00,19,88851,320,2.05,0.13,0,0.13,0
1942566,2024-02-03 00:00:00,20,88271,290,1.05,0,0,0,0
1942567,2024-02-03 00:00:00,21,88706,320,2.3,3.6,0,3.6,0
1942568,2024-02-03 00:00:00,21,87884,320,0.98,0.63,0,0.63,0
1942569,2024-02-03 00:00:00,22,89100,374,1.8,0.03,0,0.03,0
1942570,2024-02-03 00:00:00,23,88228,373,1.35,0.1,0.1,0,0
1942571,2024-02-04 00:00:00,1,87541,320,1.73,1.19,0,1.19,0
1942572,2024-02-04 00:00:00,11,87049,316,0.81,0.02,0,0,0.02
1942573,2024-02-04 00:00:00,13,89863,374,0.66,0.02,0.01,0.01,0
1942574,2024-02-04 00:00:00,14,87963,379,0.81,0.01,0.01,0,0
1942575,2024-02-04 00:00:00,14,89759,320,4.1,49.26,8.54,40.72,0
1942576,2024-02-04 00:00:00,17,88269,288,0.75,0,0,0,0
1942577,2024-02-04 00:00:00,17,88272,374,1.65,0.5,0,0.5,0
1942578,2024-02-04 00:00:00,18,86979,374,1.58,0.56,0,0.56,0
1942579,2024-02-04 00:00:00,18,89984,290,4.4,10,0,10,0
1942580,2024-02-04 00:00:00,18,88162,320,1.48,0.3,0,0.3,0
1942581,2024-02-04 00:00:00,18,88269,320,0.15,0.03,0,0.03,0
1942582,2024-02-04 00:00:00,19,89022,320,0.83,0.3,0,0.3,0
1942583,2024-02-04 00:00:00,22,90126,378,1.93,0.24,0,0.24,0
1942584,2024-02-04 00:00:00,22,90141,375,0.85,0.06,0.06,0,0
1942585,2024-02-05 00:00:00,12,88809,319,0.76,0.01,0,0.01,0
1942586,2024-02-05 00:00:00,13,89022,320,1.21,0.16,0,0.16,0
1942587,2024-02-05 00:00:00,13,87240,317,0.88,0.01,0,0.01,0
1942588,2024-02-05 00:00:00,13,88874,319,2.15,0.6,0.6,0,0
1942589,2024-02-05 00:00:00,13,89112,317,2.73,0.41,0,0.41,0
1942590,2024-02-05 00:00:00,14,88706,320,3.2,0.01,0,0.01,0
1942591,2024-02-05 00:00:00,18,89997,320,1.45,4.5,0,4.5,0
1942592,2024-02-05 00:00:00,19,89229,318,0.51,0.03,0,0.03,0
1942593,2024-02-05 00:00:00,19,89479,320,1.13,0,0,0,0
1942594,2024-02-05 00:00:00,19,88380,376,0.78,0.02,0,0,0.02
1942595,2024-02-05 00:00:00,19,90464,376,0.61,0.3,0,0.3,0
1942596,2024-02-05 00:00:00,20,87541,320,1.55,1.4,0,1.4,0
1942597,2024-02-06 00:00:00,13,90144,376,0.6,0.02,0,0.02,0
1942598,2024-02-06 00:00:00,13,89501,290,2.75,0.96,0,0.96,0
1942599,2024-02-06 00:00:00,14,87963,374,0.41,0.01,0.01,0,0
1942600,2024-02-06 00:00:00,14,86987,319,0.7,0.28,0.28,0,0
1942601,2024-02-06 00:00:00,14,90436,317,1.9,1.27,1.27,0,0
1942602,2024-02-06 00:00:00,14,86928,375,0.5,0.02,0.02,0,0
1942603,2024-02-06 00:00:00,15,87400,376,0.58,0.35,0,0.35,0
1942604,2024-02-06 00:00:00,16,90346,320,3.91,8,8,0,0
1942605,2024-02-06 00:00:00,16,90463,378,1.5,0.16,0,0.16,0
1942606,2024-02-06 00:00:00,16,90206,374,3.36,9.02,2.72,6.29,0
1942607,2024-02-06 00:00:00,16,89229,318,0.75,0.01,0,0.01,0
1942608,2024-02-06 00:00:00,16,89729,374,1.5,1,0,1,0
1942609,2024-02-06 00:00:00,16,87307,379,1.21,0,0,0,0
1942610,2024-02-06 00:00:00,18,89200,320,2.85,0.41,0.09,0.32,0
1942611,2024-02-06 00:00:00,18,90114,320,0.75,2,0,2,0
1942612,2024-02-06 00:00:00,18,89617,376,0.43,0.01,0,0.01,0
1942613,2024-02-06 00:00:00,19,87225,320,0.66,0.5,0,0.5,0
1942614,2024-02-06 00:00:00,19,89502,320,1.36,0.65,0,0.65,0
1942615,2024-02-06 00:00:00,19,87529,374,1.86,3,0,3,0
1942616,2024-02-06 00:00:00,19,87742,320,0.06,0.25,0,0.25,0
1942617,2024-02-06 00:00:00,19,86593,320,0.33,0.39,0,0.39,0
1942618,2024-02-06 00:00:00,20,88193,359,2.25,4.12,2.41,1.7,0
1942619,2024-02-06 00:00:00,23,87528,375,0.93,0.05,0.05,0,0
1942620,2024-02-07 00:00:00,14,86840,313,1.53,0.02,0,0.02,0
1942621,2024-02-07 00:00:00,14,87249,376,1.63,0.25,0,0.25,0
1942622,2024-02-07 00:00:00,16,87107,378,1,0.2,0,0.2,0
1942623,2024-02-07 00:00:00,18,90303,376,0.56,0,0,0,0
1942624,2024-02-07 00:00:00,18,87998,378,0.55,0.07,0,0.07,0
1942625,2024-02-07 00:00:00,19,89229,320,1.58,0.02,0,0.02,0
1942626,2024-02-07 00:00:00,20,87690,374,2.93,6.97,0,6.97,0
1942627,2024-02-16 00:00:00,22,88782,313,0.5,0,0,0,0
1942628,2024-02-19 00:00:00,14,87026,319,0.48,0,0,0,0
1942629,2024-02-19 00:00:00,17,88055,375,0.53,0,0,0,0
1942630,2024-02-19 00:00:00,19,89611,317,0.36,1,0,0,1
1942631,2024-02-19 00:00:00,19,89920,320,2.85,3.84,2.25,1.58,0
1942632,2024-02-20 00:00:00,13,87884,320,1,0.3,0,0.3,0
1942633,2024-02-20 00:00:00,18,89215,317,1.55,4.57,0,4.57,0
1942634,2024-02-20 00:00:00,19,88104,317,0.76,0.06,0,0.06,0
1942635,2024-02-20 00:00:00,19,89956,317,0.31,0,0,0,0
1942636,2024-02-21 00:00:00,12,86839,375,0.21,0.02,0,0.02,0
1942637,2024-02-21 00:00:00,15,86928,375,0.56,0.01,0,0.01,0
1942638,2024-02-21 00:00:00,15,88340,319,0.68,0.03,0,0,0.03
1942639,2024-02-21 00:00:00,17,90007,320,1.68,12.68,6.78,5.89,0
1942640,2024-02-21 00:00:00,21,87225,320,1.83,0.5,0.5,0,0
1942641,2024-02-22 00:00:00,15,89300,316,0.55,0.05,0,0.05,0
1942642,2024-02-24 00:00:00,17,90418,334,0.3,0,0,0,0
1942643,2024-02-25 00:00:00,16,90361,319,0.76,0,0,0,0
1942644,2024-02-27 00:00:00,20,86935,376,0.28,0,0,0,0
1942645,2024-02-28 00:00:00,12,88538,309,0.58,0,0,0,0
1942646,2024-02-28 00:00:00,14,87219,317,1.83,0.22,0.22,0,0
1942647,2024-02-29 00:00:00,10,86646,317,2.28,0.14,0.14,0,0
1942648,2024-02-29 00:00:00,11,87262,319,0.91,0.15,0,0,0.15
1942649,2024-02-29 00:00:00,21,87435,320,0.65,0.5,0,0.5,0
1942650,2024-03-06 00:00:00,16,87879,309,1.3,0.26,0.26,0,0
1942651,2024-03-06 00:00:00,16,88326,319,1.33,0.25,0.17,0.07,0
1942652,2024-03-06 00:00:00,18,86827,378,0.53,0,0,0,0
1942653,2024-03-11 00:00:00,18,90229,357,0.51,0,0,0,0
1942654,2024-03-12 00:00:00,17,90273,375,0.96,0.02,0,0.02,0
1942655,2024-03-13 00:00:00,13,87349,317,0.36,0.03,0,0.03,0
1942656,2024-03-13 00:00:00,13,88767,319,3.76,1.65,1.65,0,0
1942657,2024-03-13 00:00:00,15,90002,319,1.33,2.67,1.8,0.87,0
1942658,2024-03-13 00:00:00,15,88486,376,0.95,0.06,0,0,0.06
1942659,2024-03-13 00:00:00,17,88432,376,2.2,4.28,0.78,3.5,0
1942660,2024-03-13 00:00:00,18,89564,320,1.46,0.02,0,0.02,0
1942661,2024-03-14 00:00:00,10,89491,369,1.78,0.88,0,0.88,0
1942662,2024-03-15 00:00:00,17,90151,319,0.68,0,0,0,0
1942663,2024-03-16 00:00:00,10,89956,332,0.4,0,0,0,0
1942664,2024-03-16 00:00:00,20,87150,378,2.33,0,0,0,0
1942665,2024-03-17 00:00:00,10,86658,319,0.55,0,0,0,0
1942666,2024-03-17 00:00:00,11,89905,378,0.51,0,0,0,0
1942667,2024-03-17 00:00:00,17,87559,374,1.91,0.03,0,0.03,0
1942668,2024-03-18 00:00:00,12,88455,319,0.38,0.22,0,0,0.22
1942669,2024-03-18 00:00:00,16,86989,319,0.4,0.06,0,0.06,0
1942670,2024-03-18 00:00:00,17,89163,376,0.51,0.02,0,0.02,0
1942671,2024-03-18 00:00:00,17,90468,320,0.61,0.02,0,0.02,0
1942672,2024-03-18 00:00:00,21,90289,320,0.8,0.14,0,0.14,0
1942673,2024-03-19 00:00:00,14,88525,317,1.33,0.4,0,0.4,0
1942674,2024-03-19 00:00:00,14,89863,290,5.03,2,0,2,0
1942675,2024-03-19 00:00:00,20,90285,375,0.8,0.03,0,0.03,0
1942676,2024-03-20 00:00:00,0,89399,376,15.7,0,0,0,0
1942677,2024-03-20 00:00:00,11,89200,319,2.78,0.24,0.04,0.2,0
1942678,2024-03-20 00:00:00,11,86547,374,4.36,18.64,13.91,4.72,0
1942679,2024-03-20 00:00:00,13,87768,317,0.58,0.31,0,0.31,0
1942680,2024-03-20 00:00:00,15,88567,317,0.63,0.34,0,0.34,0
1942681,2024-03-20 00:00:00,15,89598,317,2.48,1,1,0,0
1942682,2024-03-20 00:00:00,15,88087,320,0.81,0.25,0,0.25,0
1942683,2024-03-20 00:00:00,19,86547,374,0.91,0.03,0,0.03,0
1942684,2024-03-20 00:00:00,21,88470,320,1.3,3,0,3,0
1942685,2024-03-20 00:00:00,21,90099,375,1.36,0.01,0,0.01,0
1942686,2024-03-21 00:00:00,11,89334,319,3.05,0.7,0,0.7,0
1942687,2024-03-21 00:00:00,11,86905,317,0.6,0,0,0,0
1942688,2024-03-21 00:00:00,13,87632,375,0.05,0.14,0,0.14,0
1942689,2024-03-21 00:00:00,14,87355,376,0.95,0,0,0,0
1942690,2024-03-21 00:00:00,16,90192,374,1.88,0.01,0.01,0,0
1942691,2024-03-21 00:00:00,16,89761,319,0.9,0.9,0.9,0,0
1942692,2024-03-21 00:00:00,18,90358,374,1.15,0.01,0,0.01,0
1942693,2024-03-21 00:00:00,18,89729,320,0.76,0.1,0,0.1,0
1942694,2024-03-21 00:00:00,18,86897,320,2.25,0.5,0,0.5,0
1942695,2024-03-21 00:00:00,19,88469,376,0.33,0.02,0,0.02,0
1942696,2024-03-21 00:00:00,19,89704,376,0.53,0,0,0,0
1942697,2024-03-21 00:00:00,21,88978,317,0.6,0.12,0,0.12,0
1942698,2024-03-21 00:00:00,21,87664,320,0.96,3,0,3,0
1942699,2024-03-22 00:00:00,0,90099,375,4.4,3.86,0.76,3.1,0
1942700,2024-03-22 00:00:00,0,89674,376,2.5,0.4,0,0.4,0
1942701,2024-03-22 00:00:00,7,90312,320,2.51,21.51,0,21.51,0
1942702,2024-03-22 00:00:00,11,90392,359,2.66,4.58,0,4.58,0
1942703,2024-03-22 00:00:00,11,89863,374,0.33,0.02,0,0.02,0
1942704,2024-03-22 00:00:00,12,87187,317,2.45,0.34,0.16,0.18,0
1942705,2024-03-22 00:00:00,13,86743,317,0.53,0.1,0,0.1,0
1942706,2024-03-22 00:00:00,14,89058,319,0.66,0,0,0,0
1942707,2024-03-22 00:00:00,14,89130,317,1.6,0.26,0,0.26,0
1942708,2024-03-22 00:00:00,15,87175,317,0.61,1.75,1.74,0,0
1942709,2024-03-22 00:00:00,16,87796,375,1.16,2,0,2,0
1942710,2024-03-22 00:00:00,16,87884,324,2.7,13.29,0,13.29,0
1942711,2024-03-22 00:00:00,16,88575,375,1.03,0.03,0.03,0,0
1942712,2024-03-22 00:00:00,11,87711,320,7.73,53.29,1.12,52.16,0
1942713,2024-03-22 00:00:00,18,88400,316,0.7,0.07,0,0,0.07
1942714,2024-03-22 00:00:00,19,86855,378,0.33,0,0,0,0
1942715,2024-03-22 00:00:00,19,89044,322,0.83,0.38,0.38,0,0
1942716,2024-03-22 00:00:00,19,88269,290,1.26,0,0,0,0
1942717,2024-03-22 00:00:00,19,87691,290,2.06,0,0,0,0
1942718,2024-03-22 00:00:00,20,89280,320,2.25,1.52,1.52,0,0
1942719,2024-03-22 00:00:00,21,89215,320,2.48,4.72,0,4.72,0
1942720,2024-03-22 00:00:00,21,90249,374,0.36,0,0,0,0
1942721,2024-03-22 00:00:00,21,86743,320,1.81,1.9,0,1.9,0
1942722,2024-03-22 00:00:00,22,89022,359,1.61,32.52,0.24,32.27,0
1942723,2024-03-22 00:00:00,23,89368,319,0.28,0,0,0,0
1942724,2024-03-22 00:00:00,23,87309,317,1.45,1.61,0.3,1.29,0.01
1942725,2024-03-22 00:00:00,23,87529,320,1.65,3,0,3,0
1942726,2024-03-23 00:00:00,0,88269,290,2.28,0.35,0,0.35,0
1942727,2024-03-23 00:00:00,0,87410,319,0.63,0.1,0,0,0.1
1942728,2024-03-23 00:00:00,0,87691,290,7.48,34.4,34.4,0,0
1942729,2024-03-23 00:00:00,3,86818,374,0.66,0.5,0.5,0,0
1942730,2024-03-23 00:00:00,5,87529,379,2.4,12.28,2.77,9.5,0
1942731,2024-03-23 00:00:00,10,87876,317,0.9,0.05,0,0.05,0
1942732,2024-03-23 00:00:00,11,87786,378,5.61,22.39,22.39,0,0
1942733,2024-03-23 00:00:00,11,86839,375,0.3,0.2,0,0.2,0
1942734,2024-03-23 00:00:00,12,88785,317,0.95,2.08,2.08,0,0
1942735,2024-03-23 00:00:00,12,87692,378,1.76,1.23,1.13,0.1,0
1942736,2024-03-23 00:00:00,13,89909,376,0.93,0.04,0,0.04,0
1942737,2024-03-23 00:00:00,14,90436,317,2.21,4.97,3.7,1.26,0
1942738,2024-03-23 00:00:00,15,89088,309,1.93,0.52,0,0.52,0
1942739,2024-03-23 00:00:00,16,89321,334,0.48,0,0,0,0
1942740,2024-03-23 00:00:00,16,86929,376,1.38,0.3,0,0.3,0
1942741,2024-03-23 00:00:00,16,89102,373,3.83,3.53,3.53,0,0
1942742,2024-03-23 00:00:00,17,88905,319,1.25,0.07,0.07,0,0
1942743,2024-03-23 00:00:00,17,89012,320,1.66,1.22,0,1.22,0
1942744,2024-03-23 00:00:00,18,87407,341,2.01,0.21,0.21,0,0
1942745,2024-03-23 00:00:00,18,88081,316,0.7,0.02,0,0,0.02
1942746,2024-03-23 00:00:00,18,87529,320,4.8,34.56,6.3,28.26,0
1942747,2024-03-23 00:00:00,18,90065,319,0.73,0,0,0,0
1942748,2024-03-23 00:00:00,18,87529,378,6.26,0,0,0,0
1942749,2024-03-23 00:00:00,19,89516,373,0.85,0.8,0.2,0.59,0
1942750,2024-03-23 00:00:00,19,88087,320,1.23,0.02,0,0.02,0
1942751,2024-03-23 00:00:00,20,87529,320,5.23,0.03,0,0.03,0
1942752,2024-03-23 00:00:00,20,86743,316,0.53,0.05,0,0,0.05
1942753,2024-03-23 00:00:00,20,86547,320,6.08,34.64,4.18,30.46,0
1942754,2024-03-23 00:00:00,21,86818,320,2.36,2,0.5,1.5,0
1942755,2024-03-23 00:00:00,21,86743,320,3.16,22.3,0,22.3,0
1942756,2024-03-23 00:00:00,21,88471,372,2.08,1.42,1.08,0.34,0
1942757,2024-03-23 00:00:00,21,88135,359,2.63,1.11,0.18,0.93,0
1942758,2024-03-23 00:00:00,23,90436,317,3.46,3.65,0,3.65,0
1942759,2024-03-24 00:00:00,0,87858,320,1.55,2,1,1,0
1942760,2024-03-24 00:00:00,1,89557,320,1.6,4.9,0,4.9,0
1942761,2024-03-24 00:00:00,2,89707,376,1.6,0.11,0,0,0.11
1942762,2024-03-24 00:00:00,2,90392,359,2.58,5.95,0.1,5.85,0
1942763,2024-03-24 00:00:00,1,89280,320,2.43,0.73,0.73,0,0
1942764,2024-03-24 00:00:00,10,89997,320,1.66,0.8,0,0.8,0
1942765,2024-03-24 00:00:00,10,88706,375,1.86,0.04,0,0.04,0
1942766,2024-03-24 00:00:00,10,87533,320,2.08,6.18,2.47,3.7,0
1942767,2024-03-24 00:00:00,11,90376,320,2.41,1,0,1,0
1942768,2024-03-24 00:00:00,11,88078,324,2.68,6,1,5,0
1942769,2024-03-24 00:00:00,12,89861,358,1.13,0,0,0,0
1942770,2024-03-24 00:00:00,12,90376,320,1.45,0.61,0,0.61,0
1942771,2024-03-24 00:00:00,12,89645,322,1.71,0.5,0.1,0.4,0
1942772,2024-03-24 00:00:00,13,88228,317,5.55,4.38,4.38,0,0
1942773,2024-03-24 00:00:00,14,88386,288,0.61,0.12,0,0.12,0
1942774,2024-03-24 00:00:00,15,87183,320,3.56,1.5,0.7,0.8,0
1942775,2024-03-24 00:00:00,15,89472,319,1.9,0.88,0.88,0,0
1942776,2024-03-24 00:00:00,15,86538,317,1.73,0,0,0,0
1942777,2024-03-24 00:00:00,15,90376,320,3.45,1,0,1,0
1942778,2024-03-24 00:00:00,15,90251,288,1.83,0.54,0,0.54,0
1942779,2024-03-24 00:00:00,16,88267,320,1.66,0.92,0,0.92,0
1942780,2024-03-24 00:00:00,17,89152,378,0.56,0.19,0,0.19,0
1942781,2024-03-24 00:00:00,17,90154,320,2.21,1,0,1,0
1942782,2024-03-24 00:00:00,17,87884,322,1.1,0.15,0,0.15,0
1942783,2024-03-24 00:00:00,17,86548,320,1.58,0,0,0,0
1942784,2024-03-24 00:00:00,18,86694,309,2.45,0.5,0,0.5,0
1942785,2024-03-24 00:00:00,18,88185,320,3.85,19.2,7.4,11.8,0
1942786,2024-03-24 00:00:00,19,86948,319,0.6,0.1,0,0,0.1
1942787,2024-03-24 00:00:00,19,88551,320,4.58,6,0.03,5.97,0
1942788,2024-03-24 00:00:00,20,87444,321,1.75,1,0,1,0
1942789,2024-03-24 00:00:00,20,89920,375,3.5,4.37,3.12,1.25,0
1942790,2024-03-24 00:00:00,20,90392,359,1.78,4.13,0.17,3.95,0
1942791,2024-03-24 00:00:00,21,87299,320,1.25,0.9,0,0.9,0
1942792,2024-03-24 00:00:00,21,90239,321,0.4,0.05,0.05,0,0
1942793,2024-03-24 00:00:00,22,90062,378,0.35,0.03,0,0.03,0
1942794,2024-03-24 00:00:00,23,86694,379,6.61,15.15,0,15.15,0
1942795,2024-03-24 00:00:00,23,87272,319,4.03,3.44,3.44,0,0
1942796,2024-03-25 00:00:00,3,89094,320,8.06,25,0,25,0
1942797,2024-03-25 00:00:00,19,87368,376,0.4,0.05,0,0.05,0
1942798,2024-04-04 00:00:00,13,88471,319,1.88,0.03,0.03,0,0
1942799,2024-04-04 00:00:00,19,87984,367,0.58,0.24,0.24,0,0
1942800,2024-04-04 00:00:00,21,90101,374,0.71,0.1,0,0.1,0
1942801,2024-04-05 00:00:00,12,88567,317,1.56,0.58,0,0.58,0
1942802,2024-04-05 00:00:00,13,87398,341,0.81,0.37,0,0.37,0
1942803,2024-04-05 00:00:00,14,88350,319,1.21,1,1,0,0
1942804,2024-04-05 00:00:00,14,90229,334,0.65,0,0,0,0
1942805,2024-04-05 00:00:00,14,89197,317,0.6,1.26,1.26,0,0
1942806,2024-04-05 00:00:00,15,89386,317,1.05,2.1,2.1,0,0
1942807,2024-04-05 00:00:00,15,89432,317,1.78,0.52,0.52,0,0
1942808,2024-04-05 00:00:00,16,89122,288,1.2,1.39,1.39,0,0
1942809,2024-04-05 00:00:00,16,88507,375,2.73,0.43,0,0.43,0
1942810,2024-04-05 00:00:00,16,87786,378,4.4,22.39,10.19,12.2,0
1942811,2024-04-05 00:00:00,16,89476,319,1.06,0.2,0,0.2,0
1942812,2024-04-05 00:00:00,17,89510,319,0.65,0.49,0,0,0.49
1942813,2024-04-05 00:00:00,17,88526,320,7.48,16.84,6.47,10.37,0
1942814,2024-04-05 00:00:00,17,88516,374,4.26,11.67,1.87,9.65,0.14
1942815,2024-04-05 00:00:00,18,87657,319,0.5,0.01,0,0.01,0
1942816,2024-04-05 00:00:00,18,90162,378,0.45,0,0,0,0
1942817,2024-04-05 00:00:00,18,87505,314,0.78,0.12,0,0.12,0
1942818,2024-04-05 00:00:00,19,89354,317,1.18,1.22,0,1.22,0
1942819,2024-04-05 00:00:00,19,90357,314,0.56,0,0,0,0
1942820,2024-04-05 00:00:00,19,89378,318,0.06,0.01,0,0.01,0
1942821,2024-04-05 00:00:00,20,88313,320,1.93,9.48,0,9.48,0
1942822,2024-04-05 00:00:00,22,86836,376,1.4,1.2,0.16,1.03,0
1942823,2024-04-06 00:00:00,0,89467,290,1.26,12.1,0,12.1,0
1942824,2024-04-06 00:00:00,3,88423,375,1.48,0.01,0,0.01,0
1942825,2024-04-07 00:00:00,8,89254,378,0.55,0,0,0,0
1942826,2024-04-07 00:00:00,22,89150,345,0.38,0,0,0,0
1942827,2024-04-08 00:00:00,15,86516,317,0.78,0.01,0.01,0,0
1942828,2024-04-09 00:00:00,13,90431,341,0.76,0.4,0,0.4,0
1942829,2024-04-09 00:00:00,17,88213,319,1.48,2.66,2.66,0,0
1942830,2024-04-10 00:00:00,9,89322,319,0.53,0,0,0,0
1942831,2024-04-10 00:00:00,12,89459,317,0.48,0,0,0,0
1942832,2024-04-10 00:00:00,13,89844,317,1.18,0.65,0.65,0,0
1942833,2024-04-10 00:00:00,13,87351,378,0.83,0.03,0,0.03,0
1942834,2024-04-10 00:00:00,13,87356,366,0.28,0,0,0,0
1942835,2024-04-10 00:00:00,16,87691,290,3.15,2.7,2.7,0,0
1942836,2024-04-10 00:00:00,16,88386,288,0.55,0.17,0,0.17,0
1942837,2024-04-11 00:00:00,13,90065,376,0.68,0.08,0.08,0,0
1942838,2024-04-11 00:00:00,14,90274,319,0.66,0.3,0.01,0.29,0
1942839,2024-04-11 00:00:00,17,88520,317,0.76,0.09,0,0.09,0
1942840,2024-04-11 00:00:00,20,87509,317,0.38,0.36,0,0.36,0
1942841,2024-04-11 00:00:00,21,90303,319,0.75,0,0,0,0
1942842,2024-04-12 00:00:00,9,89127,317,1.06,0,0,0,0
1942843,2024-04-12 00:00:00,10,87469,317,0.71,0.3,0.15,0.15,0
1942844,2024-04-12 00:00:00,11,89947,319,0.98,0.24,0,0.24,0
1942845,2024-04-12 00:00:00,13,87692,378,1.06,0.21,0.21,0,0
1942846,2024-04-12 00:00:00,14,86694,320,6.43,33.6,4.18,29.41,0
1942847,2024-04-12 00:00:00,14,86507,319,1.23,1.6,1.6,0,0
1942848,2024-04-12 00:00:00,14,88869,378,1.26,1.2,1.2,0,0
1942849,2024-04-12 00:00:00,16,86609,322,0.83,0.01,0,0,0.01
1942850,2024-04-12 00:00:00,17,89667,341,0.41,0.4,0,0,0.4
1942851,2024-04-12 00:00:00,20,88386,295,0.28,0,0,0,0
1942852,2024-04-12 00:00:00,21,87249,376,1.68,0.16,0.16,0,0
1942853,2024-04-12 00:00:00,23,87505,290,2.4,0,0,0,0
1942854,2024-04-12 00:00:00,23,88977,376,1.55,0.69,0.69,0,0
1942855,2024-04-13 00:00:00,12,89401,317,7.6,20.68,3,17.68,0
1942856,2024-04-13 00:00:00,13,88876,319,0.61,0.05,0,0.05,0
1942857,2024-04-13 00:00:00,13,87630,316,1.01,0.02,0,0.02,0
1942858,2024-04-13 00:00:00,13,86965,319,2.55,0.38,0.38,0,0
1942859,2024-04-13 00:00:00,15,90281,319,2.15,0.2,0,0.2,0
1942860,2024-04-13 00:00:00,15,87257,378,0.21,0,0,0,0
1942861,2024-04-13 00:00:00,15,87492,317,3.55,1.77,1.77,0,0
1942862,2024-04-13 00:00:00,15,87733,319,0.48,0,0,0,0
1942863,2024-04-13 00:00:00,16,90377,317,0.53,0.05,0,0.05,0
1942864,2024-04-13 00:00:00,16,87590,316,0.73,0.01,0,0.01,0
1942865,2024-04-13 00:00:00,17,88313,320,1.2,1.22,0,1.22,0
1942866,2024-04-13 00:00:00,17,89238,316,0.61,0,0,0,0
1942867,2024-04-13 00:00:00,17,87809,374,1.01,0.13,0,0.13,0
1942868,2024-04-13 00:00:00,18,88832,319,1.2,0.28,0.28,0,0
1942869,2024-04-13 00:00:00,22,87533,320,1.33,4.97,0.19,4.77,0
1942870,2024-04-13 00:00:00,23,87410,374,0.93,0.21,0,0.21,0
1942871,2024-04-14 00:00:00,12,88319,374,1.26,0.01,0,0.01,0
1942872,2024-04-14 00:00:00,14,89306,319,1.06,0.47,0,0.47,0
1942873,2024-04-14 00:00:00,15,89163,376,0.63,0.02,0,0.02,0
1942874,2024-04-14 00:00:00,15,90219,376,0.95,0.02,0.02,0,0
1942875,2024-04-14 00:00:00,16,87388,319,0.73,0,0,0,0
1942876,2024-04-14 00:00:00,16,87656,374,0.55,0.04,0,0.04,0
1942877,2024-04-14 00:00:00,17,89997,320,1,0.7,0,0.7,0
1942878,2024-04-14 00:00:00,17,90251,288,0.98,0.15,0,0.15,0
1942879,2024-04-14 00:00:00,17,87581,340,0.25,0.2,0,0.2,0
1942880,2024-04-14 00:00:00,17,89729,374,1.26,0.11,0,0.11,0
1942881,2024-04-14 00:00:00,19,87217,376,3.91,0.03,0.03,0,0
1942882,2024-04-14 00:00:00,21,88978,320,1.28,0.63,0,0.63,0
1942883,2024-04-14 00:00:00,21,87505,290,2.45,0.12,0,0.12,0
1942884,2024-04-14 00:00:00,22,90374,376,0.95,0.01,0,0.01,0
1942885,2024-04-15 00:00:00,7,87615,319,1.53,0.03,0,0.03,0
1942886,2024-04-15 00:00:00,11,89931,374,0.71,0,0,0,0
1942887,2024-04-15 00:00:00,12,88738,322,0.56,0.01,0,0,0.01
1942888,2024-04-15 00:00:00,15,87890,319,0.65,0.06,0,0,0.06
1942889,2024-04-15 00:00:00,16,89993,317,0.56,0.2,0,0.2,0
1942890,2024-04-15 00:00:00,17,88515,319,3.58,2.39,2.39,0,0
1942891,2024-04-15 00:00:00,19,88970,370,2.65,0,0,0,0
1942892,2024-04-15 00:00:00,19,87664,320,1.43,1,0,1,0
1942893,2024-04-15 00:00:00,20,89233,320,0.7,0.5,0,0.5,0
1942894,2024-04-15 00:00:00,20,86727,378,0.68,0,0,0,0
1942895,2024-04-15 00:00:00,23,90303,376,1.53,0.01,0,0.01,0
1942896,2024-04-16 00:00:00,0,89729,320,0.88,0.3,0,0.3,0
1942897,2024-04-16 00:00:00,0,87350,375,0.35,0.07,0.07,0,0
1942898,2024-04-16 00:00:00,1,87350,375,0.61,0.06,0.06,0,0
1942899,2024-04-16 00:00:00,8,90303,376,1.1,0.01,0,0.01,0
1942900,2024-04-16 00:00:00,10,87664,320,2.63,0.5,0,0.5,0
1942901,2024-04-16 00:00:00,11,90251,288,0.45,0.33,0,0.33,0
1942902,2024-04-16 00:00:00,14,89233,320,1.23,2,0,2,0
1942903,2024-04-16 00:00:00,15,87345,317,0.6,0.04,0.01,0.02,0
1942904,2024-04-16 00:00:00,15,90345,317,1.13,0.44,0,0.44,0
1942905,2024-04-16 00:00:00,16,89202,316,0.5,0.75,0.75,0,0
1942906,2024-04-16 00:00:00,17,88386,288,0.71,0.09,0,0.09,0
1942907,2024-04-16 00:00:00,18,90251,288,1.26,0.76,0,0.76,0
1942908,2024-04-16 00:00:00,19,89575,374,0.66,0.5,0.5,0,0
1942909,2024-04-16 00:00:00,20,88289,320,1.5,0.46,0,0.46,0
1942910,2024-04-16 00:00:00,21,87337,378,0.63,0,0,0,0
1942911,2024-04-16 00:00:00,22,86818,374,0.55,1,0,1,0
1942912,2024-04-16 00:00:00,22,89233,320,5.66,40.61,21.29,19.31,0
1942913,2024-04-16 00:00:00,23,88319,374,3.96,6.33,2.5,3.83,0
1942914,2024-04-17 00:00:00,0,88169,290,1.73,0.15,0,0.15,0
1942915,2024-04-17 00:00:00,0,87350,375,0.6,0.21,0.21,0,0
1942916,2024-04-17 00:00:00,0,87789,375,2.43,2.62,0,2.62,0
1942917,2024-04-17 00:00:00,12,89105,319,0.85,0.08,0,0,0.08
1942918,2024-04-17 00:00:00,12,86718,378,3.53,2.62,0,2.62,0
1942919,2024-04-17 00:00:00,13,89233,379,1.75,0.05,0,0.05,0
1942920,2024-04-17 00:00:00,13,86675,319,0.28,0.11,0,0,0.11
1942921,2024-04-17 00:00:00,14,90049,317,6.03,0.35,0,0.35,0
1942922,2024-04-17 00:00:00,15,88348,290,1.08,0.01,0,0.01,0
1942923,2024-04-17 00:00:00,16,87298,316,0.78,0.27,0,0,0.27
1942924,2024-04-17 00:00:00,17,89233,379,1.31,4,1,3,0
1942925,2024-04-17 00:00:00,17,87023,312,0.56,0.02,0,0,0.02
1942926,2024-04-17 00:00:00,17,89450,376,0.28,0,0,0,0
1942927,2024-04-17 00:00:00,21,86818,374,1.1,3,3,0,0
1942928,2024-04-17 00:00:00,22,89600,290,1.73,0.08,0,0.08,0
1942929,2024-04-18 00:00:00,3,89669,374,0.66,0.6,0.6,0,0
1942930,2024-04-18 00:00:00,9,90219,376,0.68,0.04,0,0.04,0
1942931,2024-04-18 00:00:00,10,87228,346,0.25,0,0,0,0
1942932,2024-04-18 00:00:00,12,89734,320,6.13,19.68,5.97,13.71,0
1942933,2024-04-18 00:00:00,13,87438,319,0.7,0.09,0,0.09,0
1942934,2024-04-18 00:00:00,13,89061,345,0.11,0,0,0,0
1942935,2024-04-18 00:00:00,15,87345,375,1.48,0.35,0.3,0.05,0
1942936,2024-04-18 00:00:00,15,89814,376,1.28,0,0,0,0
1942937,2024-04-18 00:00:00,15,88386,288,2.38,2.69,2.69,0,0
1942938,2024-04-18 00:00:00,16,87690,317,1.78,0.6,0,0.6,0
1942939,2024-04-18 00:00:00,16,87459,316,0.16,0,0,0,0
1942940,2024-04-18 00:00:00,16,89729,320,4.56,4,0.5,3.5,0
1942941,2024-04-18 00:00:00,22,90065,319,1.11,0.03,0,0.03,0
1942942,2024-04-19 00:00:00,6,86929,376,0.38,0.04,0,0.04,0
1942943,2024-04-19 00:00:00,7,87597,319,0.71,0.03,0,0.03,0
1942944,2024-04-19 00:00:00,8,90007,320,4.58,4.19,0.2,3.99,0
1942945,2024-04-19 00:00:00,9,88554,374,0.41,0,0,0,0
1942946,2024-04-19 00:00:00,10,87378,319,0.65,0.16,0,0.16,0
1942947,2024-04-19 00:00:00,10,87681,319,0.55,0.02,0,0.02,0
1942948,2024-04-19 00:00:00,11,86931,319,1.1,0.04,0,0,0.04
1942949,2024-04-19 00:00:00,12,87011,319,0.63,0.08,0,0.04,0.04
1942950,2024-04-19 00:00:00,12,87868,375,1.25,0.02,0,0.02,0
1942951,2024-04-19 00:00:00,13,88040,319,0.68,0.02,0.02,0,0
1942952,2024-04-19 00:00:00,13,87065,378,0.75,0.16,0,0,0.16
1942953,2024-04-19 00:00:00,15,87184,308,1.1,0.01,0,0.01,0
1942954,2024-04-19 00:00:00,15,90110,378,0.33,0,0,0,0
1942955,2024-04-19 00:00:00,15,89351,376,3.15,3.95,3.95,0,0
1942956,2024-04-19 00:00:00,16,89346,341,0.5,0.06,0,0,0.06
1942957,2024-04-19 00:00:00,16,89057,317,1.93,3.04,0.88,2.14,0.01
1942958,2024-04-19 00:00:00,17,87064,319,1.15,0.13,0,0.13,0
1942959,2024-04-19 00:00:00,17,90122,378,2.56,1.29,1.29,0,0
1942960,2024-04-19 00:00:00,18,86883,317,0.51,0.05,0,0.05,0
1942961,2024-04-19 00:00:00,20,88471,373,1.1,1.44,0.87,0.57,0
1942962,2024-04-19 00:00:00,20,87075,317,0.78,0.03,0,0.03,0
1942963,2024-04-20 00:00:00,1,86645,375,0.9,0,0,0,0
1942964,2024-04-20 00:00:00,3,89082,376,2.13,0.25,0,0.25,0
1942965,2024-04-20 00:00:00,8,89575,374,2.58,1,1,0,0
1942966,2024-04-20 00:00:00,10,88879,374,2.45,3,1.5,1.5,0
1942967,2024-04-20 00:00:00,10,87664,320,0.63,0.5,0,0.5,0
1942968,2024-04-20 00:00:00,14,88320,319,0.73,0.5,0.5,0,0
1942969,2024-04-20 00:00:00,14,89575,317,1.05,0.5,0,0.5,0
1942970,2024-04-20 00:00:00,14,89501,378,2.78,0.52,0.52,0,0
1942971,2024-04-20 00:00:00,14,88333,317,1.85,0.1,0.1,0,0
1942972,2024-04-20 00:00:00,14,87460,376,2.3,0.93,0.78,0.15,0
1942973,2024-04-20 00:00:00,15,87664,320,1.6,2,0,2,0
1942974,2024-04-20 00:00:00,15,90021,376,0.3,0.01,0,0,0.01
1942975,2024-04-20 00:00:00,16,87129,319,3.18,2,2,0,0
1942976,2024-04-20 00:00:00,16,89503,375,2.23,0.06,0.06,0,0
1942977,2024-04-20 00:00:00,18,87708,376,0.65,0,0,0,0
1942978,2024-04-20 00:00:00,18,89863,320,1.53,7.47,0,7.47,0
1942979,2024-04-20 00:00:00,19,88879,379,0.53,0.08,0,0.08,0
1942980,2024-04-20 00:00:00,20,86843,317,1.2,0.01,0,0.01,0
1942981,2024-04-20 00:00:00,22,89863,374,1.16,0,0,0,0
1942982,2024-04-20 00:00:00,23,90231,318,0.35,0.01,0,0.01,0
1942983,2024-04-21 00:00:00,8,88706,375,3.33,48.58,2.56,46.01,0
1942984,2024-04-21 00:00:00,9,86527,319,2.51,0.65,0.65,0,0
1942985,2024-04-21 00:00:00,9,87952,317,0.41,0.03,0,0.03,0
1942986,2024-04-21 00:00:00,10,88889,375,2.93,1.09,0.55,0,0.54
1942987,2024-04-21 00:00:00,12,87199,316,0.71,0.04,0,0.04,0
1942988,2024-04-21 00:00:00,12,89729,320,1.93,1,0,1,0
1942989,2024-04-21 00:00:00,12,90443,378,0.35,0.01,0,0.01,0
1942990,2024-04-21 00:00:00,13,89575,374,6.2,5,2,3,0
1942991,2024-04-21 00:00:00,13,88879,320,4.86,1,0,1,0
1942992,2024-04-21 00:00:00,15,87772,317,4,9.11,9.11,0,0
1942993,2024-04-21 00:00:00,15,88027,319,0.68,0.01,0,0.01,0
1942994,2024-04-21 00:00:00,15,89567,290,1.41,0.3,0,0.3,0
1942995,2024-04-21 00:00:00,16,90229,334,0.56,0,0,0,0
1942996,2024-04-21 00:00:00,17,89377,317,1.38,0,0,0,0
1942997,2024-04-21 00:00:00,17,90251,288,0.81,0.01,0,0.01,0
1942998,2024-04-21 00:00:00,17,89935,374,0.53,0.01,0,0.01,0
1942999,2024-04-21 00:00:00,17,87290,376,1.9,0.65,0.65,0,0
1943000,2024-04-21 00:00:00,18,86694,320,0.71,0.5,0,0.5,0
1943001,2024-04-21 00:00:00,19,87777,319,0.25,0,0,0,0
1943002,2024-04-21 00:00:00,19,87025,376,0.78,0.15,0,0.15,0
1943003,2024-04-21 00:00:00,20,87980,374,1.86,0.9,0,0.9,0
1943004,2024-04-21 00:00:00,20,86505,375,0.36,0.03,0,0.03,0
1943005,2024-04-21 00:00:00,20,88889,379,1.28,0.03,0,0.03,0
1943006,2024-04-21 00:00:00,21,89253,320,4.38,3,1,2,0
1943007,2024-04-21 00:00:00,22,88135,375,2.06,0.06,0.06,0,0
1943008,2024-04-21 00:00:00,22,88469,376,1.9,0,0,0,0
1943009,2024-04-21 00:00:00,22,89233,320,0.28,0.01,0,0.01,0
1943010,2024-04-22 00:00:00,2,89377,317,0.66,0.01,0.01,0,0
1943011,2024-04-22 00:00:00,5,88185,322,2.08,0.14,0,0.14,0
1943012,2024-04-22 00:00:00,7,88162,320,2.8,9.21,1.71,7.44,0.05
1943013,2024-04-22 00:00:00,8,89931,320,4.78,6,0,6,0
1943014,2024-04-22 00:00:00,9,88135,375,2.21,2.05,2.05,0,0
1943015,2024-04-22 00:00:00,10,90122,376,0.8,0.05,0,0.05,0
1943016,2024-04-22 00:00:00,12,86985,376,1.1,0.02,0.01,0.01,0
1943017,2024-04-22 00:00:00,13,90363,317,0.53,0.35,0,0.35,0
1943018,2024-04-22 00:00:00,13,89821,319,0.53,0.95,0.95,0,0
1943019,2024-04-22 00:00:00,14,88534,317,0.93,0.03,0,0.03,0
1943020,2024-04-22 00:00:00,14,88333,379,0.68,0.1,0,0.1,0
1943021,2024-04-22 00:00:00,14,89458,319,4.78,1.28,1.28,0,0
1943022,2024-04-22 00:00:00,14,88675,319,1.3,0.11,0.11,0,0
1943023,2024-04-22 00:00:00,14,87730,319,0.71,0.05,0.02,0.02,0
1943024,2024-04-22 00:00:00,14,87634,319,1.11,0.05,0,0,0.05
1943025,2024-04-22 00:00:00,15,89651,319,0.38,0.51,0,0,0.51
1943026,2024-04-22 00:00:00,15,89729,320,1.6,1.4,0,1.4,0
1943027,2024-04-22 00:00:00,16,89863,347,6.4,37.18,0,37.18,0
1943028,2024-04-22 00:00:00,16,86565,319,0.4,0.01,0,0,0.01
1943029,2024-04-22 00:00:00,16,88816,319,0.38,0.05,0,0,0.05
1943030,2024-04-22 00:00:00,17,87368,376,0.8,0.01,0,0.01,0
1943031,2024-04-22 00:00:00,17,88270,376,1.48,0.24,0,0.24,0
1943032,2024-04-22 00:00:00,18,90358,290,0.68,0.04,0,0.04,0
1943033,2024-04-22 00:00:00,18,88434,320,0.55,0.01,0,0.01,0
1943034,2024-04-22 00:00:00,18,90219,376,1.58,2.69,0,2.69,0
1943035,2024-04-22 00:00:00,21,90127,374,0.75,2.25,1.06,1.11,0.07
1943036,2024-04-22 00:00:00,21,89863,320,6.38,21.53,3.31,18.21,0
1943037,2024-04-22 00:00:00,21,88289,320,6.58,5,0,5,0
1943038,2024-04-22 00:00:00,23,87320,374,0.6,0.01,0.01,0,0
1943039,2024-04-22 00:00:00,23,90109,374,1.73,2.51,0.85,1.66,0
1943040,2024-04-23 00:00:00,0,90007,320,1.11,0.3,0,0.3,0
1943041,2024-04-23 00:00:00,0,86818,374,1,0.5,0.5,0,0
1943042,2024-04-23 00:00:00,7,88289,320,1.15,50.69,0.41,50.28,0
1943043,2024-04-23 00:00:00,7,89674,376,1.11,0.25,0.1,0.15,0
1943044,2024-04-23 00:00:00,10,88333,379,0.91,0.1,0,0.1,0
1943045,2024-04-23 00:00:00,12,87533,320,1.41,25.58,0,25.58,0
1943046,2024-04-23 00:00:00,12,90232,317,1.05,0.35,0,0.35,0
1943047,2024-04-23 00:00:00,13,87531,374,0.36,0.07,0,0.07,0
1943048,2024-04-23 00:00:00,13,89928,319,0.45,0,0,0,0
1943049,2024-04-23 00:00:00,13,89998,319,2.36,0.1,0,0.1,0
1943050,2024-04-23 00:00:00,13,88465,290,0.38,0,0,0,0
1943051,2024-04-23 00:00:00,13,89858,345,0.71,0,0,0,0
1943052,2024-04-23 00:00:00,14,89450,376,0.73,0.02,0.02,0,0
1943053,2024-04-23 00:00:00,14,87073,376,2.51,1.93,1.93,0,0
1943054,2024-04-23 00:00:00,15,87338,319,0.55,0.12,0,0,0.12
1943055,2024-04-23 00:00:00,15,87373,312,0.46,0.08,0,0,0.08
1943056,2024-04-23 00:00:00,15,89674,376,0.28,0.05,0,0.05,0
1943057,2024-04-23 00:00:00,15,89292,319,0.15,0.16,0,0,0.16
1943058,2024-04-23 00:00:00,15,88860,374,0.45,0,0,0,0
1943059,2024-04-23 00:00:00,15,89883,319,0.8,0.02,0,0.02,0
1943060,2024-04-23 00:00:00,16,88556,317,0.91,0.04,0,0.04,0
1943061,2024-04-23 00:00:00,16,87740,378,1.18,0.15,0,0.15,0
1943062,2024-04-23 00:00:00,18,89671,317,1.1,0.3,0,0.3,0
1943063,2024-04-23 00:00:00,19,87732,374,0.43,0.01,0.01,0,0
1943064,2024-04-23 00:00:00,19,89286,376,1.2,0.05,0,0.05,0
1943065,2024-04-23 00:00:00,20,87858,375,5.38,3,3,0,0
1943066,2024-04-23 00:00:00,20,90281,379,0.86,0.75,0.75,0,0
1943067,2024-04-23 00:00:00,21,90281,376,0.63,0.75,0.75,0,0
1943068,2024-04-23 00:00:00,21,86949,320,3.71,15.11,8.47,6.63,0
1943069,2024-04-24 00:00:00,0,89012,374,0.56,0.2,0.02,0.18,0
1943070,2024-04-24 00:00:00,0,87533,375,6.05,12.42,7.97,4.44,0
1943071,2024-04-24 00:00:00,4,90225,290,5.23,3.44,2,1.44,0
1943072,2024-04-24 00:00:00,6,87407,374,1.4,0.6,0.6,0,0
1943073,2024-04-24 00:00:00,8,87690,317,0.95,0.1,0,0.1,0
1943074,2024-04-24 00:00:00,10,90392,320,3.41,4.03,0,4.03,0
1943075,2024-04-24 00:00:00,10,87533,320,4.81,12.42,2.7,9.71,0
1943076,2024-04-24 00:00:00,11,87655,317,0.8,0.01,0,0.01,0
1943077,2024-04-24 00:00:00,11,89997,309,0.55,0.2,0,0.2,0
1943078,2024-04-24 00:00:00,12,86744,320,4.61,5.56,0,5.56,0
1943079,2024-04-24 00:00:00,12,89057,320,1.46,0.29,0,0.29,0
1943080,2024-04-24 00:00:00,13,89218,317,0.56,0,0,0,0
1943081,2024-04-24 00:00:00,14,89837,341,0.5,0,0,0,0
1943082,2024-04-24 00:00:00,15,86958,376,1.85,0.37,0.37,0,0
1943083,2024-04-24 00:00:00,15,90339,375,0.26,0.05,0.05,0,0
1943084,2024-04-24 00:00:00,15,89821,379,1.46,0.26,0,0.26,0
1943085,2024-04-24 00:00:00,15,87368,376,0.45,0.4,0.4,0,0
1943086,2024-04-24 00:00:00,17,86672,341,0.88,0.02,0,0.02,0
1943087,2024-04-24 00:00:00,18,88600,317,1.11,2.19,0,2.19,0
1943088,2024-04-24 00:00:00,18,88339,290,0.76,0,0,0,0
1943089,2024-04-24 00:00:00,18,89807,317,2.98,3.4,2.43,0.96,0
1943090,2024-04-24 00:00:00,18,88728,373,0.75,0,0,0,0
1943091,2024-04-24 00:00:00,18,87020,317,0.8,0.12,0.12,0,0
1943092,2024-04-24 00:00:00,21,89645,374,3.28,9.75,0.4,9.35,0
1943093,2024-04-24 00:00:00,21,88627,320,2.25,1.18,0.31,0.87,0
1943094,2024-04-24 00:00:00,21,89645,374,8.41,18.25,10.37,7.88,0
1943095,2024-04-24 00:00:00,21,90127,320,2.23,2.62,0.7,1.92,0
1943096,2024-04-24 00:00:00,21,88874,320,2.8,0.4,0.4,0,0
1943097,2024-04-24 00:00:00,21,86699,317,0.78,0.04,0,0.04,0
1943098,2024-04-24 00:00:00,22,87410,374,1.1,0.24,0,0.24,0
1943099,2024-04-24 00:00:00,23,90374,376,1.01,0.05,0,0.05,0
1943100,2024-04-24 00:00:00,23,90055,316,1.15,0,0,0,0
1943101,2024-04-25 00:00:00,0,89409,325,0.81,0,0,0,0
1943102,2024-04-25 00:00:00,2,89046,320,8.31,13.9,1.78,12.11,0
1943103,2024-04-25 00:00:00,4,89501,378,1.28,1.95,1.95,0,0
1943104,2024-04-25 00:00:00,8,87056,378,1.01,0,0,0,0
1943105,2024-04-25 00:00:00,10,87636,317,1.88,0,0,0,0
1943106,2024-04-25 00:00:00,10,89318,376,0.83,0.1,0,0.1,0
1943107,2024-04-25 00:00:00,11,89214,288,1.38,0.1,0,0.1,0
1943108,2024-04-25 00:00:00,12,88165,317,0.93,0,0,0,0
1943109,2024-04-25 00:00:00,13,88874,379,1.11,0.02,0.02,0,0
1943110,2024-04-25 00:00:00,13,88460,317,0.6,0.03,0,0,0.03
1943111,2024-04-25 00:00:00,13,87385,319,1.06,0.13,0,0.13,0
1943112,2024-04-25 00:00:00,13,87176,317,0.63,0.67,0.5,0.17,0
1943113,2024-04-25 00:00:00,14,86894,320,2.73,4.31,0.03,4.28,0
1943114,2024-04-25 00:00:00,14,89237,290,0.7,0.12,0,0.12,0
1943115,2024-04-25 00:00:00,14,87251,319,0.6,0.01,0,0.01,0
1943116,2024-04-25 00:00:00,14,90281,379,0.55,0.01,0,0.01,0
1943117,2024-04-25 00:00:00,15,86974,310,0.8,0.02,0,0.02,0
1943118,2024-04-25 00:00:00,15,87219,374,2.41,0.14,0.1,0.04,0
1943119,2024-04-25 00:00:00,15,90339,376,0.51,0,0,0,0
1943120,2024-04-25 00:00:00,15,89082,376,1.05,0.21,0,0.21,0
1943121,2024-04-25 00:00:00,15,89863,320,1.08,1.1,0,1.1,0
1943122,2024-04-25 00:00:00,16,89494,378,0.38,0.15,0.05,0.1,0
1943123,2024-04-25 00:00:00,16,87972,317,3.28,1.38,1.38,0,0
1943124,2024-04-25 00:00:00,16,88164,376,1.13,0.3,0.3,0,0
1943125,2024-04-25 00:00:00,16,89488,319,1.11,0,0,0,0
1943126,2024-04-25 00:00:00,17,88725,319,2.68,0.21,0.04,0.17,0
1943127,2024-04-25 00:00:00,17,90434,378,0.63,0.12,0.12,0,0
1943128,2024-04-25 00:00:00,17,89218,316,0.45,0.03,0,0,0.03
1943129,2024-04-25 00:00:00,18,88515,379,1.46,0.25,0,0.25,0
1943130,2024-04-25 00:00:00,19,90392,320,1.05,0.15,0,0.15,0
1943131,2024-04-25 00:00:00,20,88050,338,1.08,0,0,0,0
1943132,2024-04-25 00:00:00,21,89309,378,3.75,0.14,0.07,0,0.06
1943133,2024-04-26 00:00:00,11,87795,319,0.43,0.06,0,0.06,0
1943134,2024-04-26 00:00:00,12,88928,319,1.85,0.05,0.04,0,0
1943135,2024-04-26 00:00:00,14,88484,319,0.38,0.02,0.02,0,0
1943136,2024-04-26 00:00:00,14,89746,376,0.9,1.16,1.16,0,0
1943137,2024-04-26 00:00:00,17,89762,345,0.4,0,0,0,0
1943138,2024-04-26 00:00:00,19,88442,332,0.53,0,0,0,0
1943139,2024-04-26 00:00:00,20,88018,370,1.13,0,0,0,0
1943140,2024-04-27 00:00:00,11,87971,376,0.85,0,0,0,0
1943141,2024-04-27 00:00:00,14,89306,319,1.2,1.24,0,0,1.24
1943142,2024-04-28 00:00:00,15,89068,376,0.61,0.04,0,0.04,0
1943143,2024-04-28 00:00:00,17,88299,378,0.26,0,0,0,0
1943144,2024-04-29 00:00:00,12,88132,341,0.35,0.2,0.2,0,0
1943145,2024-04-29 00:00:00,14,90097,316,0.6,0.09,0,0,0.09
1943146,2024-04-29 00:00:00,14,87585,319,0.43,0.11,0,0,0.11
1943147,2024-04-29 00:00:00,14,87277,319,0.38,0,0,0,0
1943148,2024-04-29 00:00:00,14,90414,341,1.05,0.03,0.01,0.02,0
1943149,2024-04-29 00:00:00,14,87379,320,0.38,0.04,0,0.04,0
1943150,2024-04-29 00:00:00,15,89555,317,1.63,2.5,0.5,2,0
1943151,2024-04-29 00:00:00,16,87199,319,0.2,0.07,0,0,0.07
1943152,2024-04-29 00:00:00,16,88485,376,0.95,0,0,0,0
1943153,2024-04-29 00:00:00,16,89633,378,2.75,0.4,0.3,0.1,0
1943154,2024-04-29 00:00:00,16,86844,317,0.4,0.07,0,0.07,0
1943155,2024-04-29 00:00:00,16,88136,317,3.06,2.5,1,1.5,0
1943156,2024-04-29 00:00:00,17,88071,366,0.3,0.01,0,0,0.01
1943157,2024-04-29 00:00:00,17,89147,378,1.28,0.45,0.45,0,0
1943158,2024-04-29 00:00:00,18,88287,317,1.45,1.81,0.22,1.59,0
1943159,2024-04-29 00:00:00,18,89164,319,0.66,0.11,0,0.11,0
1943160,2024-04-29 00:00:00,18,88252,346,0.81,0.5,0,0,0.5
1943161,2024-05-01 00:00:00,0,89321,378,0.38,0,0,0,0
1943162,2024-05-01 00:00:00,20,87023,322,0.4,0.1,0,0,0.1
1943163,2024-05-02 00:00:00,10,89124,334,0.4,0.01,0,0,0.01
1943164,2024-05-03 00:00:00,14,87360,378,1.33,0.04,0.04,0,0
1943165,2024-05-03 00:00:00,18,88071,376,0.21,0,0,0,0
1943166,2024-05-03 00:00:00,19,90189,316,3.01,0.1,0,0.1,0
1943167,2024-05-05 00:00:00,1,89591,309,0.95,0,0,0,0
1943168,2024-05-06 00:00:00,14,88999,319,0.38,0.8,0,0,0.8
1943169,2024-05-06 00:00:00,14,88298,319,0.36,0.17,0,0,0.17
1943170,2024-05-06 00:00:00,14,87822,376,0.8,0.47,0,0,0.47
1943171,2024-05-06 00:00:00,15,89988,332,0.76,0.52,0.52,0,0
1943172,2024-05-06 00:00:00,19,86652,329,1.23,0.28,0,0.28,0
1943173,2024-05-07 00:00:00,8,87535,319,1.71,0.02,0,0.02,0
1943174,2024-05-07 00:00:00,13,86899,378,0.61,0.09,0,0.09,0
1943175,2024-05-07 00:00:00,14,89174,319,0.41,0.18,0,0,0.18
1943176,2024-05-07 00:00:00,15,88423,317,0.68,0.07,0,0.07,0
1943177,2024-05-07 00:00:00,16,86883,317,0.5,0.08,0.08,0,0
1943178,2024-05-07 00:00:00,16,89102,317,0.75,0.3,0.3,0,0
1943179,2024-05-07 00:00:00,16,89815,333,0.15,0,0,0,0
1943180,2024-05-07 00:00:00,17,87892,345,0.53,0.13,0,0.13,0
1943181,2024-05-08 00:00:00,8,89218,317,0.31,0,0,0,0
1943182,2024-05-08 00:00:00,11,87415,376,0.68,0,0,0,0
1943183,2024-05-08 00:00:00,13,87415,376,0.8,0,0,0,0
1943184,2024-05-08 00:00:00,13,90031,376,1.15,0.81,0.73,0,0.08
1943185,2024-05-08 00:00:00,13,88933,316,0.78,0.03,0,0,0.03
1943186,2024-05-08 00:00:00,14,87368,319,4.53,3.02,3.02,0,0
1943187,2024-05-08 00:00:00,14,89226,319,3.13,0.03,0,0.03,0
1943188,2024-05-08 00:00:00,16,87440,319,0.85,0.3,0,0,0.3
1943189,2024-05-08 00:00:00,17,90443,347,0.23,0.19,0,0,0.19
1943190,2024-05-08 00:00:00,17,89635,374,0.26,0,0,0,0
1943191,2024-05-08 00:00:00,17,88449,332,1.7,3.05,3.05,0,0
1943192,2024-05-08 00:00:00,18,89975,319,0.55,0.02,0,0,0.02
1943193,2024-05-08 00:00:00,19,88411,376,0.88,0.02,0.02,0,0
1943194,2024-05-08 00:00:00,19,86831,332,0.43,0,0,0,0
1943195,2024-05-08 00:00:00,21,89400,319,1.53,0.03,0,0.03,0
1943196,2024-05-08 00:00:00,21,89300,374,2.15,0,0,0,0
1943197,2024-05-08 00:00:00,22,88880,317,1.73,0.01,0,0,0.01
1943198,2024-05-08 00:00:00,22,90374,376,0.83,0.1,0,0.1,0
1943199,2024-05-09 00:00:00,12,88777,374,0.41,0,0,0,0
1943200,2024-05-09 00:00:00,12,88777,374,0.38,0,0,0,0
1943201,2024-05-09 00:00:00,12,90202,317,1.21,0.25,0.25,0,0
1943202,2024-05-09 00:00:00,13,89440,375,0.48,0.15,0,0,0.15
1943203,2024-05-09 00:00:00,13,88055,332,0.41,0.04,0,0,0.04
1943204,2024-05-09 00:00:00,13,87368,379,2.05,3.02,3.02,0,0
1943205,2024-05-09 00:00:00,15,90400,319,1.51,1.29,0.49,0.8,0
1943206,2024-05-09 00:00:00,15,86663,314,0.53,0,0,0,0
1943207,2024-05-09 00:00:00,15,88299,333,1.51,0.04,0,0,0.04
1943208,2024-05-09 00:00:00,15,89295,319,0.65,0.27,0,0,0.27
1943209,2024-05-09 00:00:00,16,89254,319,1.43,0.01,0,0.01,0
1943210,2024-05-09 00:00:00,16,89012,320,2.35,4.03,0,4.03,0
1943211,2024-05-09 00:00:00,16,87934,309,0.55,0.33,0,0,0.33
1943212,2024-05-09 00:00:00,16,90463,317,1.25,0.11,0.11,0,0
1943213,2024-05-09 00:00:00,16,88141,372,1.96,1.5,1.5,0,0
1943214,2024-05-09 00:00:00,17,89459,378,0.4,0.09,0,0,0.09
1943215,2024-05-09 00:00:00,17,89777,376,2.43,0.09,0,0,0.09
1943216,2024-05-09 00:00:00,17,89635,374,2.23,0,0,0,0
1943217,2024-05-09 00:00:00,17,89635,374,0.7,1.5,0,0,1.5
1943218,2024-05-09 00:00:00,18,89909,376,0.83,0,0,0,0
1943219,2024-05-09 00:00:00,19,87368,379,0.95,0.04,0,0.04,0
1943220,2024-05-09 00:00:00,20,87360,378,1.36,0.01,0.01,0,0
1943221,2024-05-09 00:00:00,21,88470,320,1.45,0.67,0,0.67,0
1943222,2024-05-10 00:00:00,8,90239,319,0.21,0,0,0,0
1943223,2024-05-10 00:00:00,12,89563,378,0.56,0.03,0,0.03,0
1943224,2024-05-10 00:00:00,13,88706,290,1.31,1.97,0.88,1.08,0
1943225,2024-05-10 00:00:00,13,87283,334,0.25,0,0,0,0
1943226,2024-05-10 00:00:00,14,87023,316,1.3,0.35,0,0,0.35
1943227,2024-05-10 00:00:00,15,87868,319,1.06,0.02,0,0.02,0
1943228,2024-05-10 00:00:00,15,89167,317,0.6,0.18,0,0.18,0
1943229,2024-05-10 00:00:00,15,86735,317,1.51,0.67,0.1,0.57,0
1943230,2024-05-10 00:00:00,15,90165,320,0.95,0.02,0,0.02,0
1943231,2024-05-10 00:00:00,16,87773,319,1.08,0.2,0.1,0.1,0
1943232,2024-05-10 00:00:00,16,89644,378,0.63,0.04,0,0.04,0
1943233,2024-05-10 00:00:00,16,90307,348,0.6,0.05,0,0.05,0
1943234,2024-05-10 00:00:00,18,87368,379,1.06,0,0,0,0
1943235,2024-05-10 00:00:00,20,89997,320,1.1,0.1,0,0.1,0
1943236,2024-05-11 00:00:00,10,89245,358,0.63,0.01,0,0,0.01
1943237,2024-05-11 00:00:00,10,87900,317,0.41,0.01,0,0.01,0
1943238,2024-05-11 00:00:00,11,88500,322,0.4,0,0,0,0
1943239,2024-05-11 00:00:00,11,87391,375,4.01,0.63,0.3,0.33,0
1943240,2024-05-11 00:00:00,12,89456,346,1.81,1.2,0,0,1.2
1943241,2024-05-11 00:00:00,13,86523,376,0.51,0.08,0,0,0.08
1943242,2024-05-11 00:00:00,14,87703,319,1.28,2.55,2.38,0.16,0
1943243,2024-05-11 00:00:00,14,90251,288,0.65,0.01,0,0.01,0
1943244,2024-05-11 00:00:00,15,88875,333,0.31,0,0,0,0
1943245,2024-05-11 00:00:00,15,87457,319,0.38,0.01,0,0.01,0
1943246,2024-05-11 00:00:00,15,90443,345,0,0.01,0,0,0.01
1943247,2024-05-11 00:00:00,16,87888,319,1.31,0.23,0,0.23,0
1943248,2024-05-11 00:00:00,16,88423,375,0.4,0,0,0,0
1943249,2024-05-11 00:00:00,16,89841,322,0.68,0.09,0,0,0.09
1943250,2024-05-11 00:00:00,17,90005,319,1.45,1.98,1.98,0,0
1943251,2024-05-11 00:00:00,17,89381,375,0.48,0.07,0,0.07,0
1943252,2024-05-11 00:00:00,17,87850,308,2.95,2.8,0.4,2.4,0
1943253,2024-05-11 00:00:00,18,89287,377,0.85,0.06,0,0.06,0
1943254,2024-05-11 00:00:00,19,88566,319,0.85,0,0,0,0
1943255,2024-05-11 00:00:00,20,88141,288,1.31,0.04,0,0.04,0
1943256,2024-05-11 00:00:00,21,89611,374,3.45,2,1.5,0.5,0
1943257,2024-05-11 00:00:00,22,87025,376,0.2,0,0,0,0
1943258,2024-05-12 00:00:00,1,88969,375,0.66,0,0,0,0
1943259,2024-05-12 00:00:00,12,87847,378,0.63,0.08,0,0,0.08
1943260,2024-05-12 00:00:00,13,88228,372,2.2,1.71,1.71,0,0
1943261,2024-05-12 00:00:00,14,86897,320,1.26,0.03,0,0.03,0
1943262,2024-05-12 00:00:00,15,89286,376,1.6,0.06,0.06,0,0
1943263,2024-05-12 00:00:00,15,87529,317,1.5,2,0,2,0
1943264,2024-05-12 00:00:00,15,89884,375,0.4,0.02,0.01,0.01,0
1943265,2024-05-12 00:00:00,15,89532,375,1.26,0.02,0.02,0,0
1943266,2024-05-12 00:00:00,15,88788,319,1.21,0.44,0,0,0.44
1943267,2024-05-12 00:00:00,16,87539,378,0.41,0.01,0,0.01,0
1943268,2024-05-12 00:00:00,16,87821,376,1.03,0,0,0,0
1943269,2024-05-12 00:00:00,16,89170,346,0.78,0,0,0,0
1943270,2024-05-12 00:00:00,16,90453,376,0.28,0.01,0,0,0.01
1943271,2024-05-12 00:00:00,16,88269,290,1.01,0,0,0,0
1943272,2024-05-12 00:00:00,17,87531,375,0.66,0.03,0,0.03,0
1943273,2024-05-12 00:00:00,17,87451,376,0.73,0.01,0,0,0.01
1943274,2024-05-12 00:00:00,17,90251,288,0.55,0,0,0,0
1943275,2024-05-12 00:00:00,19,88420,319,0.86,0.02,0,0,0.02
1943276,2024-05-12 00:00:00,21,88952,319,0.36,0,0,0,0
1943277,2024-05-12 00:00:00,21,88169,290,1.33,0,0,0,0
1943278,2024-05-12 00:00:00,22,87066,290,0.61,0,0,0,0
1943279,2024-05-13 00:00:00,13,90443,376,0.25,0,0,0,0
1943280,2024-05-13 00:00:00,13,88917,333,0.41,0.12,0,0.12,0
1943281,2024-05-13 00:00:00,15,90121,378,0.75,0.52,0.06,0,0.46
1943282,2024-05-13 00:00:00,20,87023,322,0.48,0.04,0,0,0.04
1943283,2024-05-13 00:00:00,20,88865,316,0.58,0.1,0,0,0.1
1943284,2024-05-13 00:00:00,21,87327,376,0.55,0.01,0,0.01,0
1943285,2024-05-13 00:00:00,21,90292,376,0.78,0.01,0,0,0.01
1943286,2024-05-14 00:00:00,9,89959,376,1.13,0,0,0,0
1943287,2024-05-14 00:00:00,11,87023,376,6.13,0.04,0,0,0.04
1943288,2024-05-14 00:00:00,12,88984,341,0.35,0.35,0,0,0.35
1943289,2024-05-14 00:00:00,13,88917,379,1.06,0.05,0,0.05,0
1943290,2024-05-14 00:00:00,14,87275,350,5.21,6.51,2.65,3.85,0
1943291,2024-05-15 00:00:00,10,89635,368,0.75,0.07,0,0,0.07
1943292,2024-05-15 00:00:00,13,90052,346,0.55,0.03,0,0,0.03
1943293,2024-05-15 00:00:00,13,89406,343,0.15,0.03,0,0.03,0
1943294,2024-05-15 00:00:00,16,86658,332,0.2,0,0,0,0
1943295,2024-05-15 00:00:00,17,90292,375,1.28,0.94,0,0.82,0.11
1943296,2024-05-16 00:00:00,11,89306,319,0.53,0,0,0,0
1943297,2024-05-16 00:00:00,14,88711,376,0.2,0,0,0,0
1943298,2024-05-16 00:00:00,15,89425,309,0.28,0,0,0,0
1943299,2024-05-16 00:00:00,20,89841,376,0.45,0.04,0,0,0.04
1943300,2024-05-17 00:00:00,22,89565,378,0.51,0.05,0,0.05,0
1943301,2024-05-18 00:00:00,11,88220,352,0.26,0.07,0,0,0.07
1943302,2024-05-18 00:00:00,12,90357,349,1.28,0,0,0,0
1943303,2024-05-18 00:00:00,15,87096,317,0.48,0,0,0,0
1943304,2024-05-18 00:00:00,16,87778,319,0.3,0.01,0,0.01,0
1943305,2024-05-18 00:00:00,16,88519,319,0.43,0.35,0,0,0.35
1943306,2024-05-18 00:00:00,18,87251,317,0.5,0,0,0,0
1943307,2024-05-18 00:00:00,20,87685,319,0.35,0,0,0,0
1943308,2024-05-19 00:00:00,11,90347,319,0.8,0.01,0,0.01,0
1943309,2024-05-19 00:00:00,13,89265,319,1.11,0.09,0,0.09,0
1943310,2024-05-19 00:00:00,14,87096,376,1.46,0.19,0.19,0,0
1943311,2024-05-19 00:00:00,14,88395,319,0.46,0.04,0,0.04,0
1943312,2024-05-19 00:00:00,15,90210,334,0.65,0.02,0,0.02,0
1943313,2024-05-19 00:00:00,15,87096,376,0.56,0,0,0,0
1943314,2024-05-19 00:00:00,16,89322,376,0.35,0,0,0,0
1943315,2024-05-19 00:00:00,20,87023,322,0.51,0.01,0,0,0.01
1943316,2024-05-20 00:00:00,10,86599,346,0.73,1.57,0,0,1.57
1943317,2024-05-20 00:00:00,10,87600,314,0.11,0,0,0,0
1943318,2024-05-20 00:00:00,11,89545,341,0.55,0.01,0,0.01,0
1943319,2024-05-20 00:00:00,12,89512,319,0.31,0,0,0,0
1943320,2024-05-20 00:00:00,13,88492,319,0.46,0.01,0,0.01,0
1943321,2024-05-20 00:00:00,14,89859,290,0.1,0,0,0,0
1943322,2024-05-20 00:00:00,14,87600,346,1.16,5.42,0,0,5.42
1943323,2024-05-20 00:00:00,15,89751,317,2.76,6.31,1,5.3,0.01
1943324,2024-05-20 00:00:00,16,89436,316,1.43,1,0,0,1
1943325,2024-05-20 00:00:00,16,87490,290,0.65,0.01,0,0.01,0
1943326,2024-05-20 00:00:00,16,86586,334,0.58,0.03,0,0.03,0
1943327,2024-05-20 00:00:00,16,88713,345,0.35,0,0,0,0
1943328,2024-05-20 00:00:00,16,89674,378,0.55,0.07,0,0.07,0
1943329,2024-05-20 00:00:00,18,88503,346,0.13,0,0,0,0
1943330,2024-05-21 00:00:00,12,88629,346,0.26,0.01,0,0,0.01
1943331,2024-05-21 00:00:00,14,87351,317,1.55,0.18,0,0.18,0
1943332,2024-05-21 00:00:00,15,89762,319,0.13,0,0,0,0
1943333,2024-05-21 00:00:00,15,87778,316,0.75,0.03,0,0,0.03
1943334,2024-05-21 00:00:00,16,88395,376,0.18,0,0,0,0
1943335,2024-05-21 00:00:00,16,89143,317,0.38,0.03,0.03,0,0
1943336,2024-05-21 00:00:00,17,87194,376,0.4,0.01,0,0.01,0
1943337,2024-05-21 00:00:00,18,90367,370,0.58,0,0,0,0
1943338,2024-05-21 00:00:00,19,86665,346,0.41,0.01,0,0,0.01
1943339,2024-05-21 00:00:00,22,89681,329,0.45,0,0,0,0
1943340,2024-05-22 00:00:00,4,88298,333,0.33,0,0,0,0
1943341,2024-05-22 00:00:00,12,87199,319,0.55,0.04,0,0,0.04
1943342,2024-05-22 00:00:00,13,89944,375,0.45,0,0,0,0
1943343,2024-05-22 00:00:00,14,89425,309,0.33,0.01,0,0,0.01
1943344,2024-05-22 00:00:00,15,87415,356,2.95,3.08,1.03,2.04,0
1943345,2024-05-22 00:00:00,15,89503,319,0.91,0.12,0,0,0.12
1943346,2024-05-22 00:00:00,15,86624,314,0.45,0.01,0,0.01,0
1943347,2024-05-22 00:00:00,16,89933,348,0.25,0,0,0,0
1943348,2024-05-23 00:00:00,2,87107,378,0.5,0.03,0,0.03,0
1943349,2024-05-23 00:00:00,10,90443,319,0.35,0,0,0,0
1943350,2024-05-23 00:00:00,10,89533,376,1.05,0.04,0,0.04,0
1943351,2024-05-23 00:00:00,11,89957,347,0.1,0,0,0,0
1943352,2024-05-23 00:00:00,12,90231,378,0.95,0,0,0,0
1943353,2024-05-23 00:00:00,12,89058,316,0.41,0,0,0,0
1943354,2024-05-23 00:00:00,12,86873,317,1.15,0.01,0,0.01,0
1943355,2024-05-23 00:00:00,12,89667,319,0.21,0,0,0,0
1943356,2024-05-23 00:00:00,12,87973,317,1.93,2.23,0.15,2.08,0
1943357,2024-05-23 00:00:00,14,88146,376,1.88,0.28,0.28,0,0
1943358,2024-05-23 00:00:00,14,90038,319,0.15,0.03,0,0.03,0
1943359,2024-05-23 00:00:00,14,89653,319,1.05,0.07,0,0.07,0
1943360,2024-05-23 00:00:00,14,88552,319,0.2,0.05,0.05,0,0
1943361,2024-05-23 00:00:00,15,88089,332,0.48,0.34,0,0.34,0
1943362,2024-05-23 00:00:00,15,90319,318,0.3,0.01,0,0,0.01
1943363,2024-05-23 00:00:00,15,88711,346,0.58,1.92,0,0,1.92
1943364,2024-05-23 00:00:00,15,87595,317,0.48,0.13,0,0.13,0
1943365,2024-05-23 00:00:00,15,87704,317,0.21,0,0,0,0
1943366,2024-05-23 00:00:00,16,87163,316,1.53,2.01,0,0.87,1.14
1943367,2024-05-23 00:00:00,18,89350,317,0.58,0.22,0.22,0,0
1943368,2024-05-23 00:00:00,18,89905,378,0.4,0,0,0,0
1943369,2024-05-23 00:00:00,18,90117,334,0.3,0,0,0,0
1943370,2024-05-23 00:00:00,18,89905,352,0.68,0.04,0,0,0.04
1943371,2024-05-23 00:00:00,21,90463,378,0.55,0,0,0,0
1943372,2024-05-23 00:00:00,22,90285,366,0.48,0,0,0,0
1943373,2024-05-23 00:00:00,22,87451,374,0.9,0.05,0.02,0.03,0
1943374,2024-05-23 00:00:00,23,88825,372,0.46,0.01,0.01,0,0
1943375,2024-05-24 00:00:00,0,86819,374,0.78,0.03,0,0.03,0
1943376,2024-05-24 00:00:00,10,86527,319,0.51,0,0,0,0
1943377,2024-05-24 00:00:00,12,86888,346,0.83,3.49,0,0,3.49
1943378,2024-05-24 00:00:00,12,87688,332,0.73,0.08,0,0,0.08
1943379,2024-05-24 00:00:00,14,87078,341,0.26,0,0,0,0
1943380,2024-05-24 00:00:00,14,87957,346,0.18,0.1,0,0,0.1
1943381,2024-05-24 00:00:00,14,87951,319,1.05,0.68,0,0.67,0.01
1943382,2024-05-24 00:00:00,15,89253,317,1.33,2,1,1,0
1943383,2024-05-24 00:00:00,15,86516,319,0.65,0.07,0,0.07,0
1943384,2024-05-24 00:00:00,15,90336,319,0.7,0.1,0,0,0.1
1943385,2024-05-24 00:00:00,16,87704,317,0.15,0.03,0,0.03,0
1943386,2024-05-24 00:00:00,16,89771,343,0.13,0,0,0,0
1943387,2024-05-24 00:00:00,16,90231,334,0.28,0,0,0,0
1943388,2024-05-24 00:00:00,16,90346,319,1.21,0,0,0,0
1943389,2024-05-24 00:00:00,16,87259,346,0.43,0.97,0,0.97,0
1943390,2024-05-24 00:00:00,17,87072,370,0.91,0,0,0,0
1943391,2024-05-24 00:00:00,15,90268,376,4.28,0.19,0.19,0,0
1943392,2024-05-24 00:00:00,17,90460,376,0.76,0.03,0,0.03,0
1943393,2024-05-24 00:00:00,17,89612,334,0.21,0.01,0.01,0,0
1943394,2024-05-24 00:00:00,18,88916,316,3.11,0.5,0,0,0.5
1943395,2024-05-24 00:00:00,18,88131,309,0.85,2.04,2.04,0,0
1943396,2024-05-24 00:00:00,18,87294,317,1.4,0.5,0,0.5,0
1943397,2024-05-24 00:00:00,18,87341,316,0.61,0.01,0.01,0,0
1943398,2024-05-24 00:00:00,18,89257,376,0.9,0.46,0,0.46,0
1943399,2024-05-24 00:00:00,20,87341,376,0.5,0,0,0,0
1943400,2024-05-24 00:00:00,20,88984,360,0.55,0.03,0,0,0.03
1943401,2024-05-24 00:00:00,20,90089,345,0.26,0,0,0,0
1943402,2024-05-24 00:00:00,21,86505,375,0.68,0.04,0,0.04,0
1943403,2024-05-24 00:00:00,23,89536,317,0.98,0.02,0,0.02,0
1943404,2024-05-25 00:00:00,11,90004,346,0.73,0.57,0,0,0.57
1943405,2024-05-25 00:00:00,11,88923,319,0.36,0.01,0,0,0.01
1943406,2024-05-25 00:00:00,12,88776,316,1.45,0,0,0,0
1943407,2024-05-25 00:00:00,12,87523,288,2.8,0.1,0.1,0,0
1943408,2024-05-25 00:00:00,13,89956,324,0.95,0.41,0,0.41,0
1943409,2024-05-25 00:00:00,13,88771,317,0.43,0.12,0.12,0,0
1943410,2024-05-25 00:00:00,14,89228,319,1.31,0.17,0,0,0.17
1943411,2024-05-25 00:00:00,14,89136,319,0.83,0,0,0,0
1943412,2024-05-25 00:00:00,15,89805,317,0.68,0.09,0,0.09,0
1943413,2024-05-25 00:00:00,15,86484,319,0.63,0.08,0,0,0.08
1943414,2024-05-25 00:00:00,15,87600,376,0.25,0,0,0,0
1943415,2024-05-25 00:00:00,16,87663,375,0.98,0.6,0,0.6,0
1943416,2024-05-25 00:00:00,16,87532,316,0.25,0.1,0,0,0.1
1943417,2024-05-25 00:00:00,16,87187,319,0.45,0.14,0,0,0.14
1943418,2024-05-25 00:00:00,17,89341,376,0.61,0.05,0,0.05,0
1943419,2024-05-25 00:00:00,17,89440,375,1.11,0.19,0,0,0.19
1943420,2024-05-25 00:00:00,17,87418,319,0.3,0.01,0,0.01,0
1943421,2024-05-25 00:00:00,17,87116,319,0.65,0.01,0.01,0,0
1943422,2024-05-25 00:00:00,19,89536,319,0.7,0.5,0.5,0,0
1943423,2024-05-25 00:00:00,19,90369,341,0.81,0,0,0,0
1943424,2024-05-26 00:00:00,11,87351,341,0.13,0.02,0,0,0.02
1943425,2024-05-26 00:00:00,11,88166,346,0.38,1.07,0,0,1.07
1943426,2024-05-26 00:00:00,11,87822,352,1.16,0.33,0,0,0.33
1943427,2024-05-26 00:00:00,13,88056,376,0.5,0.07,0,0.07,0
1943428,2024-05-26 00:00:00,15,87181,328,0.4,0,0,0,0
1943429,2024-05-26 00:00:00,15,90251,288,0.68,0,0,0,0
1943430,2024-05-26 00:00:00,18,87610,378,0.9,0.17,0.17,0,0
1943431,2024-05-26 00:00:00,18,88058,352,0.26,0,0,0,0
1943432,2024-05-26 00:00:00,20,87329,376,0.71,0.01,0,0,0.01
1943433,2024-05-26 00:00:00,23,86818,317,0.5,0,0,0,0
1943434,2024-05-27 00:00:00,3,90241,319,1.01,0,0,0,0
1943435,2024-05-27 00:00:00,6,88070,341,0.08,0.01,0,0.01,0
1943436,2024-05-27 00:00:00,9,87648,319,0.48,0,0,0,0
1943437,2024-05-27 00:00:00,11,87655,316,0.36,0.24,0.09,0,0.14
1943438,2024-05-27 00:00:00,11,86624,319,0.2,0,0,0,0
1943439,2024-05-27 00:00:00,13,87663,379,0.58,0.06,0,0.06,0
1943440,2024-05-27 00:00:00,13,87350,376,0.13,0.02,0,0.02,0
1943441,2024-05-27 00:00:00,14,89750,346,0.51,0.76,0,0,0.76
1943442,2024-05-27 00:00:00,14,90453,346,0.35,0.01,0,0,0.01
1943443,2024-05-27 00:00:00,14,87977,317,0.81,0.43,0.43,0,0
1943444,2024-05-27 00:00:00,15,89237,290,0.8,0,0,0,0
1943445,2024-05-27 00:00:00,15,88998,376,0.33,0,0,0,0
1943446,2024-05-27 00:00:00,15,89536,317,1.03,0.03,0,0.03,0
1943447,2024-05-27 00:00:00,15,90418,341,0.23,0.11,0,0.11,0
1943448,2024-05-27 00:00:00,15,89222,346,0.76,1.94,0,0,1.94
1943449,2024-05-27 00:00:00,16,86527,319,0.78,0.04,0.04,0,0
1943450,2024-05-27 00:00:00,16,86689,319,1.15,0.4,0,0.4,0
1943451,2024-05-27 00:00:00,17,89220,375,0.25,0.01,0,0.01,0
1943452,2024-05-27 00:00:00,17,87450,319,0.71,0.01,0,0,0.01
1943453,2024-05-27 00:00:00,17,89264,334,0.26,0.06,0,0,0.06
1943454,2024-05-27 00:00:00,18,87681,346,0.71,0.53,0,0,0.53
1943455,2024-05-27 00:00:00,19,90219,375,0.63,0.03,0,0.03,0
1943456,2024-05-27 00:00:00,21,87810,324,1.13,0.01,0,0.01,0
1943457,2024-05-27 00:00:00,22,88170,317,1,0.02,0,0.02,0
1943458,2024-05-27 00:00:00,22,88922,375,0.96,0,0,0,0
1943459,2024-05-28 00:00:00,8,88817,317,0.91,0.32,0,0,0.32
1943460,2024-05-28 00:00:00,10,86754,375,0.4,0.02,0.02,0,0
1943461,2024-05-28 00:00:00,11,89440,375,0.18,0.21,0,0,0.21
1943462,2024-05-28 00:00:00,11,87698,343,2.26,11.58,1.4,0,10.18
1943463,2024-05-28 00:00:00,12,88711,346,0.53,0.07,0,0,0.07
1943464,2024-05-28 00:00:00,13,88665,319,2.41,0.15,0.09,0.06,0
1943465,2024-05-28 00:00:00,13,87681,366,0.45,0.12,0,0.12,0
1943466,2024-05-28 00:00:00,14,90443,376,0.36,0,0,0,0
1943467,2024-05-28 00:00:00,14,88328,341,0.55,0.1,0,0,0.1
1943468,2024-05-28 00:00:00,14,89111,341,0.68,0,0,0,0
1943469,2024-05-28 00:00:00,15,90336,379,1.28,0.46,0.23,0.23,0
1943470,2024-05-28 00:00:00,15,89129,316,0.63,0.03,0,0,0.03
1943471,2024-05-28 00:00:00,15,90319,316,0.7,0.04,0,0,0.04
1943472,2024-05-28 00:00:00,16,86698,317,0.4,0.01,0.01,0,0
1943473,2024-05-28 00:00:00,16,86681,319,4.68,58.7,58.7,0,0
1943474,2024-05-28 00:00:00,16,88082,343,0.28,0,0,0,0
1943475,2024-05-28 00:00:00,16,89587,374,0.1,0,0,0,0
1943476,2024-05-28 00:00:00,16,90286,341,0.7,0.09,0.09,0,0
1943477,2024-05-28 00:00:00,17,87283,376,0.6,0,0,0,0
1943478,2024-05-28 00:00:00,19,88146,341,0.43,0.01,0,0,0.01
1943479,2024-05-28 00:00:00,19,90239,374,0.23,0,0,0,0
1943480,2024-05-28 00:00:00,19,86748,334,0.48,0.01,0,0,0.01
1943481,2024-05-28 00:00:00,19,88140,332,0.56,0.25,0,0,0.25
1943482,2024-05-28 00:00:00,19,87108,374,0.88,0.22,0.22,0,0
1943483,2024-05-29 00:00:00,10,90054,320,0.91,0.27,0,0.27,0
1943484,2024-05-29 00:00:00,11,86772,317,0.66,0.13,0,0.13,0
1943485,2024-05-29 00:00:00,11,88386,288,1.05,0.04,0,0.04,0
1943486,2024-05-29 00:00:00,11,89094,319,0.75,0.03,0,0.03,0
1943487,2024-05-29 00:00:00,12,86833,319,0.45,0.02,0,0.02,0
1943488,2024-05-29 00:00:00,12,87664,319,0.85,0.05,0,0.05,0
1943489,2024-05-29 00:00:00,13,89905,333,0.23,0.17,0,0,0.17
1943490,2024-05-29 00:00:00,13,87361,317,0.28,0.02,0,0.02,0
1943491,2024-05-29 00:00:00,14,87576,317,0.33,0.01,0,0.01,0
1943492,2024-05-29 00:00:00,14,89405,346,0.88,3.8,0,3.8,0
1943493,2024-05-29 00:00:00,15,86626,346,1.01,8.62,0.23,0.29,8.1
1943494,2024-05-29 00:00:00,15,88870,317,1.75,0,0,0,0
1943495,2024-05-29 00:00:00,15,89275,317,1.1,0.58,0.52,0.05,0
1943496,2024-05-29 00:00:00,15,87296,319,0.76,0.05,0,0.05,0
1943497,2024-05-29 00:00:00,15,88885,317,0.95,0.02,0,0.02,0
1943498,2024-05-29 00:00:00,16,89533,374,0.28,0.03,0,0.03,0
1943499,2024-05-29 00:00:00,16,88169,290,1.06,0.44,0.44,0,0
1943500,2024-05-29 00:00:00,16,89017,307,0.86,0.2,0,0.2,0
1943501,2024-05-29 00:00:00,16,90303,319,0.65,0.06,0.06,0,0
1943502,2024-05-29 00:00:00,16,90157,341,0.65,1.54,0,0,1.54
1943503,2024-05-29 00:00:00,16,90025,324,0.28,0.2,0,0.2,0
1943504,2024-05-29 00:00:00,16,89987,334,1.66,5.42,0,0,5.42
1943505,2024-05-29 00:00:00,17,89894,316,1.11,0.01,0,0.01,0
1943506,2024-05-29 00:00:00,17,89533,376,0.51,0,0,0,0
1943507,2024-05-29 00:00:00,17,89283,316,0.96,0.11,0,0.11,0
1943508,2024-05-29 00:00:00,18,87847,334,0.53,0.07,0,0,0.07
1943509,2024-05-29 00:00:00,19,87002,319,3.03,1.52,0.31,0,1.2
1943510,2024-05-29 00:00:00,23,87890,378,0.98,0.01,0,0.01,0
1943511,2024-05-30 00:00:00,1,89275,379,1.06,0.01,0,0.01,0
1943512,2024-05-30 00:00:00,1,88502,376,0.28,0,0,0,0
1943513,2024-05-30 00:00:00,5,90414,374,1,0.04,0.03,0.01,0
1943514,2024-05-30 00:00:00,11,88492,379,0.48,0,0,0,0
1943515,2024-05-30 00:00:00,11,88879,320,2.33,0.1,0,0.1,0
1943516,2024-05-30 00:00:00,12,89987,378,0.55,3,0,0,3
1943517,2024-05-30 00:00:00,13,88386,288,0.4,0.1,0,0.1,0
1943518,2024-05-30 00:00:00,14,89425,309,0.46,0.01,0,0,0.01
1943519,2024-05-30 00:00:00,14,88191,341,0.2,0,0,0,0
1943520,2024-05-30 00:00:00,14,90473,329,1.61,0.25,0,0,0.25
1943521,2024-05-30 00:00:00,14,87982,374,0.43,0.06,0,0.06,0
1943522,2024-05-30 00:00:00,15,87867,309,1.2,0.27,0,0.27,0
1943523,2024-05-30 00:00:00,15,87447,309,0.05,0.08,0,0.08,0
1943524,2024-05-30 00:00:00,15,87742,374,1.28,1,0.5,0.5,0
1943525,2024-05-30 00:00:00,15,88546,295,0.26,0,0,0,0
1943526,2024-05-30 00:00:00,18,90076,333,0.65,0.66,0,0.66,0
1943527,2024-05-30 00:00:00,18,89827,375,0.91,1.66,1.65,0,0
1943528,2024-05-30 00:00:00,19,87943,377,0.5,0.32,0.32,0,0
1943529,2024-05-30 00:00:00,19,89105,316,0.41,0.09,0,0.09,0
1943530,2024-05-30 00:00:00,22,86573,316,0.48,0.01,0,0.01,0
1943531,2024-05-31 00:00:00,2,86713,375,0.51,0.01,0,0.01,0
1943532,2024-05-31 00:00:00,3,87600,376,0.31,0,0,0,0
1943533,2024-05-31 00:00:00,9,87242,290,0.78,0,0,0,0
1943534,2024-05-31 00:00:00,10,87420,319,1.45,0.58,0.58,0,0
1943535,2024-05-31 00:00:00,10,88803,319,0.03,0.03,0,0,0.03
1943536,2024-05-31 00:00:00,10,88609,319,0.93,0.5,0.3,0,0.2
1943537,2024-05-31 00:00:00,11,88969,375,0.58,0,0,0,0
1943538,2024-05-31 00:00:00,11,90022,314,1.71,0.01,0,0.01,0
1943539,2024-05-31 00:00:00,11,89100,316,0.93,0.03,0,0.03,0
1943540,2024-05-31 00:00:00,12,87143,314,2.88,0.18,0,0,0.18
1943541,2024-05-31 00:00:00,12,88788,343,0.7,0.15,0,0,0.15
1943542,2024-05-31 00:00:00,12,87443,376,0.1,0,0,0,0
1943543,2024-05-31 00:00:00,12,86888,346,0.65,0.51,0,0,0.51
1943544,2024-05-31 00:00:00,12,87943,379,0.8,0.01,0,0.01,0
1943545,2024-05-31 00:00:00,13,88185,316,0.38,0.02,0,0,0.02
1943546,2024-05-31 00:00:00,14,90176,375,2.05,0.05,0.05,0,0
1943547,2024-05-31 00:00:00,15,88704,376,1.2,1.06,0.6,0.46,0
1943548,2024-05-31 00:00:00,15,89862,316,1.08,0,0,0,0
1943549,2024-05-31 00:00:00,15,90463,378,1.38,0.41,0.41,0,0
1943550,2024-05-31 00:00:00,15,89902,376,0.7,0,0,0,0
1943551,2024-05-31 00:00:00,15,90117,349,0.65,0.36,0.28,0,0.07
1943552,2024-05-31 00:00:00,15,88515,376,0.26,0,0,0,0
1943553,2024-05-31 00:00:00,16,90117,334,0.2,0.03,0,0,0.03
1943554,2024-05-31 00:00:00,16,88289,374,0.56,0.02,0,0.02,0
1943555,2024-05-31 00:00:00,16,89724,378,0.55,0,0,0,0
1943556,2024-05-31 00:00:00,17,88125,345,0.25,0.01,0,0.01,0
1943557,2024-05-31 00:00:00,17,87258,324,0.58,0.01,0,0.01,0
1943558,2024-05-31 00:00:00,17,86625,333,2.1,1.17,0.31,0.86,0
1943559,2024-05-31 00:00:00,17,88984,341,0.55,0.68,0,0,0.68
1943560,2024-05-31 00:00:00,18,87827,376,1.08,0,0,0,0
1943561,2024-05-31 00:00:00,18,90176,375,1.43,0.07,0.07,0,0
1943562,2024-05-31 00:00:00,19,90002,320,0.21,0.19,0,0.19,0
1943563,2024-05-31 00:00:00,19,90176,317,1.36,0.13,0,0.13,0
1943564,2024-05-31 00:00:00,21,86586,341,0.3,0,0,0,0
1943565,2024-05-31 00:00:00,21,88088,290,1.23,0,0,0,0
1943566,2024-05-31 00:00:00,21,88217,376,1.61,0.3,0.28,0.02,0
1943567,2024-05-31 00:00:00,22,88411,376,0.56,0.25,0.25,0,0
1943568,2024-05-31 00:00:00,23,87805,378,1.61,0.16,0,0.16,0
1943569,2024-06-01 00:00:00,0,86842,376,0.43,0.2,0,0.2,0
1943570,2024-06-01 00:00:00,0,86664,334,0.31,0,0,0,0
1943571,2024-06-01 00:00:00,4,87202,341,1.85,0.07,0,0,0.07
1943572,2024-06-01 00:00:00,4,88124,352,1.31,0.24,0.12,0.12,0
1943573,2024-06-01 00:00:00,11,88971,352,0.38,0.04,0,0.04,0
1943574,2024-06-01 00:00:00,11,87868,378,0.41,0,0,0,0
1943575,2024-06-01 00:00:00,14,86836,378,3.36,8.76,5.33,3.43,0
1943576,2024-06-01 00:00:00,14,89081,376,0.81,0.4,0,0.4,0
1943577,2024-06-01 00:00:00,14,87337,378,0.63,0.01,0,0.01,0
1943578,2024-06-01 00:00:00,15,89459,376,0.56,0.21,0,0,0.21
1943579,2024-06-01 00:00:00,16,86505,375,1.28,0.01,0.01,0,0
1943580,2024-06-01 00:00:00,16,90436,319,1.33,0.09,0.09,0,0
1943581,2024-06-01 00:00:00,17,87316,378,0.41,0.57,0.57,0,0
1943582,2024-06-01 00:00:00,17,86827,334,0.65,0.01,0,0.01,0
1943583,2024-06-01 00:00:00,17,88767,319,1.06,0.05,0,0.05,0
1943584,2024-06-01 00:00:00,18,89763,376,0.91,0.13,0,0.13,0
1943585,2024-06-01 00:00:00,18,88406,374,0.55,0.34,0.2,0,0.14
1943586,2024-06-01 00:00:00,18,87398,358,0.48,0.13,0,0.13,0
1943587,2024-06-01 00:00:00,19,90135,374,1.65,0.03,0,0.03,0
1943588,2024-06-01 00:00:00,21,88252,341,0.51,0,0,0,0
1943589,2024-06-01 00:00:00,22,88382,361,1.3,4.04,4.04,0,0
1943590,2024-06-01 00:00:00,22,86929,376,0.43,0.15,0,0.15,0
1943591,2024-06-02 00:00:00,0,88708,378,2.78,6.73,4.19,2.53,0
1943592,2024-06-02 00:00:00,0,88745,374,2.31,0.01,0.01,0,0
1943593,2024-06-02 00:00:00,0,86572,317,0.51,0,0,0,0
1943594,2024-06-02 00:00:00,0,87694,293,0.83,0.01,0,0.01,0
1943595,2024-06-02 00:00:00,1,89142,319,1.1,0.49,0,0,0.49
1943596,2024-06-02 00:00:00,1,90065,376,1.68,0.88,0.88,0,0
1943597,2024-06-02 00:00:00,1,90341,378,0.55,0.01,0,0.01,0
1943598,2024-06-02 00:00:00,1,89154,378,0.6,0,0,0,0
1943599,2024-06-02 00:00:00,3,87365,341,8.88,0,0,0,0
1943600,2024-06-02 00:00:00,4,87245,290,2.31,3.5,3.5,0,0
1943601,2024-06-02 00:00:00,7,88784,378,1.33,1.11,1.11,0,0
1943602,2024-06-02 00:00:00,8,86722,368,0.98,0.5,0.1,0.4,0
1943603,2024-06-02 00:00:00,9,86477,316,0.55,0.19,0,0,0.19
1943604,2024-06-02 00:00:00,9,89974,358,0.66,0.01,0,0,0.01
1943605,2024-06-02 00:00:00,10,88268,376,1.2,1.58,1.55,0,0.02
1943606,2024-06-02 00:00:00,10,86776,375,1.41,0.27,0.27,0,0
1943607,2024-06-02 00:00:00,10,90153,317,0.73,0.3,0.28,0,0.02
1943608,2024-06-02 00:00:00,11,87242,290,0.68,0.1,0,0.1,0
1943609,2024-06-02 00:00:00,11,90443,343,0.31,0.07,0,0.07,0
1943610,2024-06-02 00:00:00,13,87420,378,1.46,0.01,0,0.01,0
1943611,2024-06-02 00:00:00,13,90336,379,1.48,0.5,0.42,0,0.08
1943612,2024-06-02 00:00:00,13,88014,378,0.63,0,0,0,0
1943613,2024-06-02 00:00:00,13,86993,346,1.05,0.73,0,0,0.73
1943614,2024-06-02 00:00:00,14,89544,290,0.71,0.02,0,0.02,0
1943615,2024-06-02 00:00:00,14,88169,290,0.71,0,0,0,0
1943616,2024-06-02 00:00:00,14,89120,316,0.83,0.01,0,0,0.01
1943617,2024-06-02 00:00:00,14,87219,374,4.61,0.46,0.07,0.39,0
1943618,2024-06-02 00:00:00,14,89855,374,0.73,0.1,0.1,0,0
1943619,2024-06-02 00:00:00,14,87694,379,0.68,0,0,0,0
1943620,2024-06-02 00:00:00,14,87408,374,0.86,0.03,0.01,0.01,0
1943621,2024-06-02 00:00:00,15,89697,374,0.31,0.02,0.02,0,0
1943622,2024-06-02 00:00:00,15,89334,316,0.8,0.02,0,0,0.02
1943623,2024-06-02 00:00:00,16,88083,358,1.81,0.08,0.05,0.03,0
1943624,2024-06-02 00:00:00,16,89459,376,0.28,0,0,0,0
1943625,2024-06-02 00:00:00,16,90089,348,0.63,0,0,0,0
1943626,2024-06-02 00:00:00,16,89039,309,0.65,0.5,0,0,0.5
1943627,2024-06-02 00:00:00,16,89448,378,0.55,0.01,0,0.01,0
1943628,2024-06-02 00:00:00,17,88169,290,0.33,0,0,0,0
1943629,2024-06-02 00:00:00,18,88274,376,0.01,0,0,0,0
1943630,2024-06-02 00:00:00,18,87907,288,0.43,0,0,0,0
1943631,2024-06-02 00:00:00,19,87995,376,0.15,0,0,0,0
1943632,2024-06-02 00:00:00,19,89135,376,0.13,0,0,0,0
1943633,2024-06-02 00:00:00,20,86505,375,0.51,0,0,0,0
1943634,2024-06-02 00:00:00,20,86505,375,1.15,0,0,0,0
1943635,2024-06-02 00:00:00,21,86767,375,1.6,0.08,0.08,0,0
1943636,2024-06-02 00:00:00,21,89245,341,0.58,0,0,0,0
1943637,2024-06-02 00:00:00,21,86818,374,1.1,0.5,0,0.5,0
1943638,2024-06-03 00:00:00,1,86760,378,2.4,0.01,0,0.01,0
1943639,2024-06-03 00:00:00,1,86836,378,0.8,0.01,0,0.01,0
1943640,2024-06-03 00:00:00,5,88504,376,0.23,0.03,0,0,0.03
1943641,2024-06-03 00:00:00,10,87987,346,0.51,0.01,0,0,0.01
1943642,2024-06-03 00:00:00,11,90132,348,0.15,0.01,0,0.01,0
1943643,2024-06-03 00:00:00,12,87376,316,0.23,0.07,0,0.04,0.03
1943644,2024-06-03 00:00:00,12,86877,346,0.5,2.54,0,0,2.54
1943645,2024-06-03 00:00:00,12,87170,329,0.28,0.01,0,0,0.01
1943646,2024-06-03 00:00:00,13,88014,378,1.4,0.07,0,0.07,0
1943647,2024-06-03 00:00:00,13,87892,378,0.1,0.01,0,0,0.01
1943648,2024-06-03 00:00:00,15,90134,334,0.36,0,0,0,0
1943649,2024-06-03 00:00:00,15,89809,350,0.91,0.02,0.02,0,0
1943650,2024-06-03 00:00:00,15,88101,378,1.73,0.64,0.64,0,0
1943651,2024-06-03 00:00:00,15,89065,299,1.73,0.94,0.2,0,0.74
1943652,2024-06-03 00:00:00,15,89510,352,0.95,1.9,0.07,1.16,0.66
1943653,2024-06-03 00:00:00,16,89293,374,0.3,0,0,0,0
1943654,2024-06-03 00:00:00,16,90182,341,1.31,4.83,0,0,4.83
1943655,2024-06-03 00:00:00,16,86666,345,0.61,0.03,0,0.03,0
1943656,2024-06-03 00:00:00,16,90282,316,0.45,0.02,0,0.02,0
1943657,2024-06-03 00:00:00,17,89807,317,1.01,0.69,0,0.69,0
1943658,2024-06-03 00:00:00,17,86982,378,0.45,0,0,0,0
1943659,2024-06-03 00:00:00,17,86520,376,0.28,0,0,0,0
1943660,2024-06-03 00:00:00,18,89807,317,1.65,0.11,0.04,0.07,0
1943661,2024-06-03 00:00:00,18,90319,318,0.1,0,0,0,0
1943662,2024-06-03 00:00:00,20,88924,314,0.56,0.01,0,0.01,0
1943663,2024-06-03 00:00:00,21,89116,309,0.2,0,0,0,0
1943664,2024-06-03 00:00:00,21,88740,319,0.55,0.03,0,0,0.03
1943665,2024-06-03 00:00:00,22,89892,378,0.61,0.01,0,0.01,0
1943666,2024-06-03 00:00:00,23,86742,375,0.61,0.15,0,0.15,0
1943667,2024-06-04 00:00:00,1,86982,378,0.55,0,0,0,0
1943668,2024-06-04 00:00:00,1,87350,375,1.36,0.04,0,0.04,0
1943669,2024-06-04 00:00:00,1,86982,378,0.6,0,0,0,0
1943670,2024-06-04 00:00:00,6,86960,375,1.81,0.77,0,0.77,0
1943671,2024-06-04 00:00:00,11,88725,319,1.16,1.17,0,1.17,0
1943672,2024-06-04 00:00:00,12,89089,346,0.93,7.06,0,0,7.06
1943673,2024-06-04 00:00:00,12,90367,370,0.3,0,0,0,0
1943674,2024-06-04 00:00:00,12,89486,344,0.68,0.12,0,0.12,0
1943675,2024-06-04 00:00:00,13,86867,375,0.81,0.38,0,0.38,0
1943676,2024-06-04 00:00:00,13,89987,341,2.83,2.54,0,2.54,0
1943677,2024-06-04 00:00:00,14,90463,379,0.95,0,0,0,0
1943678,2024-06-04 00:00:00,14,86827,334,0.48,0.12,0,0,0.12
1943679,2024-06-04 00:00:00,15,87914,376,0.01,0,0,0,0
1943680,2024-06-04 00:00:00,15,87272,319,1.06,0.8,0.5,0,0.3
1943681,2024-06-04 00:00:00,16,86603,341,0.55,0.7,0,0,0.7
1943682,2024-06-04 00:00:00,16,87855,349,0.4,0.03,0,0,0.03
1943683,2024-06-04 00:00:00,16,87527,376,0.13,0.01,0,0,0.01
1943684,2024-06-04 00:00:00,17,90025,318,0.45,0.02,0,0.02,0
1943685,2024-06-04 00:00:00,17,87294,375,0.61,0.01,0.01,0,0
1943686,2024-06-04 00:00:00,18,90361,341,0.53,3.51,0,0.51,3
1943687,2024-06-04 00:00:00,18,86827,378,0.28,0,0,0,0
1943688,2024-06-04 00:00:00,19,86818,379,0.65,0.1,0.04,0.06,0
1943689,2024-06-04 00:00:00,20,86595,290,0.96,0.05,0,0.05,0
1943690,2024-06-04 00:00:00,21,87940,317,0.43,0.01,0.01,0,0
1943691,2024-06-04 00:00:00,21,88169,290,0.5,0,0,0,0
1943692,2024-06-04 00:00:00,22,88071,367,0.15,0,0,0,0
1943693,2024-06-04 00:00:00,22,86818,379,0.58,0.02,0.02,0,0
1943694,2024-06-05 00:00:00,5,87410,374,1.05,2.23,0.63,1.6,0
1943695,2024-06-05 00:00:00,7,86818,379,2.58,1,0,1,0
1943696,2024-06-05 00:00:00,9,90069,348,1.1,2,0,2,0
1943697,2024-06-05 00:00:00,11,88423,378,0.33,0,0,0,0
1943698,2024-06-05 00:00:00,13,86827,334,0.11,0,0,0,0
1943699,2024-06-05 00:00:00,13,90319,316,0.26,0.12,0,0.12,0
1943700,2024-06-05 00:00:00,14,90210,333,0.5,0.01,0,0.01,0
1943701,2024-06-05 00:00:00,14,89120,378,0.3,0,0,0,0
1943702,2024-06-05 00:00:00,14,88804,346,1.58,38.5,10.4,0,28.1
1943703,2024-06-05 00:00:00,14,89989,309,0.58,4,0,0,4
1943704,2024-06-05 00:00:00,15,87871,343,0.61,0.05,0.05,0,0
1943705,2024-06-05 00:00:00,15,88055,378,0.23,0.01,0,0,0.01
1943706,2024-06-05 00:00:00,15,88045,378,0.4,0,0,0,0
1943707,2024-06-05 00:00:00,16,87715,291,1.45,0.19,0.19,0,0
1943708,2024-06-05 00:00:00,18,89545,376,0.75,0.08,0,0.08,0
1943709,2024-06-05 00:00:00,18,87527,376,0.11,0.01,0,0,0.01
1943710,2024-06-05 00:00:00,20,90369,319,3.2,0.21,0,0.01,0.2
1943711,2024-06-05 00:00:00,21,87265,320,2.61,0.05,0,0.05,0
1943712,2024-06-05 00:00:00,21,87661,373,2.25,0.29,0.29,0,0
1943713,2024-06-05 00:00:00,23,86777,290,0.6,0,0,0,0
1943714,2024-06-05 00:00:00,23,87221,291,0.96,0.21,0,0.21,0
1943715,2024-06-06 00:00:00,0,89677,290,1.9,0.01,0,0.01,0
1943716,2024-06-06 00:00:00,0,90443,374,0.2,0,0,0,0
1943717,2024-06-06 00:00:00,0,88500,358,0.25,0,0,0,0
1943718,2024-06-06 00:00:00,1,88960,374,1.18,0.02,0,0.02,0
1943719,2024-06-06 00:00:00,3,88427,309,0.51,0.1,0,0.1,0
1943720,2024-06-06 00:00:00,3,88875,333,0.43,0,0,0,0
1943721,2024-06-06 00:00:00,8,89287,376,3.71,0.36,0,0.36,0
1943722,2024-06-06 00:00:00,9,88515,376,0.53,0.04,0,0.04,0
1943723,2024-06-06 00:00:00,11,87818,309,0.41,0,0,0,0
1943724,2024-06-06 00:00:00,11,87283,346,0.35,0.01,0,0,0.01
1943725,2024-06-06 00:00:00,12,88239,378,0.43,0,0,0,0
1943726,2024-06-06 00:00:00,12,88031,319,1.13,0.02,0,0.02,0
1943727,2024-06-06 00:00:00,12,89135,376,0.85,0.05,0,0.05,0
1943728,2024-06-06 00:00:00,13,87914,376,0.13,0,0,0,0
1943729,2024-06-06 00:00:00,13,88274,319,0.3,0,0,0,0
1943730,2024-06-06 00:00:00,13,86693,345,0.31,0.01,0,0.01,0
1943731,2024-06-06 00:00:00,14,89286,319,0.38,0.08,0.08,0,0
1943732,2024-06-06 00:00:00,15,88169,290,2.66,0.04,0,0.04,0
1943733,2024-06-06 00:00:00,15,89667,344,0.85,1.54,0,1.54,0
1943734,2024-06-06 00:00:00,15,87973,374,1.03,1.2,0,1.2,0
1943735,2024-06-06 00:00:00,15,89852,317,0.51,0.21,0.21,0,0
1943736,2024-06-06 00:00:00,16,88484,316,0.23,0.03,0,0,0.03
1943737,2024-06-06 00:00:00,16,89591,366,0.28,0,0,0,0
1943738,2024-06-06 00:00:00,17,88045,358,0.55,0.04,0,0,0.04
1943739,2024-06-06 00:00:00,19,88486,376,0.41,0,0,0,0
1943740,2024-06-06 00:00:00,21,90165,320,0.85,0.1,0,0.1,0
1943741,2024-06-07 00:00:00,2,89667,375,1.96,1.47,0.58,0,0.89
1943742,2024-06-07 00:00:00,6,88876,308,0.03,0.11,0,0.11,0
1943743,2024-06-07 00:00:00,9,90288,319,1.48,0.06,0,0,0.06
1943744,2024-06-07 00:00:00,10,90117,334,0.23,0,0,0,0
1943745,2024-06-07 00:00:00,10,87698,352,0.68,0.29,0,0,0.29
1943746,2024-06-07 00:00:00,12,87858,375,1.16,0.5,0,0.5,0
1943747,2024-06-07 00:00:00,12,88345,341,0.56,0.39,0,0,0.39
1943748,2024-06-07 00:00:00,13,86681,290,6.35,0.85,0.85,0,0
1943749,2024-06-07 00:00:00,13,89152,341,0.4,0.01,0,0.01,0
1943750,2024-06-07 00:00:00,13,87033,308,0.38,0.7,0,0.7,0
1943751,2024-06-07 00:00:00,13,89158,375,1.51,0.16,0.16,0,0
1943752,2024-06-07 00:00:00,14,90374,376,0.51,0.01,0,0.01,0
1943753,2024-06-07 00:00:00,14,88621,308,0.51,0,0,0,0
1943754,2024-06-07 00:00:00,14,88978,320,0.36,0,0,0,0
1943755,2024-06-07 00:00:00,15,88161,374,1,0.66,0.66,0,0
1943756,2024-06-07 00:00:00,15,89120,378,1.01,0,0,0,0
1943757,2024-06-07 00:00:00,15,89317,308,0.78,0.01,0,0.01,0
1943758,2024-06-07 00:00:00,15,88759,308,0.96,0,0,0,0
1943759,2024-06-07 00:00:00,16,87511,375,0.18,0,0,0,0
1943760,2024-06-07 00:00:00,16,89382,358,0.2,0,0,0,0
1943761,2024-06-07 00:00:00,17,89035,316,0.26,0.01,0,0,0.01
1943762,2024-06-07 00:00:00,18,89456,290,1.56,0,0,0,0
1943763,2024-06-07 00:00:00,19,89130,308,0.01,0,0,0,0
1943764,2024-06-07 00:00:00,20,88910,308,0.43,0,0,0,0
1943765,2024-06-07 00:00:00,20,87545,313,0.61,0,0,0,0
1943766,2024-06-07 00:00:00,23,87598,375,0.38,0,0,0,0
1943767,2024-06-08 00:00:00,4,86820,308,0.95,0.03,0,0.03,0
1943768,2024-06-08 00:00:00,5,87822,376,1.48,0.04,0,0.04,0
1943769,2024-06-08 00:00:00,16,86665,346,0.91,3.17,0,0,3.17
1943770,2024-06-08 00:00:00,16,87034,308,0.58,0.01,0,0.01,0
1943771,2024-06-08 00:00:00,17,90443,378,0.21,0.01,0,0,0
1943772,2024-06-08 00:00:00,17,86663,341,0.55,0.02,0,0,0.02
1943773,2024-06-08 00:00:00,18,87314,308,0.83,0.07,0.07,0,0
1943774,2024-06-09 00:00:00,11,89841,376,0.46,0.09,0,0,0.09
1943775,2024-06-09 00:00:00,14,87764,374,1,2.98,2.96,0,0.02
1943776,2024-06-09 00:00:00,16,86573,316,0.75,0.01,0,0.01,0
1943777,2024-06-09 00:00:00,17,87913,345,1.06,0.47,0.11,0,0.36
1943778,2024-06-09 00:00:00,17,88559,378,0.4,0,0,0,0
1943779,2024-06-09 00:00:00,17,88052,309,0.6,1.94,1.48,0,0.45
1943780,2024-06-10 00:00:00,3,90122,376,0.41,0,0,0,0
1943781,2024-06-10 00:00:00,11,89580,319,0.75,0.01,0,0.01,0
1943782,2024-06-10 00:00:00,11,88423,378,0.76,0.06,0,0.06,0
1943783,2024-06-10 00:00:00,13,90210,378,0.53,0,0,0,0
1943784,2024-06-10 00:00:00,14,90295,375,0.51,0.1,0,0.1,0
1943785,2024-06-10 00:00:00,15,88298,319,0.58,0.09,0,0,0.09
1943786,2024-06-10 00:00:00,17,87389,374,0.55,0.06,0.06,0,0
1943787,2024-06-10 00:00:00,17,88978,374,0.61,0.25,0.02,0.23,0
1943788,2024-06-10 00:00:00,22,87311,341,0.63,0.84,0,0.71,0.13
1943789,2024-06-11 00:00:00,5,86682,319,0.56,0,0,0,0
1943790,2024-06-11 00:00:00,6,89817,374,0.81,0.01,0,0.01,0
1943791,2024-06-11 00:00:00,11,87311,343,2.88,12.5,0,0,12.5
1943792,2024-06-11 00:00:00,13,87549,345,0.35,0.12,0,0,0.12
1943793,2024-06-11 00:00:00,13,89076,376,0.81,0.06,0,0,0.06
1943794,2024-06-11 00:00:00,13,89873,346,1.08,2.27,0,0,2.27
1943795,2024-06-11 00:00:00,13,86586,332,0.55,0.05,0,0.05,0
1943796,2024-06-11 00:00:00,14,87342,352,0.41,0.2,0,0,0.2
1943797,2024-06-11 00:00:00,14,87144,378,0.66,0.02,0.02,0,0
1943798,2024-06-11 00:00:00,14,88493,350,0.15,0.11,0,0.11,0
1943799,2024-06-11 00:00:00,14,87410,374,1.5,0.41,0.01,0.4,0
1943800,2024-06-11 00:00:00,15,86665,376,0.4,0.01,0,0,0.01
1943801,2024-06-11 00:00:00,15,87954,378,0.6,0.15,0.15,0,0
1943802,2024-06-11 00:00:00,16,90253,352,0.65,0.03,0,0,0.03
1943803,2024-06-11 00:00:00,17,90316,308,0.63,0.11,0,0,0.11
1943804,2024-06-11 00:00:00,16,88238,334,1.11,0.21,0,0,0.21
1943805,2024-06-11 00:00:00,17,88724,316,0.45,0.33,0.01,0,0.32
1943806,2024-06-11 00:00:00,17,90299,308,0.38,0.39,0,0.39,0
1943807,2024-06-11 00:00:00,18,87600,367,0.25,0.04,0,0,0.04
1943808,2024-06-11 00:00:00,18,88353,308,0.56,0.41,0,0,0.41
1943809,2024-06-11 00:00:00,18,87867,378,0.55,0,0,0,0
1943810,2024-06-12 00:00:00,6,87373,372,0.33,0,0,0,0
1943811,2024-06-12 00:00:00,11,89091,319,0.75,0.43,0,0.43,0
1943812,2024-06-12 00:00:00,12,88986,348,1.56,0.03,0,0.03,0
1943813,2024-06-12 00:00:00,13,87853,346,0.4,0.22,0,0.22,0
1943814,2024-06-12 00:00:00,13,88035,376,0.35,0.04,0,0.04,0
1943815,2024-06-12 00:00:00,14,89506,358,0.28,0.01,0,0.01,0
1943816,2024-06-12 00:00:00,14,88139,352,4.23,114.45,11.01,2.87,100.56
1943817,2024-06-12 00:00:00,14,88519,334,1.23,0.02,0,0,0.02
1943818,2024-06-12 00:00:00,14,88055,332,1.85,3.02,2.07,0.37,0.57
1943819,2024-06-12 00:00:00,15,88414,290,2.26,5,0,5,0
1943820,2024-06-12 00:00:00,15,90300,333,1.03,0,0,0,0
1943821,2024-06-12 00:00:00,16,86746,316,0.51,0,0,0,0
1943822,2024-06-12 00:00:00,16,90197,378,0.03,0,0,0,0
1943823,2024-06-12 00:00:00,16,87585,375,0.48,0.28,0,0,0.28
1943824,2024-06-12 00:00:00,16,88082,375,0.3,0.23,0,0,0.23
1943825,2024-06-12 00:00:00,17,86828,346,0.4,0.77,0,0,0.77
1943826,2024-06-12 00:00:00,18,90367,370,0.51,0,0,0,0
1943827,2024-06-12 00:00:00,18,88487,376,1.3,0.4,0.4,0,0
1943828,2024-06-12 00:00:00,19,90089,316,0.36,0,0,0,0
1943829,2024-06-12 00:00:00,19,89571,376,0.48,0.1,0,0.1,0
1943830,2024-06-12 00:00:00,20,89425,309,0.31,0,0,0,0
1943831,2024-06-13 00:00:00,2,89762,374,0.91,0.02,0,0,0.02
1943832,2024-06-13 00:00:00,10,90283,378,0.28,0.05,0,0.05,0
1943833,2024-06-13 00:00:00,12,86484,348,0.08,0,0,0,0
1943834,2024-06-13 00:00:00,14,86999,367,0.66,1.2,0,1.2,0
1943835,2024-06-13 00:00:00,14,88511,309,0.6,0,0,0,0
1943836,2024-06-13 00:00:00,14,87094,378,0.68,1.54,0,0,1.54
1943837,2024-06-13 00:00:00,14,88495,346,1.13,6.5,0,0,6.5
1943838,2024-06-13 00:00:00,14,86532,348,0.51,0.02,0,0.02,0
1943839,2024-06-13 00:00:00,15,90293,346,1.83,12.78,0.28,0,12.49
1943840,2024-06-13 00:00:00,16,90162,375,0.61,0.02,0,0.02,0
1943841,2024-06-13 00:00:00,16,88293,375,2.21,0.29,0.29,0,0
1943842,2024-06-13 00:00:00,17,88922,375,2.68,2.21,2.21,0,0
1943843,2024-06-13 00:00:00,17,87938,343,0.96,0.49,0.13,0.36,0
1943844,2024-06-13 00:00:00,17,89560,333,0.63,0,0,0,0
1943845,2024-06-13 00:00:00,18,87600,346,0.81,11.62,0,0,11.62
1943846,2024-06-13 00:00:00,18,86603,345,0.68,0.03,0,0,0.03
1943847,2024-06-13 00:00:00,19,89178,375,1.36,0.25,0.25,0,0
1943848,2024-06-13 00:00:00,19,87600,376,0.35,0.06,0,0,0.06
1943849,2024-06-13 00:00:00,20,90231,334,0.26,0,0,0,0
1943850,2024-06-13 00:00:00,21,90097,378,0.13,0,0,0,0
1943851,2024-06-13 00:00:00,22,88071,376,0.76,3.03,0,0,3.03
1943852,2024-06-14 00:00:00,10,88519,376,0.5,0,0,0,0
1943853,2024-06-14 00:00:00,12,87824,316,1.06,1.5,0,0,1.5
1943854,2024-06-14 00:00:00,13,87277,346,1.06,1.79,0,0,1.79
1943855,2024-06-14 00:00:00,13,89265,319,0.33,0,0,0,0
1943856,2024-06-14 00:00:00,14,87958,348,1.05,3.84,2.46,1.38,0
1943857,2024-06-14 00:00:00,14,89814,316,0.46,0.08,0,0,0.08
1943858,2024-06-14 00:00:00,14,86586,346,2.35,28.38,23,0.64,4.72
1943859,2024-06-14 00:00:00,15,86586,378,1.15,0.9,0.9,0,0
1943860,2024-06-14 00:00:00,15,87600,376,0.2,0.02,0,0,0.02
1943861,2024-06-14 00:00:00,16,86628,319,1.18,0.25,0.25,0,0
1943862,2024-06-14 00:00:00,18,88487,376,0.65,0.1,0.1,0,0
1943863,2024-06-14 00:00:00,20,89456,358,0.9,0.36,0,0.36,0
1943864,2024-06-15 00:00:00,3,88406,374,0.96,0,0,0,0
1943865,2024-06-15 00:00:00,11,86586,379,1.8,3.94,2.85,1.09,0
1943866,2024-06-15 00:00:00,13,89815,376,0.3,0.25,0,0,0.25
1943867,2024-06-15 00:00:00,14,87474,319,6.1,44.99,0,41.42,3.57
1943868,2024-06-15 00:00:00,15,86643,334,0.4,0.01,0,0.01,0
1943869,2024-06-15 00:00:00,15,88486,376,0.16,0,0,0,0
1943870,2024-06-15 00:00:00,16,90202,358,0.4,0.04,0,0,0.04
1943871,2024-06-15 00:00:00,17,87413,378,0.51,0,0,0,0
1943872,2024-06-15 00:00:00,17,89802,291,0.4,0,0,0,0
1943873,2024-06-15 00:00:00,18,87410,320,0.73,0.16,0,0.16,0
1943874,2024-06-15 00:00:00,18,87531,329,0.13,0.02,0,0,0.02
1943875,2024-06-15 00:00:00,18,88071,376,0.2,0.04,0,0,0.04
1943876,2024-06-15 00:00:00,19,88463,316,0.36,0,0,0,0
1943877,2024-06-15 00:00:00,19,90097,374,0.48,0.48,0,0,0.48
1943878,2024-06-15 00:00:00,19,87691,290,1.18,0.12,0,0.12,0
1943879,2024-06-15 00:00:00,20,87294,319,0.43,0.01,0.01,0,0
1943880,2024-06-15 00:00:00,21,89841,375,0.25,0.07,0,0,0.07
1943881,2024-06-15 00:00:00,21,87294,374,0.5,0,0,0,0
1943882,2024-06-15 00:00:00,21,87858,320,0.55,0.05,0,0.05,0
1943883,2024-06-15 00:00:00,23,88071,379,0.15,0,0,0,0
1943884,2024-06-16 00:00:00,1,87407,317,0.65,0,0,0,0
1943885,2024-06-16 00:00:00,3,89359,345,0.5,0.06,0,0,0.06
1943886,2024-06-16 00:00:00,11,87652,300,1.25,18.26,8.43,0,9.83
1943887,2024-06-16 00:00:00,12,89841,375,0.75,1.46,0,0,1.46
1943888,2024-06-16 00:00:00,13,87935,376,0.7,0.36,0,0,0.36
1943889,2024-06-16 00:00:00,13,90383,290,0.6,0.01,0,0.01,0
1943890,2024-06-16 00:00:00,15,87584,376,0.86,0.68,0,0.68,0
1943891,2024-06-16 00:00:00,15,86746,317,1.25,0.04,0,0.04,0
1943892,2024-06-16 00:00:00,16,86827,378,0.58,0.28,0,0.28,0
1943893,2024-06-16 00:00:00,17,88147,376,16.1,167.28,43.15,58.79,65.33
1943894,2024-06-16 00:00:00,16,89211,345,0.8,0.01,0,0,0.01
1943895,2024-06-16 00:00:00,17,87753,290,4.88,0.19,0,0.19,0
1943896,2024-06-16 00:00:00,17,89763,378,1.11,0.1,0,0.1,0
1943897,2024-06-16 00:00:00,18,87398,374,0.2,0,0,0,0
1943898,2024-06-16 00:00:00,18,90467,374,0.38,0.01,0,0,0.01
1943899,2024-06-16 00:00:00,19,87398,374,0.11,0,0,0,0
1943900,2024-06-16 00:00:00,19,87274,319,0.45,0,0,0,0
1943901,2024-06-16 00:00:00,20,88611,323,1.05,0.02,0,0.02,0
1943902,2024-06-16 00:00:00,21,89237,290,0.28,0,0,0,0
1943903,2024-06-16 00:00:00,22,86827,378,0.26,0,0,0,0
1943904,2024-06-17 00:00:00,13,87530,341,0.23,0,0,0,0
1943905,2024-06-17 00:00:00,13,88252,334,0.26,0.01,0,0,0.01
1943906,2024-06-17 00:00:00,14,89581,343,0.25,0,0,0,0
1943907,2024-06-17 00:00:00,14,88882,309,0.15,0,0,0,0
1943908,2024-06-17 00:00:00,14,87258,346,0.83,0.13,0,0,0.13
1943909,2024-06-17 00:00:00,15,87936,346,2.45,15.15,11.81,0,3.33
1943910,2024-06-17 00:00:00,15,86658,341,0.23,0,0,0,0
1943911,2024-06-17 00:00:00,16,90331,378,1.43,0.93,0,0.34,0.59
1943912,2024-06-17 00:00:00,17,88939,345,0.36,0.03,0,0,0.03
1943913,2024-06-17 00:00:00,22,89841,375,0.3,0,0,0,0
1943914,2024-06-18 00:00:00,13,87531,319,0.55,0.1,0,0,0.1
1943915,2024-06-18 00:00:00,16,86624,319,0.73,0.05,0,0.05,0
1943916,2024-06-18 00:00:00,16,88791,319,0.46,0.01,0,0,0.01
1943917,2024-06-18 00:00:00,17,86685,346,0.38,0,0,0,0
1943918,2024-06-18 00:00:00,17,88998,375,0.38,0.11,0,0,0.11
1943919,2024-06-18 00:00:00,18,89265,319,0.61,0.02,0,0,0.02
1943920,2024-06-18 00:00:00,20,87448,334,0.21,0,0,0,0
1943921,2024-06-19 00:00:00,12,90446,376,0.76,0.01,0,0.01,0
1943922,2024-06-19 00:00:00,13,89313,376,0.55,0,0,0,0
1943923,2024-06-19 00:00:00,13,88730,334,0.86,1.83,0,0.12,1.71
1943924,2024-06-19 00:00:00,14,88339,290,0.53,0,0,0,0
1943925,2024-06-19 00:00:00,15,86892,317,0.55,0.02,0,0.02,0
1943926,2024-06-19 00:00:00,17,88722,319,0.43,0,0,0,0
1943927,2024-06-19 00:00:00,22,88722,324,0.85,0.04,0,0.04,0
1943928,2024-06-20 00:00:00,14,87325,374,0.26,0.01,0,0,0.01
1943929,2024-06-20 00:00:00,14,89373,334,0.25,0.05,0,0,0.05
1943930,2024-06-20 00:00:00,14,89664,346,0.66,0.58,0,0,0.58
1943931,2024-06-20 00:00:00,14,87490,290,0.3,0.03,0,0.03,0
1943932,2024-06-20 00:00:00,15,89762,376,0.96,0.01,0,0.01,0
1943933,2024-06-20 00:00:00,16,90022,352,0.48,0.22,0,0.22,0
1943934,2024-06-20 00:00:00,16,86534,308,0.66,5.83,0,5.83,0
1943935,2024-06-20 00:00:00,17,87648,320,0.35,0,0,0,0
1943936,2024-06-20 00:00:00,18,86940,334,0.35,0.05,0,0,0.05
1943937,2024-06-20 00:00:00,20,89815,376,0.81,0.11,0,0,0.11
1943938,2024-06-20 00:00:00,21,89909,319,0.83,0,0,0,0
1943939,2024-06-21 00:00:00,11,87031,343,0.33,0.04,0.04,0,0
1943940,2024-06-21 00:00:00,11,87398,374,0.48,0.06,0,0.06,0
1943941,2024-06-21 00:00:00,13,88306,316,0.51,0.01,0,0.01,0
1943942,2024-06-21 00:00:00,13,87553,319,0.48,0.25,0,0.25,0
1943943,2024-06-21 00:00:00,14,87099,290,0.45,0.01,0,0.01,0
1943944,2024-06-21 00:00:00,14,88423,375,0.38,0.07,0.07,0,0
1943945,2024-06-21 00:00:00,14,88630,345,1.25,1.14,1.09,0.05,0
1943946,2024-06-21 00:00:00,14,89346,352,0.18,0.04,0,0,0.04
1943947,2024-06-21 00:00:00,15,88666,348,0.68,0.25,0,0.25,0
1943948,2024-06-21 00:00:00,15,88828,376,0.15,0.02,0,0.02,0
1943949,2024-06-21 00:00:00,15,88298,333,0.15,0.09,0,0.09,0
1943950,2024-06-21 00:00:00,16,86573,316,1.66,0.87,0,0,0.87
1943951,2024-06-21 00:00:00,16,89534,334,0.31,0,0,0,0
1943952,2024-06-21 00:00:00,16,89139,376,0.51,0.43,0,0.43,0
1943953,2024-06-21 00:00:00,17,90229,319,0.5,0.03,0,0.03,0
1943954,2024-06-21 00:00:00,17,90354,313,0.58,0.07,0,0.07,0
1943955,2024-06-21 00:00:00,17,89251,290,3.3,0,0,0,0
1943956,2024-06-21 00:00:00,19,86680,378,0.76,0.03,0,0.03,0
1943957,2024-06-22 00:00:00,4,88423,378,0.55,0,0,0,0
1943958,2024-06-22 00:00:00,6,89902,374,1.06,0.02,0,0.02,0
1943959,2024-06-22 00:00:00,10,89902,349,0.91,0.03,0.02,0.01,0
1943960,2024-06-22 00:00:00,11,89545,326,0.38,0.01,0.01,0,0
1943961,2024-06-22 00:00:00,11,90116,376,0.51,0.05,0.05,0,0
1943962,2024-06-22 00:00:00,12,87681,341,0.65,0.54,0,0,0.54
1943963,2024-06-22 00:00:00,14,89045,374,0.15,0.01,0.01,0,0
1943964,2024-06-22 00:00:00,14,88413,319,0.38,0.1,0,0,0.1
1943965,2024-06-22 00:00:00,15,88492,375,0.45,0.02,0,0.02,0
1943966,2024-06-22 00:00:00,15,88468,376,0.15,0,0,0,0
1943967,2024-06-22 00:00:00,15,87686,319,0.88,0.93,0,0,0.93
1943968,2024-06-22 00:00:00,16,88204,341,1.25,0.04,0,0.04,0
1943969,2024-06-22 00:00:00,17,87338,319,1.03,0.08,0,0,0.08
1943970,2024-06-22 00:00:00,19,89802,316,0.86,0.03,0,0,0.03
1943971,2024-06-22 00:00:00,19,90197,341,0.13,0,0,0,0
1943972,2024-06-22 00:00:00,19,87794,376,1.51,0.35,0,0.35,0
1943973,2024-06-22 00:00:00,23,86958,376,0.66,0.01,0,0.01,0
1943974,2024-06-23 00:00:00,0,87584,376,0.35,0,0,0,0
1943975,2024-06-23 00:00:00,0,89905,378,0.18,0,0,0,0
1943976,2024-06-23 00:00:00,10,89278,341,0.38,0,0,0,0
1943977,2024-06-23 00:00:00,10,90156,346,0.76,0.27,0,0,0.27
1943978,2024-06-23 00:00:00,10,90270,378,0.5,0.21,0,0,0.21
1943979,2024-06-23 00:00:00,12,88423,378,0.25,0,0,0,0
1943980,2024-06-23 00:00:00,12,89120,378,0.25,0.05,0,0.05,0
1943981,2024-06-23 00:00:00,13,87753,290,1.4,0.22,0,0.22,0
1943982,2024-06-23 00:00:00,14,90122,376,0.26,0,0,0,0
1943983,2024-06-23 00:00:00,14,87294,374,0.7,0.1,0.05,0.05,0
1943984,2024-06-23 00:00:00,15,89120,378,0.7,0.2,0,0.2,0
1943985,2024-06-23 00:00:00,15,87444,374,0.86,0.01,0,0.01,0
1943986,2024-06-23 00:00:00,15,88995,374,0.71,0.1,0,0.1,0
1943987,2024-06-23 00:00:00,15,89603,342,0.43,0.05,0,0.05,0
1943988,2024-06-23 00:00:00,16,90110,313,0.48,0.01,0,0,0.01
1943989,2024-06-23 00:00:00,16,89814,319,3.33,5.82,5.82,0,0
1943990,2024-06-23 00:00:00,16,88298,329,0.2,0,0,0,0
1943991,2024-06-23 00:00:00,17,86581,358,1.56,0.3,0.06,0.24,0
1943992,2024-06-23 00:00:00,18,87262,333,0.93,1.18,0.78,0.4,0
1943993,2024-06-23 00:00:00,18,88922,375,0.93,0.01,0.01,0,0
1943994,2024-06-23 00:00:00,19,88749,376,1.11,0.14,0,0,0.14
1943995,2024-06-23 00:00:00,20,88487,378,0.31,0.01,0,0.01,0
1943996,2024-06-23 00:00:00,21,88487,290,1.23,0.01,0.01,0,0
1943997,2024-06-23 00:00:00,21,89192,374,0.35,0.01,0,0.01,0
1943998,2024-06-23 00:00:00,21,87738,376,0.45,0,0,0,0
1943999,2024-06-23 00:00:00,22,89763,376,0.31,0.1,0,0.1,0
1944000,2024-06-23 00:00:00,22,90122,378,0.41,0.1,0,0.1,0
1944001,2024-06-23 00:00:00,22,88487,377,0.36,0,0,0,0
1944002,2024-06-23 00:00:00,22,89892,378,0.36,0.1,0,0.1,0
1944003,2024-06-23 00:00:00,22,89763,378,0.5,0.01,0,0.01,0
1944004,2024-06-23 00:00:00,22,86650,290,0.31,0.1,0,0.1,0
1944005,2024-06-23 00:00:00,22,90358,290,3.55,0,0,0,0
1944006,2024-06-23 00:00:00,22,90358,358,1.2,0.1,0,0.1,0
1944007,2024-06-23 00:00:00,22,87728,376,0.43,0.1,0,0.1,0
1944008,2024-06-23 00:00:00,22,87628,316,0.81,0.01,0,0,0.01
1944009,2024-06-23 00:00:00,23,90122,378,0.35,0,0,0,0
1944010,2024-06-23 00:00:00,23,90492,290,0.26,0.1,0,0.1,0
1944011,2024-06-23 00:00:00,23,89072,290,0.88,0,0,0,0
1944012,2024-06-23 00:00:00,23,90497,290,0.35,0,0,0,0
1944013,2024-06-23 00:00:00,23,88533,378,0.96,0.1,0,0.1,0
1944014,2024-06-23 00:00:00,23,87024,358,1.06,0.01,0,0.01,0
1944015,2024-06-23 00:00:00,23,87092,290,0.55,0,0,0,0
1944016,2024-06-23 00:00:00,23,88401,319,1.2,0.02,0,0.02,0
1944017,2024-06-24 00:00:00,0,89641,345,0.76,0.01,0,0,0.01
1944018,2024-06-24 00:00:00,0,88071,366,0.21,0.04,0,0,0.04
1944019,2024-06-24 00:00:00,0,87827,376,0.85,0.04,0.04,0,0
1944020,2024-06-24 00:00:00,4,89896,375,1.15,0.41,0.41,0,0
1944021,2024-06-24 00:00:00,8,90358,290,0.51,0.01,0,0.01,0
1944022,2024-06-24 00:00:00,9,87315,374,0.65,0.71,0,0,0.71
1944023,2024-06-24 00:00:00,9,88487,378,0.48,0,0,0,0
1944024,2024-06-24 00:00:00,10,88401,379,6,0.02,0,0.02,0
1944025,2024-06-24 00:00:00,11,89175,345,0.55,0.02,0,0,0.02
1944026,2024-06-24 00:00:00,12,88137,347,2.2,1.92,0,0,1.92
1944027,2024-06-24 00:00:00,12,87914,356,1.46,0.34,0,0.34,0
1944028,2024-06-24 00:00:00,13,89925,376,0.21,0,0,0,0
1944029,2024-06-24 00:00:00,14,89376,376,0.03,0.01,0,0.01,0
1944030,2024-06-24 00:00:00,14,86809,334,0.38,0,0,0,0
1944031,2024-06-24 00:00:00,15,89500,346,0.41,0.59,0,0,0.59
1944032,2024-06-24 00:00:00,16,87836,346,0.68,0.2,0,0,0.2
1944033,2024-06-24 00:00:00,16,90377,316,0.76,0.21,0,0,0.21
1944034,2024-06-24 00:00:00,17,88071,346,1.58,11.16,0,0,11.16
1944035,2024-06-24 00:00:00,17,89257,347,14.11,202.13,124.13,17.3,60.68
1944036,2024-06-24 00:00:00,17,88620,347,0.91,1.12,0,1.12,0
1944037,2024-06-24 00:00:00,17,89635,376,0.36,0.22,0,0,0.22
1944038,2024-06-24 00:00:00,18,88252,378,0.3,0.01,0,0.01,0
1944039,2024-06-24 00:00:00,18,89218,319,0.73,0.05,0,0,0.05
1944040,2024-06-24 00:00:00,18,89791,332,0.25,0,0,0,0
1944041,2024-06-24 00:00:00,18,88071,347,0.58,1.12,0,0,1.12
1944042,2024-06-24 00:00:00,19,90122,326,1.63,0.39,0.09,0.3,0
1944043,2024-06-24 00:00:00,20,89283,346,0.88,0.67,0,0,0.67
1944044,2024-06-24 00:00:00,20,88423,348,1.28,0.04,0.04,0,0
1944045,2024-06-24 00:00:00,21,88487,358,0.26,0,0,0,0
1944046,2024-06-24 00:00:00,21,88487,378,0.63,0.01,0,0.01,0
1944047,2024-06-24 00:00:00,21,87740,376,0.7,0.01,0,0.01,0
1944048,2024-06-24 00:00:00,22,89459,375,0.33,0,0,0,0
1944049,2024-06-25 00:00:00,10,88998,376,0.85,0.27,0,0,0.27
1944050,2024-06-25 00:00:00,11,87827,376,0.58,0,0,0,0
1944051,2024-06-25 00:00:00,11,86839,375,0.25,0,0,0,0
1944052,2024-06-25 00:00:00,11,88071,319,0.55,0.91,0,0,0.91
1944053,2024-06-25 00:00:00,14,86847,334,0.05,0.04,0.04,0,0
1944054,2024-06-25 00:00:00,16,86717,334,0.56,0.11,0,0.11,0
1944055,2024-06-25 00:00:00,19,87827,376,0.55,0,0,0,0
1944056,2024-06-25 00:00:00,19,88113,341,1.56,0.44,0,0.44,0
1944057,2024-06-25 00:00:00,21,87974,374,0.78,0.1,0,0.1,0
1944058,2024-06-25 00:00:00,22,87181,378,1.01,0.02,0,0.02,0
1944059,2024-06-25 00:00:00,23,89192,374,0.26,0.01,0,0.01,0
1944060,2024-06-26 00:00:00,2,87642,374,1.25,0.02,0,0,0.02
1944061,2024-06-26 00:00:00,3,89993,374,0.56,0.01,0.01,0,0
1944062,2024-06-26 00:00:00,6,89143,345,0.08,0.04,0,0.04,0
1944063,2024-06-26 00:00:00,7,90358,379,1.85,0.4,0,0.4,0
1944064,2024-06-26 00:00:00,10,86787,374,0.38,0.6,0,0,0.6
1944065,2024-06-26 00:00:00,12,87704,319,0.28,0.04,0,0,0.04
1944066,2024-06-26 00:00:00,13,89656,378,0.4,0.23,0.23,0,0
1944067,2024-06-26 00:00:00,13,89850,290,0.43,0,0,0,0
1944068,2024-06-26 00:00:00,13,90310,290,1.48,0.05,0,0.05,0
1944069,2024-06-26 00:00:00,13,88667,316,1.3,0.03,0,0.03,0
1944070,2024-06-26 00:00:00,14,88045,333,0.31,0.03,0,0,0.03
1944071,2024-06-26 00:00:00,15,88794,319,1.15,0.02,0,0,0.02
1944072,2024-06-26 00:00:00,15,89871,319,0.5,0.15,0,0,0.15
1944073,2024-06-26 00:00:00,15,87740,379,0.38,0.01,0,0.01,0
1944074,2024-06-26 00:00:00,15,89857,319,0.78,0.04,0.04,0,0
1944075,2024-06-26 00:00:00,15,89222,346,1.91,26.34,18.21,0,8.13
1944076,2024-06-26 00:00:00,15,89673,337,0.03,0.08,0,0,0.08
1944077,2024-06-26 00:00:00,16,89359,358,0.78,0.28,0.28,0,0
1944078,2024-06-26 00:00:00,16,90052,376,0.23,0.01,0,0,0.01
1944079,2024-06-26 00:00:00,16,89152,376,0.9,0.01,0.01,0,0
1944080,2024-06-26 00:00:00,16,88819,347,2.18,0.42,0.4,0.02,0
1944081,2024-06-26 00:00:00,16,89656,378,0.85,0.03,0.03,0,0
1944082,2024-06-26 00:00:00,21,89000,328,0.01,0,0,0,0
1944083,2024-06-26 00:00:00,21,89169,378,1.33,0.04,0,0.04,0
1944084,2024-06-26 00:00:00,22,88131,341,0.7,2.04,2.04,0,0
1944085,2024-06-27 00:00:00,6,87778,374,0.45,0,0,0,0
1944086,2024-06-27 00:00:00,8,87325,317,0.63,0.01,0.01,0,0
1944087,2024-06-27 00:00:00,10,89863,320,2.68,0.3,0,0.3,0
1944088,2024-06-27 00:00:00,11,89220,378,0.36,0,0,0,0
1944089,2024-06-27 00:00:00,11,90270,375,2.71,0.88,0.88,0,0
1944090,2024-06-27 00:00:00,11,89306,376,0.76,0.29,0,0,0.29
1944091,2024-06-27 00:00:00,12,87827,376,0.76,0.04,0,0.04,0
1944092,2024-06-27 00:00:00,13,87600,343,0.21,0,0,0,0
1944093,2024-06-27 00:00:00,13,86921,317,0.4,0.17,0,0.17,0
1944094,2024-06-27 00:00:00,14,87938,313,0.58,0.05,0,0.05,0
1944095,2024-06-27 00:00:00,15,88482,376,0.13,0,0,0,0
1944096,2024-06-27 00:00:00,15,88287,374,1.33,0.04,0.04,0,0
1944097,2024-06-27 00:00:00,15,88113,358,0.48,0.14,0,0.14,0
1944098,2024-06-27 00:00:00,17,90268,347,1.16,0.07,0,0,0.07
1944099,2024-06-27 00:00:00,19,87201,345,0.85,2.06,0,0.69,1.37
1944100,2024-06-27 00:00:00,21,88487,376,0.61,0.01,0,0.01,0
1944101,2024-06-27 00:00:00,21,89412,308,0.45,0,0,0,0
1944102,2024-06-27 00:00:00,20,90358,379,0.81,0.1,0,0.1,0
1944103,2024-06-27 00:00:00,21,89601,308,0.2,0,0,0,0
1944104,2024-06-27 00:00:00,22,87085,374,0.63,0.01,0,0.01,0
1944105,2024-06-27 00:00:00,23,86963,290,0.53,0,0,0,0
1944106,2024-06-27 00:00:00,23,88259,374,0.65,0.03,0,0,0.03
1944107,2024-06-27 00:00:00,23,90065,377,1.28,0.06,0,0.06,0
1944108,2024-06-28 00:00:00,2,87410,374,7.4,47.2,24.77,22.43,0
1944109,2024-06-28 00:00:00,6,89120,378,1.75,0.05,0,0.05,0
1944110,2024-06-28 00:00:00,12,87827,376,3.26,0,0,0,0
1944111,2024-06-28 00:00:00,12,89894,316,1,0.03,0,0.03,0
1944112,2024-06-28 00:00:00,16,88998,375,0.35,0,0,0,0
1944113,2024-06-28 00:00:00,18,89425,309,0.35,0.01,0,0,0.01
1944114,2024-06-28 00:00:00,21,88071,376,0.28,0.08,0,0,0.08
1944115,2024-06-28 00:00:00,21,87064,313,0.33,0,0,0,0
1944116,2024-06-28 00:00:00,22,88502,376,0.28,0,0,0,0
1944117,2024-06-28 00:00:00,22,86533,375,0.31,0.12,0,0,0.12
1944118,2024-06-29 00:00:00,14,86655,290,1.11,0.01,0,0,0.01
1944119,2024-06-29 00:00:00,14,87827,376,1.16,0,0,0,0
1944120,2024-06-29 00:00:00,15,89169,378,0.66,0.02,0,0.02,0
1944121,2024-06-29 00:00:00,16,90083,322,0.68,0.22,0,0.22,0
1944122,2024-06-29 00:00:00,18,88146,341,0.3,0,0,0,0
1944123,2024-06-29 00:00:00,22,89610,378,0.76,0.02,0,0.02,0
1944124,2024-06-30 00:00:00,5,89306,376,2.41,2.97,1.49,1.48,0
1944125,2024-06-30 00:00:00,14,88998,374,0.5,0.43,0,0,0.43
1944126,2024-06-30 00:00:00,15,88998,309,0.38,0,0,0,0
1944127,2024-06-30 00:00:00,15,90015,319,0.41,0.44,0,0.44,0
1944128,2024-06-30 00:00:00,15,88568,378,0.2,0,0,0,0
1944129,2024-06-30 00:00:00,17,88071,367,0.23,0.48,0,0,0.48
1944130,2024-06-30 00:00:00,18,86989,341,0.71,1.13,0,0,1.13
1944131,2024-07-01 00:00:00,11,89504,374,0.85,0.02,0,0.02,0
1944132,2024-07-01 00:00:00,12,87527,376,1.28,0.91,0.91,0,0
1944133,2024-07-01 00:00:00,13,89478,378,0.58,0.29,0,0.29,0
1944134,2024-07-01 00:00:00,13,87608,290,0.65,0.01,0,0.01,0
1944135,2024-07-01 00:00:00,14,90065,378,0.53,0.05,0,0.05,0
1944136,2024-07-01 00:00:00,14,87337,319,0.68,0.01,0,0.01,0
1944137,2024-07-01 00:00:00,15,87740,379,0.43,0.01,0.01,0,0
1944138,2024-07-01 00:00:00,17,87738,376,0.6,0,0,0,0
1944139,2024-07-01 00:00:00,17,87738,376,0.5,0.04,0,0.04,0
1944140,2024-07-01 00:00:00,17,87847,352,0.21,0.1,0,0,0.1
1944141,2024-07-01 00:00:00,17,86551,376,1.35,0.05,0,0.05,0
1944142,2024-07-01 00:00:00,17,87258,309,0.26,0.1,0,0,0.1
1944143,2024-07-01 00:00:00,17,89993,319,0.48,0.01,0,0,0.01
1944144,2024-07-01 00:00:00,18,89526,376,1.11,0.19,0,0.19,0
1944145,2024-07-01 00:00:00,19,87669,324,0.48,0,0,0,0
1944146,2024-07-01 00:00:00,20,88998,375,0.68,0.28,0,0,0.28
1944147,2024-07-02 00:00:00,4,87387,376,7.45,14.39,14.39,0,0
1944148,2024-07-02 00:00:00,12,87938,352,0.6,0.04,0,0,0.04
1944149,2024-07-02 00:00:00,13,88483,375,0.68,0.07,0.04,0.03,0
1944150,2024-07-02 00:00:00,13,89724,376,0.36,0.4,0.4,0,0
1944151,2024-07-02 00:00:00,13,88324,346,0.18,0.05,0,0.05,0
1944152,2024-07-02 00:00:00,13,89711,319,0.13,0,0,0,0
1944153,2024-07-02 00:00:00,14,88131,309,0.73,4.69,4.69,0,0
1944154,2024-07-02 00:00:00,14,88635,309,0.33,0.13,0,0.13,0
1944155,2024-07-02 00:00:00,14,89116,358,1.13,1.52,0.02,0.49,1
1944156,2024-07-02 00:00:00,14,89068,376,3.76,35.11,35.11,0,0
1944157,2024-07-02 00:00:00,15,89343,317,0.33,0.05,0,0.05,0
1944158,2024-07-02 00:00:00,15,88483,375,0.73,0.02,0,0.02,0
1944159,2024-07-02 00:00:00,15,90170,350,0.56,0,0,0,0
1944160,2024-07-02 00:00:00,17,88045,378,0.51,0.02,0,0,0.02
1944161,2024-07-02 00:00:00,17,87383,346,0.86,0.69,0.34,0,0.34
1944162,2024-07-02 00:00:00,18,87684,317,0.8,0.06,0,0,0.06
1944163,2024-07-02 00:00:00,18,90461,341,0.61,0.36,0,0,0.36
1944164,2024-07-03 00:00:00,1,89192,374,0.48,0,0,0,0
1944165,2024-07-03 00:00:00,9,88395,342,0.2,0,0,0,0
1944166,2024-07-03 00:00:00,11,87601,351,0.61,1.64,0,0,1.64
1944167,2024-07-03 00:00:00,12,89448,375,0.85,0.09,0,0.09,0
1944168,2024-07-03 00:00:00,12,87936,376,2.9,44.42,24.5,19.91,0
1944169,2024-07-03 00:00:00,13,87351,374,0.78,0.08,0,0.08,0
1944170,2024-07-03 00:00:00,13,86665,376,1.23,5.69,0,0,5.69
1944171,2024-07-03 00:00:00,13,89275,318,0.21,0.3,0,0.3,0
1944172,2024-07-03 00:00:00,13,89995,341,0.45,0.47,0,0.47,0
1944173,2024-07-03 00:00:00,13,89068,345,5.4,25.38,23.43,1.94,0
1944174,2024-07-03 00:00:00,14,87194,376,0.4,0,0,0,0
1944175,2024-07-03 00:00:00,14,87064,375,0.6,0.19,0,0,0.19
1944176,2024-07-03 00:00:00,15,88052,309,0.86,1.26,0,0,1.26
1944177,2024-07-03 00:00:00,15,87527,376,2.38,0.4,0.4,0,0
1944178,2024-07-03 00:00:00,15,90467,374,0.45,0.11,0,0,0.11
1944179,2024-07-03 00:00:00,15,88501,309,1.13,0.15,0,0.15,0
1944180,2024-07-03 00:00:00,15,90463,290,0.78,0.02,0,0.02,0
1944181,2024-07-03 00:00:00,16,87252,333,1.11,1.87,1.76,0.07,0.03
1944182,2024-07-03 00:00:00,17,87753,290,1.41,0.01,0,0.01,0
1944183,2024-07-03 00:00:00,18,88872,378,0.53,0,0,0,0
1944184,2024-07-03 00:00:00,18,88604,358,0.71,0.12,0,0,0.12
1944185,2024-07-03 00:00:00,19,87732,376,0.35,0.05,0,0.05,0
1944186,2024-07-03 00:00:00,19,87294,374,0.6,0.01,0,0,0
1944187,2024-07-03 00:00:00,20,87471,290,1.1,0,0,0,0
1944188,2024-07-03 00:00:00,23,87641,319,0.7,0,0,0,0
1944189,2024-07-04 00:00:00,9,88511,341,0.5,0.14,0,0,0.14
1944190,2024-07-04 00:00:00,10,89472,350,0.51,0.02,0.02,0,0
1944191,2024-07-04 00:00:00,11,88487,378,0.75,0.01,0,0.01,0
1944192,2024-07-04 00:00:00,12,90286,346,0.6,0.16,0,0,0.16
1944193,2024-07-04 00:00:00,13,90372,369,0.76,0.52,0.5,0.02,0
1944194,2024-07-04 00:00:00,13,86993,341,1.33,3.41,3.41,0,0
1944195,2024-07-04 00:00:00,14,86652,345,0.5,0,0,0,0
1944196,2024-07-04 00:00:00,14,90273,334,0.33,0.05,0,0.05,0
1944197,2024-07-04 00:00:00,14,86560,290,0.3,0.01,0,0,0.01
1944198,2024-07-04 00:00:00,14,90110,316,0.33,0,0,0,0
1944199,2024-07-04 00:00:00,14,88533,378,0.5,0.1,0,0.1,0
1944200,2024-07-04 00:00:00,14,88929,376,1.1,0.02,0,0.02,0
1944201,2024-07-04 00:00:00,15,90134,342,1.76,69.03,0,65.71,3.32
1944202,2024-07-04 00:00:00,15,86847,341,1.45,1.7,1.7,0,0
1944203,2024-07-04 00:00:00,15,88457,376,0.35,0,0,0,0
1944204,2024-07-04 00:00:00,15,89346,378,0.63,0.01,0,0,0.01
1944205,2024-07-04 00:00:00,15,89674,378,0.6,0,0,0,0
1944206,2024-07-04 00:00:00,15,89896,375,2.25,0.1,0.02,0.08,0
1944207,2024-07-04 00:00:00,16,90380,333,1.01,2.1,0,0,2.1
1944208,2024-07-04 00:00:00,18,87398,319,0.25,0,0,0,0
1944209,2024-07-04 00:00:00,18,88626,376,0.13,0.01,0,0.01,0
1944210,2024-07-04 00:00:00,20,88800,290,0.45,0.01,0,0.01,0
1944211,2024-07-04 00:00:00,21,89120,378,0.76,0.01,0,0.01,0
1944212,2024-07-04 00:00:00,23,88661,375,2.93,0.1,0.1,0,0
1944213,2024-07-04 00:00:00,23,88319,374,1.4,0,0,0,0
1944214,2024-07-04 00:00:00,23,86686,375,0.4,0.01,0.01,0,0
1944215,2024-07-05 00:00:00,0,87410,374,1.86,1.2,0,1.2,0
1944216,2024-07-05 00:00:00,0,90298,376,0.46,0,0,0,0
1944217,2024-07-05 00:00:00,1,90303,378,1.16,0.16,0,0.16,0
1944218,2024-07-05 00:00:00,4,89120,378,0.63,0.02,0,0.02,0
1944219,2024-07-05 00:00:00,10,88708,378,0.3,0.41,0.41,0,0
1944220,2024-07-05 00:00:00,10,87625,376,0.18,0.01,0,0.01,0
1944221,2024-07-05 00:00:00,10,87320,374,0.81,0.5,0,0.5,0
1944222,2024-07-05 00:00:00,10,88082,316,2.33,5.95,0.95,4.99,0
1944223,2024-07-05 00:00:00,10,89521,374,2.73,0.15,0.15,0,0
1944224,2024-07-05 00:00:00,11,88533,376,0.58,0.05,0,0.05,0
1944225,2024-07-05 00:00:00,11,86590,290,0.48,0.15,0,0.15,0
1944226,2024-07-05 00:00:00,12,88233,352,0.81,1.8,0,0,1.8
1944227,2024-07-05 00:00:00,12,86768,374,0.53,0.01,0,0.01,0
1944228,2024-07-05 00:00:00,12,87350,375,0.8,0.26,0.26,0,0
1944229,2024-07-05 00:00:00,13,89120,376,1.4,0.05,0,0.05,0
1944230,2024-07-05 00:00:00,13,88380,376,0.76,0.02,0,0.02,0
1944231,2024-07-05 00:00:00,14,87263,345,0.28,0.15,0,0.15,0
1944232,2024-07-05 00:00:00,15,89384,375,0.66,0.1,0,0,0.1
1944233,2024-07-05 00:00:00,15,87708,378,0.6,0,0,0,0
1944234,2024-07-05 00:00:00,15,87313,378,0.66,0,0,0,0
1944235,2024-07-05 00:00:00,15,87753,290,3.63,0.02,0,0.02,0
1944236,2024-07-05 00:00:00,15,89081,376,0.5,0,0,0,0
1944237,2024-07-05 00:00:00,15,89896,375,1.51,0.15,0,0.15,0
1944238,2024-07-05 00:00:00,16,86534,376,0.58,0.02,0,0.02,0
1944239,2024-07-05 00:00:00,16,89521,379,0.98,0.5,0.5,0,0
1944240,2024-07-05 00:00:00,18,89185,375,1.6,0.03,0,0.03,0
1944241,2024-07-05 00:00:00,18,88239,376,1.3,0.01,0,0.01,0
1944242,2024-07-05 00:00:00,20,89945,376,1.03,0.01,0,0.01,0
1944243,2024-07-05 00:00:00,21,88339,290,0.36,0,0,0,0
1944244,2024-07-05 00:00:00,22,89841,371,0.35,0.34,0,0,0.34
1944245,2024-07-05 00:00:00,23,88293,375,0.75,0.02,0.02,0,0
1944246,2024-07-05 00:00:00,23,86794,374,1.06,0.02,0,0.02,0
1944247,2024-07-06 00:00:00,0,89741,345,0.61,0.29,0,0,0.29
1944248,2024-07-06 00:00:00,6,88319,374,1.15,0.1,0.1,0,0
1944249,2024-07-06 00:00:00,8,89120,378,0.75,0.01,0,0.01,0
1944250,2024-07-06 00:00:00,10,87769,333,0.46,0,0,0,0
1944251,2024-07-06 00:00:00,10,89293,329,0.21,0.01,0,0,0.01
1944252,2024-07-06 00:00:00,12,87320,375,0.36,0.02,0.02,0,0
1944253,2024-07-06 00:00:00,12,87917,319,0.36,0,0,0,0
1944254,2024-07-06 00:00:00,12,88439,316,0.38,0.02,0,0,0.02
1944255,2024-07-06 00:00:00,12,90457,288,4.31,45.6,45.05,0.54,0
1944256,2024-07-06 00:00:00,13,89285,378,0.81,0,0,0,0
1944257,2024-07-06 00:00:00,13,88533,378,0.76,0.3,0,0.3,0
1944258,2024-07-06 00:00:00,13,90121,376,0.41,0.02,0,0,0.02
1944259,2024-07-06 00:00:00,13,86652,326,1.1,0.14,0,0,0.14
1944260,2024-07-06 00:00:00,14,88298,376,0.2,0,0,0,0
1944261,2024-07-06 00:00:00,14,88257,358,0.26,0,0,0,0
1944262,2024-07-06 00:00:00,14,90358,379,1.8,0.01,0,0.01,0
1944263,2024-07-06 00:00:00,14,86801,374,1.38,0.2,0.2,0,0
1944264,2024-07-06 00:00:00,14,89459,309,0.65,0,0,0,0
1944265,2024-07-06 00:00:00,15,87192,375,2.48,3.94,2.61,0.17,1.16
1944266,2024-07-06 00:00:00,15,89058,341,0.95,0.02,0,0.02,0
1944267,2024-07-06 00:00:00,16,90358,290,0.6,0.05,0,0.05,0
1944268,2024-07-06 00:00:00,16,88487,376,0.46,0.01,0,0.01,0
1944269,2024-07-06 00:00:00,16,88998,375,0.31,0.01,0,0,0.01
1944270,2024-07-06 00:00:00,17,88220,378,2.7,36.85,34.08,0.36,2.4
1944271,2024-07-06 00:00:00,17,87403,317,0.46,0,0,0,0
1944272,2024-07-06 00:00:00,17,89205,341,1.43,0.28,0.07,0.21,0
1944273,2024-07-06 00:00:00,17,87357,341,0.15,0.17,0,0,0.17
1944274,2024-07-06 00:00:00,18,89120,378,0.95,0.04,0,0.04,0
1944275,2024-07-06 00:00:00,18,90341,376,0.5,0,0,0,0
1944276,2024-07-06 00:00:00,19,87531,329,0.13,0.01,0,0.01,0
1944277,2024-07-06 00:00:00,20,88384,316,0.41,0.05,0,0,0.05
1944278,2024-07-06 00:00:00,20,90305,378,0.51,0,0,0,0
1944279,2024-07-06 00:00:00,20,88787,309,2.08,0.01,0,0.01,0
1944280,2024-07-06 00:00:00,21,86840,290,0.45,0,0,0,0
1944281,2024-07-06 00:00:00,22,89058,341,0.8,0,0,0,0
1944282,2024-07-06 00:00:00,22,89841,371,0.68,0.31,0,0,0.31
1944283,2024-07-06 00:00:00,23,89413,374,1.2,0,0,0,0
1944284,2024-07-07 00:00:00,0,89759,317,0.6,0,0,0,0
1944285,2024-07-07 00:00:00,1,87146,380,0.61,0,0,0,0
1944286,2024-07-07 00:00:00,1,87320,375,1.16,0.03,0.03,0,0
1944287,2024-07-07 00:00:00,2,89759,374,0.48,0,0,0,0
1944288,2024-07-07 00:00:00,3,86582,374,0.66,0.01,0,0,0.01
1944289,2024-07-07 00:00:00,4,88533,378,0.66,0,0,0,0
1944290,2024-07-07 00:00:00,10,88301,317,0.46,0.01,0,0.01,0
1944291,2024-07-07 00:00:00,10,89197,358,0.4,0.1,0,0,0.1
1944292,2024-07-07 00:00:00,11,88002,375,0.3,0,0,0,0
1944293,2024-07-07 00:00:00,12,90217,319,0.73,0.09,0,0,0.09
1944294,2024-07-07 00:00:00,12,87204,316,0.48,0.01,0,0,0.01
1944295,2024-07-07 00:00:00,13,89549,318,0.23,0,0,0,0
1944296,2024-07-07 00:00:00,13,90117,332,2.6,0.1,0,0,0.1
1944297,2024-07-07 00:00:00,14,87527,378,0.6,0,0,0,0
1944298,2024-07-07 00:00:00,14,88917,378,0.35,0.05,0,0,0.05
1944299,2024-07-07 00:00:00,14,89980,337,0.88,0.06,0,0.06,0
1944300,2024-07-07 00:00:00,15,88405,376,0.35,0.01,0,0.01,0
1944301,2024-07-07 00:00:00,15,90024,376,0.23,0,0,0,0
1944302,2024-07-07 00:00:00,16,88268,290,0.33,0.01,0,0,0.01
1944303,2024-07-07 00:00:00,17,89841,334,0.31,0.02,0,0,0.02
1944304,2024-07-07 00:00:00,18,87600,345,0.46,0.57,0,0,0.57
1944305,2024-07-07 00:00:00,19,89651,375,3.1,0.11,0.03,0.08,0
1944306,2024-07-07 00:00:00,19,88487,376,0.68,0.1,0,0.1,0
1944307,2024-07-07 00:00:00,19,88519,341,0.26,0.01,0,0,0.01
1944308,2024-07-07 00:00:00,21,87505,290,0.85,0,0,0,0
1944309,2024-07-07 00:00:00,21,88998,375,0.6,0.17,0,0,0.17
1944310,2024-07-07 00:00:00,21,88926,378,0.16,0,0,0,0
1944311,2024-07-07 00:00:00,21,89192,374,0.56,0.01,0,0.01,0
1944312,2024-07-07 00:00:00,22,89240,326,0.26,0,0,0,0
1944313,2024-07-08 00:00:00,5,89120,376,1.66,0.04,0,0.04,0
1944314,2024-07-08 00:00:00,7,88774,317,2.7,0,0,0,0
1944315,2024-07-08 00:00:00,9,90303,378,1.18,0.18,0,0.18,0
1944316,2024-07-08 00:00:00,10,88524,369,0.23,0.06,0,0,0.06
1944317,2024-07-08 00:00:00,10,87387,376,10.06,48.62,43.37,4.99,0.24
1944318,2024-07-08 00:00:00,10,90400,320,0.76,1.35,0,1.34,0
1944319,2024-07-08 00:00:00,11,87631,376,0.41,0,0,0,0
1944320,2024-07-08 00:00:00,12,88892,342,0.35,0,0,0,0
1944321,2024-07-08 00:00:00,12,87715,376,1.61,0.04,0.04,0,0
1944322,2024-07-08 00:00:00,13,90380,358,0.31,0.04,0,0,0.04
1944323,2024-07-08 00:00:00,13,90358,378,4.9,6.87,5.23,0,1.63
1944324,2024-07-08 00:00:00,13,90278,345,0.6,0.1,0.02,0,0.08
1944325,2024-07-08 00:00:00,13,87433,334,0.23,0.1,0,0.1,0
1944326,2024-07-08 00:00:00,14,86598,346,2.28,15.79,0,0,15.79
1944327,2024-07-08 00:00:00,15,90306,346,0.65,14.28,0,1.25,13.03
1944328,2024-07-08 00:00:00,15,88481,378,0.56,0.01,0,0.01,0
1944329,2024-07-08 00:00:00,16,89655,358,1.73,0.74,0,0,0.74
1944330,2024-07-08 00:00:00,16,88999,376,1.01,1.49,0.87,0,0.61
1944331,2024-07-08 00:00:00,16,88816,319,0.45,0,0,0,0
1944332,2024-07-08 00:00:00,16,87491,376,1.6,0.16,0,0,0.16
1944333,2024-07-08 00:00:00,17,87288,378,2.03,0.16,0,0,0.16
1944334,2024-07-08 00:00:00,17,88071,352,1.71,17.5,0,0.9,16.6
1944335,2024-07-08 00:00:00,17,87574,352,2.13,9.74,3.35,0,6.39
1944336,2024-07-08 00:00:00,18,89420,375,2.2,0.17,0.17,0,0
1944337,2024-07-08 00:00:00,18,87144,290,1.65,0,0,0,0
1944338,2024-07-08 00:00:00,19,86898,376,0.3,0.04,0,0,0.04
1944339,2024-07-08 00:00:00,19,90131,320,0.7,0.01,0,0.01,0
1944340,2024-07-08 00:00:00,20,89521,379,0.56,0.03,0.03,0,0
1944341,2024-07-08 00:00:00,21,90400,379,1.41,1.61,0.08,1.53,0
1944342,2024-07-08 00:00:00,21,89604,290,1.16,0.1,0,0.1,0
1944343,2024-07-08 00:00:00,22,87664,316,0.68,0,0,0,0
1944344,2024-07-08 00:00:00,22,90213,375,1.61,2,0,2,0
1944345,2024-07-08 00:00:00,23,87728,377,0.65,0,0,0,0
1944346,2024-07-08 00:00:00,23,88125,374,1.26,1.5,0,0,1.5
1944347,2024-07-08 00:00:00,23,89147,359,1.88,1.22,0,1.22,0
1944348,2024-07-09 00:00:00,2,89905,378,0.23,0,0,0,0
1944349,2024-07-09 00:00:00,11,90157,376,0.35,0,0,0,0
1944350,2024-07-09 00:00:00,13,88071,347,0.81,5.96,0,0,5.96
1944351,2024-07-09 00:00:00,14,90331,376,2.33,14.84,14.84,0,0
1944352,2024-07-09 00:00:00,18,89257,376,0.33,0.01,0,0,0.01
1944353,2024-07-09 00:00:00,21,87201,376,0.2,0.11,0,0,0.11
1944354,2024-07-10 00:00:00,10,87790,341,0.4,0.68,0.68,0,0
1944355,2024-07-10 00:00:00,12,88487,376,0.31,0,0,0,0
1944356,2024-07-10 00:00:00,14,86682,374,0.23,0.01,0,0.01,0
1944357,2024-07-10 00:00:00,15,86494,341,0.31,0,0,0,0
1944358,2024-07-10 00:00:00,15,88998,375,0.28,0,0,0,0
1944359,2024-07-10 00:00:00,15,88648,376,0.33,0.1,0,0,0.1
1944360,2024-07-10 00:00:00,17,88434,320,0.51,0.01,0.01,0,0
1944361,2024-07-10 00:00:00,17,87398,374,0.43,0.03,0,0.03,0
1944362,2024-07-10 00:00:00,21,89340,314,0.35,0.01,0,0,0.01
1944363,2024-07-11 00:00:00,13,88684,375,0.8,0.02,0,0,0.02
1944364,2024-07-11 00:00:00,13,88147,358,0.45,0.06,0,0,0.06
1944365,2024-07-11 00:00:00,14,88167,378,4.2,23.23,6,2.21,15.02
1944366,2024-07-11 00:00:00,15,89199,341,0.33,0,0,0,0
1944367,2024-07-11 00:00:00,15,89421,316,0.45,0,0,0,0
1944368,2024-07-11 00:00:00,17,90068,345,0.81,0.06,0,0.06,0
1944369,2024-07-11 00:00:00,17,87813,346,0.98,1,0.25,0,0.75
1944370,2024-07-11 00:00:00,17,88045,341,0.38,0,0,0,0
1944371,2024-07-11 00:00:00,17,89779,374,0.35,0.04,0,0,0.04
1944372,2024-07-11 00:00:00,18,90213,316,0.51,0.1,0,0,0.1
1944373,2024-07-11 00:00:00,19,89226,374,0.88,0.02,0,0.02,0
1944374,2024-07-11 00:00:00,20,88875,333,0.18,0,0,0,0
1944375,2024-07-11 00:00:00,20,87271,376,0.5,0.35,0,0.35,0
1944376,2024-07-11 00:00:00,21,89221,341,0.48,0.36,0,0,0.36
1944377,2024-07-12 00:00:00,0,89192,374,0.56,0,0,0,0
1944378,2024-07-12 00:00:00,1,90367,374,0.41,0,0,0,0
1944379,2024-07-12 00:00:00,10,90122,376,0.8,0,0,0,0
1944380,2024-07-12 00:00:00,11,88998,346,1.23,3.19,0,0,3.19
1944381,2024-07-12 00:00:00,12,87484,345,0.05,0.02,0,0,0.02
1944382,2024-07-12 00:00:00,13,88684,375,0.41,0,0,0,0
1944383,2024-07-12 00:00:00,13,88832,320,0.33,0.05,0,0,0.05
1944384,2024-07-12 00:00:00,13,87913,345,1.23,1.14,0,0,1.14
1944385,2024-07-12 00:00:00,13,88932,345,1.55,0.3,0,0,0.3
1944386,2024-07-12 00:00:00,14,87379,358,0.45,0.01,0,0,0.01
1944387,2024-07-12 00:00:00,14,90066,375,0.41,0.07,0,0.07,0
1944388,2024-07-12 00:00:00,15,88832,358,0.36,0.1,0,0,0.1
1944389,2024-07-12 00:00:00,15,88592,378,0.28,0.15,0,0,0.15
1944390,2024-07-12 00:00:00,15,90184,334,0.35,0.06,0,0.06,0
1944391,2024-07-12 00:00:00,15,90004,376,1.71,7.02,1.31,0,5.7
1944392,2024-07-12 00:00:00,16,90358,290,0.45,0,0,0,0
1944393,2024-07-12 00:00:00,16,90452,319,0.55,0.03,0,0.03,0
1944394,2024-07-12 00:00:00,16,88998,379,1.31,1.64,1.04,0,0.59
1944395,2024-07-12 00:00:00,16,88077,375,0.45,0.1,0,0.1,0
1944396,2024-07-12 00:00:00,17,90452,352,0.46,0,0,0,0
1944397,2024-07-12 00:00:00,17,89340,376,0.96,0.1,0,0,0.1
1944398,2024-07-12 00:00:00,17,87144,376,1.33,0.06,0,0.06,0
1944399,2024-07-12 00:00:00,18,90255,375,2.06,2.18,0,0,2.18
1944400,2024-07-12 00:00:00,19,86842,378,0.43,0,0,0,0
1944401,2024-07-12 00:00:00,20,87608,288,0.71,0,0,0,0
1944402,2024-07-12 00:00:00,22,89174,375,0.8,0.01,0,0,0.01
1944403,2024-07-13 00:00:00,2,87781,374,0.68,0.01,0,0.01,0
1944404,2024-07-13 00:00:00,6,88860,374,0.21,0.02,0.01,0,0
1944405,2024-07-13 00:00:00,9,88865,288,0.4,0.1,0,0,0.1
1944406,2024-07-13 00:00:00,10,86632,374,0.33,0.06,0,0.06,0
1944407,2024-07-13 00:00:00,12,86877,309,3.73,18.21,4.03,5.78,8.39
1944408,2024-07-13 00:00:00,13,89811,376,0.28,0,0,0,0
1944409,2024-07-13 00:00:00,14,87785,322,0.8,0.6,0,0,0.6
1944410,2024-07-13 00:00:00,14,89544,288,0.91,0.1,0,0.1,0
1944411,2024-07-13 00:00:00,14,87214,376,0.43,0.11,0,0,0.11
1944412,2024-07-13 00:00:00,15,89777,334,0.28,0,0,0,0
1944413,2024-07-13 00:00:00,15,90223,347,0.61,0.16,0,0,0.16
1944414,2024-07-13 00:00:00,16,89604,290,3.33,0.05,0,0.05,0
1944415,2024-07-13 00:00:00,16,90118,376,0.55,0.01,0,0,0.01
1944416,2024-07-13 00:00:00,16,87996,345,1.18,0.09,0,0.09,0
1944417,2024-07-13 00:00:00,17,88813,309,0.98,1.97,0,0,1.97
1944418,2024-07-13 00:00:00,17,89644,352,0.38,0.06,0,0,0.06
1944419,2024-07-13 00:00:00,17,90132,374,0.53,0.01,0,0.01,0
1944420,2024-07-13 00:00:00,18,87995,374,0.4,0.07,0,0.07,0
1944421,2024-07-13 00:00:00,18,88503,376,0.35,0.03,0,0.03,0
1944422,2024-07-13 00:00:00,18,86829,317,1.08,0.01,0,0.01,0
1944423,2024-07-13 00:00:00,18,87249,375,1,0,0,0,0
1944424,2024-07-13 00:00:00,19,88662,375,1.93,0.4,0.4,0,0
1944425,2024-07-13 00:00:00,21,89203,375,0.56,0.1,0,0,0.1
1944426,2024-07-13 00:00:00,21,89817,374,0.4,0,0,0,0
1944427,2024-07-13 00:00:00,21,89267,316,1.7,0.01,0,0,0.01
1944428,2024-07-13 00:00:00,21,88061,375,2.45,0.14,0.14,0,0
1944429,2024-07-13 00:00:00,21,88998,375,0.36,0.09,0,0,0.09
1944430,2024-07-13 00:00:00,22,88290,374,0.55,0,0,0,0
1944431,2024-07-14 00:00:00,0,87198,375,1.03,0.08,0.08,0,0
1944432,2024-07-14 00:00:00,1,89359,378,0.53,0.05,0,0.05,0
1944433,2024-07-14 00:00:00,2,88125,317,0.73,0,0,0,0
1944434,2024-07-14 00:00:00,2,89612,334,0.28,0.02,0,0,0.02
1944435,2024-07-14 00:00:00,10,88562,376,1.28,3.62,3.6,0,0.02
1944436,2024-07-14 00:00:00,10,90419,358,1.25,0.54,0,0,0.54
1944437,2024-07-14 00:00:00,11,89120,378,0.56,0.01,0,0.01,0
1944438,2024-07-14 00:00:00,11,86878,334,0.31,0.02,0,0,0.02
1944439,2024-07-14 00:00:00,11,89905,318,0.41,0.2,0,0,0.2
1944440,2024-07-14 00:00:00,11,87797,319,0.38,0.05,0.05,0,0
1944441,2024-07-14 00:00:00,12,89039,319,0.76,0.22,0,0,0.22
1944442,2024-07-14 00:00:00,13,90182,376,0.65,1.57,0,0,1.57
1944443,2024-07-14 00:00:00,14,88211,316,0.63,0.03,0,0,0.03
1944444,2024-07-14 00:00:00,15,88201,375,0.73,0.02,0,0.02,0
1944445,2024-07-14 00:00:00,16,86822,342,1.13,0.73,0,0.73,0
1944446,2024-07-14 00:00:00,16,86822,342,1.23,0.03,0,0.03,0
1944447,2024-07-14 00:00:00,16,87935,376,0.2,0.02,0,0,0.02
1944448,2024-07-14 00:00:00,16,86654,375,0.6,0.02,0.02,0,0
1944449,2024-07-14 00:00:00,17,88816,378,0.33,0.32,0,0.32,0
1944450,2024-07-14 00:00:00,16,87096,296,0.4,0,0,0,0
1944451,2024-07-14 00:00:00,17,89120,378,0.83,0,0,0,0
1944452,2024-07-14 00:00:00,20,89425,309,0.4,0,0,0,0
1944453,2024-07-14 00:00:00,20,86534,358,2.15,0.2,0,0.2,0
1944454,2024-07-14 00:00:00,22,89203,375,0.63,0.01,0,0,0.01
1944455,2024-07-15 00:00:00,0,89913,374,0.7,0.06,0.02,0.04,0
1944456,2024-07-15 00:00:00,2,88653,376,0.31,0,0,0,0
1944457,2024-07-15 00:00:00,10,86822,342,0.1,0.18,0,0.18,0
1944458,2024-07-15 00:00:00,12,88152,341,0.71,0.05,0,0,0.05
1944459,2024-07-15 00:00:00,12,90431,333,0.56,0.03,0,0.03,0
1944460,2024-07-15 00:00:00,13,88664,352,1.63,0.04,0,0.04,0
1944461,2024-07-15 00:00:00,15,87389,345,0.6,0.07,0,0.07,0
1944462,2024-07-15 00:00:00,16,89977,346,4.23,42.66,15.22,20.21,7.22
1944463,2024-07-15 00:00:00,16,89811,333,0.23,0,0,0,0
1944464,2024-07-15 00:00:00,17,89249,349,0.81,0.07,0,0,0.07
1944465,2024-07-15 00:00:00,17,88624,332,0.36,0.05,0,0.05,0
1944466,2024-07-15 00:00:00,20,89469,374,0.16,0,0,0,0
1944467,2024-07-15 00:00:00,20,88455,376,0.3,0.08,0,0,0.08
1944468,2024-07-15 00:00:00,22,88502,309,0.35,0,0,0,0
1944469,2024-07-16 00:00:00,12,88832,375,0.33,0.01,0,0.01,0
1944470,2024-07-16 00:00:00,12,89245,309,1.23,6.35,0,0,6.35
1944471,2024-07-16 00:00:00,13,88055,351,0.48,0.01,0,0.01,0
1944472,2024-07-16 00:00:00,14,88531,341,0.35,0,0,0,0
1944473,2024-07-16 00:00:00,14,88324,352,3.86,1.85,0,0.5,1.35
1944474,2024-07-16 00:00:00,14,86733,376,1.63,2.63,2.63,0,0
1944475,2024-07-16 00:00:00,15,89287,376,0.9,0.22,0,0.22,0
1944476,2024-07-16 00:00:00,15,89724,376,0.65,0.28,0,0,0.28
1944477,2024-07-16 00:00:00,15,86846,347,1.33,1.18,0,0.4,0.78
1944478,2024-07-16 00:00:00,15,86760,378,0.35,0,0,0,0
1944479,2024-07-16 00:00:00,15,90394,346,1.21,0.64,0,0.04,0.6
1944480,2024-07-16 00:00:00,16,89306,376,0.33,0.01,0,0,0.01
1944481,2024-07-16 00:00:00,16,88055,378,0.81,0.02,0,0,0.02
1944482,2024-07-16 00:00:00,17,89124,347,0.45,0.03,0,0.02,0.01
1944483,2024-07-16 00:00:00,17,90121,378,0.38,0,0,0,0
1944484,2024-07-16 00:00:00,17,89612,334,0.28,0,0,0,0
1944485,2024-07-16 00:00:00,19,90121,378,1.36,0.4,0.4,0,0
1944486,2024-07-16 00:00:00,18,89954,313,0.18,0.08,0,0.08,0
1944487,2024-07-16 00:00:00,22,89427,374,0.71,0.01,0,0.01,0
1944488,2024-07-17 00:00:00,0,90121,378,0.48,0,0,0,0
1944489,2024-07-17 00:00:00,0,87194,376,0.88,0.04,0,0.04,0
1944490,2024-07-17 00:00:00,10,87913,346,0.36,0.04,0,0,0.04
1944491,2024-07-17 00:00:00,10,90121,378,0.21,0.01,0,0.01,0
1944492,2024-07-17 00:00:00,12,87081,322,0.5,0.19,0,0.19,0
1944493,2024-07-17 00:00:00,13,87913,375,1.38,10.43,1.83,0.18,8.4
1944494,2024-07-17 00:00:00,13,89710,290,0.5,0,0,0,0
1944495,2024-07-17 00:00:00,14,86682,378,1.18,0,0,0,0
1944496,2024-07-17 00:00:00,14,88708,378,1.15,0.04,0,0.04,0
1944497,2024-07-17 00:00:00,14,89954,374,0.88,0,0,0,0
1944498,2024-07-17 00:00:00,15,86927,352,3.7,0.96,0,0,0.96
1944499,2024-07-17 00:00:00,15,87654,374,7.01,0.06,0.01,0.05,0
1944500,2024-07-17 00:00:00,16,88496,348,2.66,1.77,0,1.77,0
1944501,2024-07-17 00:00:00,16,86590,290,0.38,0.24,0,0,0.24
1944502,2024-07-17 00:00:00,16,89747,374,0.68,0.01,0,0.01,0
1944503,2024-07-17 00:00:00,17,87608,288,0.78,0,0,0,0
1944504,2024-07-17 00:00:00,17,87946,346,1.33,0.59,0,0.59,0
1944505,2024-07-17 00:00:00,18,89652,375,0.95,6,0,0,6
1944506,2024-07-17 00:00:00,18,89359,378,1.85,1.98,1.98,0,0
1944507,2024-07-17 00:00:00,18,88455,376,1.61,1.52,0.59,0,0.93
1944508,2024-07-17 00:00:00,18,89139,309,0.58,0.01,0,0,0.01
1944509,2024-07-17 00:00:00,19,89705,376,0.51,0.04,0,0.04,0
1944510,2024-07-17 00:00:00,19,88043,358,0.15,0,0,0,0
1944511,2024-07-17 00:00:00,20,90003,345,1.46,0.46,0,0.46,0
1944512,2024-07-17 00:00:00,22,86580,334,0.3,0,0,0,0
1944513,2024-07-18 00:00:00,10,88740,345,0.48,1.06,0,0,1.06
1944514,2024-07-18 00:00:00,11,89697,361,0.91,0.13,0.1,0.03,0
1944515,2024-07-18 00:00:00,11,88947,334,0.38,0.09,0,0.09,0
1944516,2024-07-18 00:00:00,11,87311,352,3.35,4.44,0.86,0.98,2.58
1944517,2024-07-18 00:00:00,12,90121,378,0.96,0.14,0,0.14,0
1944518,2024-07-18 00:00:00,12,87934,309,0.63,0.64,0,0,0.64
1944519,2024-07-18 00:00:00,12,87913,348,0.1,0.07,0,0,0.07
1944520,2024-07-18 00:00:00,13,87351,374,1.83,0.8,0.8,0,0
1944521,2024-07-18 00:00:00,13,88423,350,3.96,1.97,1.92,0,0.05
1944522,2024-07-18 00:00:00,13,89725,375,0.4,0.1,0,0.1,0
1944523,2024-07-18 00:00:00,13,87732,374,0.7,0.15,0.15,0,0
1944524,2024-07-18 00:00:00,13,88784,376,1.8,0.08,0,0.08,0
1944525,2024-07-18 00:00:00,13,87378,378,0.48,0.02,0,0.02,0
1944526,2024-07-18 00:00:00,14,87631,352,0.18,0.01,0,0,0.01
1944527,2024-07-18 00:00:00,14,89405,343,0.35,0.02,0,0.02,0
1944528,2024-07-18 00:00:00,14,87034,352,0.78,0.49,0,0.49,0
1944529,2024-07-18 00:00:00,14,88947,374,0.21,0,0,0,0
1944530,2024-07-18 00:00:00,15,88082,330,8.08,123.71,105.24,16.54,1.92
1944531,2024-07-18 00:00:00,15,90004,358,1.73,0.56,0,0,0.56
1944532,2024-07-18 00:00:00,15,89422,341,0.55,0.55,0.06,0.48,0
1944533,2024-07-18 00:00:00,16,88328,374,2.9,0.93,0.75,0.17,0
1944534,2024-07-18 00:00:00,16,88855,347,0.58,0.16,0,0,0.16
1944535,2024-07-18 00:00:00,16,88328,374,9.13,64.36,64.36,0,0
1944536,2024-07-18 00:00:00,16,87418,341,0.75,0.01,0.01,0,0
1944537,2024-07-18 00:00:00,16,87511,343,1.31,0.14,0,0.14,0
1944538,2024-07-18 00:00:00,16,89811,313,1.05,0.04,0,0,0.04
1944539,2024-07-18 00:00:00,17,87215,346,0.76,3.21,0,3.21,0
1944540,2024-07-18 00:00:00,17,86675,374,0.05,0.02,0,0.02,0
1944541,2024-07-18 00:00:00,17,88567,378,0.65,0.02,0,0.02,0
1944542,2024-07-18 00:00:00,17,88487,378,1.03,0,0,0,0
1944543,2024-07-18 00:00:00,17,88105,376,1.28,0,0,0,0
1944544,2024-07-18 00:00:00,20,90038,319,0.5,0.02,0,0,0.02
1944545,2024-07-18 00:00:00,20,86573,319,0.53,0,0,0,0
1944546,2024-07-18 00:00:00,20,87078,376,0.58,0.01,0,0.01,0
1944547,2024-07-18 00:00:00,21,87048,374,2.11,0.14,0.14,0,0
1944548,2024-07-18 00:00:00,22,88055,378,0.21,0,0,0,0
1944549,2024-07-18 00:00:00,22,87439,290,0.56,0,0,0,0
1944550,2024-07-18 00:00:00,22,86714,290,0.45,0.02,0.01,0.01,0
1944551,2024-07-18 00:00:00,23,87439,290,2.83,0,0,0,0
1944552,2024-07-19 00:00:00,0,87439,290,2.06,0.02,0,0.02,0
1944553,2024-07-19 00:00:00,0,87657,290,1.4,0.04,0,0.04,0
1944554,2024-07-19 00:00:00,0,86681,317,0.98,0.09,0,0.09,0
1944555,2024-07-19 00:00:00,1,86898,341,0.55,0,0,0,0
1944556,2024-07-19 00:00:00,2,88609,374,0.28,0,0,0,0
1944557,2024-07-19 00:00:00,3,87107,288,0.21,0,0,0,0
1944558,2024-07-19 00:00:00,3,87107,288,0.03,0,0,0,0
1944559,2024-07-19 00:00:00,3,87107,288,0.1,0,0,0,0
1944560,2024-07-19 00:00:00,3,87107,288,0.01,0.04,0,0.04,0
1944561,2024-07-19 00:00:00,3,86834,371,0.31,0.01,0,0.01,0
1944562,2024-07-19 00:00:00,3,87335,371,0.05,0,0,0,0
1944563,2024-07-19 00:00:00,4,89545,371,0.03,0,0,0,0
1944564,2024-07-19 00:00:00,5,87953,375,0.88,0.14,0,0.14,0
1944565,2024-07-19 00:00:00,10,88865,309,0.2,0,0,0,0
1944566,2024-07-19 00:00:00,10,88335,376,0.9,0,0,0,0
1944567,2024-07-19 00:00:00,10,88335,376,0.88,0.01,0,0.01,0
1944568,2024-07-19 00:00:00,10,86576,309,0.28,0,0,0,0
1944569,2024-07-19 00:00:00,11,88965,375,1.05,0.31,0,0,0.31
1944570,2024-07-19 00:00:00,11,86572,378,1.28,0,0,0,0
1944571,2024-07-19 00:00:00,12,87375,319,0.66,0,0,0,0
1944572,2024-07-19 00:00:00,12,87514,375,1.2,0.05,0,0.05,0
1944573,2024-07-19 00:00:00,13,87840,329,0.36,0,0,0,0
1944574,2024-07-19 00:00:00,13,88676,341,0.5,0.02,0,0.02,0
1944575,2024-07-19 00:00:00,13,86974,378,0.31,0.01,0,0.01,0
1944576,2024-07-19 00:00:00,14,86933,322,0.46,0.03,0,0,0.03
1944577,2024-07-19 00:00:00,14,87376,333,0.16,0,0,0,0
1944578,2024-07-19 00:00:00,14,88369,334,0.26,0,0,0,0
1944579,2024-07-19 00:00:00,15,87982,374,0.43,0.03,0,0,0.03
1944580,2024-07-19 00:00:00,15,86646,329,0.4,0.01,0,0,0.01
1944581,2024-07-19 00:00:00,15,88676,379,0.51,0.06,0,0.06,0
1944582,2024-07-19 00:00:00,16,87854,309,0.21,0,0,0,0
1944583,2024-07-19 00:00:00,16,90367,374,0.3,0,0,0,0
1944584,2024-07-19 00:00:00,16,89464,375,0.65,0.01,0,0,0
1944585,2024-07-19 00:00:00,16,86801,376,0.53,0.05,0,0.05,0
1944586,2024-07-19 00:00:00,16,86999,334,0.3,0.01,0,0.01,0
1944587,2024-07-19 00:00:00,17,89142,358,0.53,0,0,0,0
1944588,2024-07-19 00:00:00,17,87965,376,0.31,0.01,0,0.01,0
1944589,2024-07-19 00:00:00,17,86909,375,0.85,0.5,0.5,0,0
1944590,2024-07-19 00:00:00,18,88216,373,0.96,0.79,0.01,0,0.78
1944591,2024-07-19 00:00:00,18,86957,320,1.35,0.04,0,0,0.04
1944592,2024-07-19 00:00:00,18,89741,309,0.3,0,0,0,0
1944593,2024-07-19 00:00:00,19,88071,367,0.18,0.12,0,0,0.12
1944594,2024-07-19 00:00:00,19,88094,376,0.68,14.26,0,0,14.26
1944595,2024-07-19 00:00:00,19,90443,341,0.3,0,0,0,0
1944596,2024-07-19 00:00:00,19,88243,378,0.25,0,0,0,0
1944597,2024-07-19 00:00:00,20,90219,375,0.21,0.01,0.01,0,0
1944598,2024-07-19 00:00:00,20,87372,374,0.31,0,0,0,0
1944599,2024-07-19 00:00:00,21,88153,290,0.71,0,0,0,0
1944600,2024-07-19 00:00:00,21,89635,374,0.23,0,0,0,0
1944601,2024-07-19 00:00:00,21,89786,375,0.98,0,0,0,0
1944602,2024-07-19 00:00:00,22,89469,374,0.55,0.03,0.01,0.02,0
1944603,2024-07-19 00:00:00,23,90229,334,0.53,0.03,0,0.03,0
1944604,2024-07-19 00:00:00,23,88704,376,0.88,0,0,0,0
1944605,2024-07-20 00:00:00,4,88494,376,0.51,0,0,0,0
1944606,2024-07-20 00:00:00,4,88494,376,0.11,0,0,0,0
1944607,2024-07-20 00:00:00,9,89786,375,0.56,0,0,0,0
1944608,2024-07-20 00:00:00,10,87379,313,0.26,0,0,0,0
1944609,2024-07-20 00:00:00,10,88132,341,0.98,0.29,0.29,0,0
1944610,2024-07-20 00:00:00,12,90050,367,0.63,0.65,0,0,0.65
1944611,2024-07-20 00:00:00,12,88137,309,0.25,0,0,0,0
1944612,2024-07-20 00:00:00,13,89726,319,0.66,0.02,0,0,0.02
1944613,2024-07-20 00:00:00,15,89340,316,0.6,0,0,0,0
1944614,2024-07-20 00:00:00,16,89624,334,0.48,0.08,0,0,0.08
1944615,2024-07-20 00:00:00,16,89030,352,0.56,0.68,0,0,0.68
1944616,2024-07-20 00:00:00,16,86675,374,1.23,0.06,0,0,0.06
1944617,2024-07-20 00:00:00,17,88848,376,0.5,0,0,0,0
1944618,2024-07-20 00:00:00,18,89425,375,1.05,1,0,0,1
1944619,2024-07-20 00:00:00,18,88502,376,0.26,0.01,0,0,0.01
1944620,2024-07-20 00:00:00,18,89908,375,0.66,0.05,0,0,0.05
1944621,2024-07-20 00:00:00,19,89943,314,1.75,0.06,0,0.06,0
1944622,2024-07-20 00:00:00,19,90145,374,0.23,0.01,0,0,0.01
1944623,2024-07-20 00:00:00,20,89155,376,0.31,0,0,0,0
1944624,2024-07-20 00:00:00,20,87484,334,0.95,1.09,1.09,0,0
1944625,2024-07-20 00:00:00,20,87144,376,0.63,0.03,0,0,0.03
1944626,2024-07-20 00:00:00,20,90298,376,0.81,0.15,0,0.15,0
1944627,2024-07-20 00:00:00,22,89105,375,0.36,0.02,0,0.02,0
1944628,2024-07-20 00:00:00,23,88965,375,0.71,0.06,0,0,0.06
1944629,2024-07-21 00:00:00,11,87736,311,0.85,0.02,0,0.02,0
1944630,2024-07-21 00:00:00,11,88629,346,0.8,8.06,0,0,8.06
1944631,2024-07-21 00:00:00,12,88316,320,1.75,1.13,0,1.13,0
1944632,2024-07-21 00:00:00,12,86909,379,0.8,0.05,0,0.05,0
1944633,2024-07-21 00:00:00,12,88299,326,11.68,75.88,8.16,61.87,5.84
1944634,2024-07-21 00:00:00,12,86915,375,0.3,0.08,0,0,0.08
1944635,2024-07-21 00:00:00,12,87150,319,1.18,0.24,0,0,0.24
1944636,2024-07-21 00:00:00,14,89348,343,0.15,0,0,0,0
1944637,2024-07-21 00:00:00,14,87740,376,1.18,0.01,0,0.01,0
1944638,2024-07-21 00:00:00,14,87491,375,0.28,0,0,0,0
1944639,2024-07-21 00:00:00,14,90028,352,0.55,0.1,0,0,0.1
1944640,2024-07-21 00:00:00,14,89234,375,1.41,1.66,1.66,0,0
1944641,2024-07-21 00:00:00,15,89777,376,0.31,0,0,0,0
1944642,2024-07-21 00:00:00,15,88745,346,1.11,0.13,0.02,0,0.11
1944643,2024-07-21 00:00:00,15,87365,375,1.81,0.14,0.14,0,0
1944644,2024-07-21 00:00:00,15,88525,347,0.41,0,0,0,0
1944645,2024-07-21 00:00:00,16,89871,375,1.16,0.45,0.45,0,0
1944646,2024-07-21 00:00:00,16,88947,374,0.35,0.08,0,0,0.08
1944647,2024-07-21 00:00:00,16,87357,341,0.35,0.25,0,0,0.25
1944648,2024-07-21 00:00:00,16,87194,375,2.13,0.77,0.59,0.17,0
1944649,2024-07-21 00:00:00,16,90291,317,0.58,0,0,0,0
1944650,2024-07-21 00:00:00,17,89867,344,1.48,0.63,0.63,0,0
1944651,2024-07-21 00:00:00,18,86771,358,0.3,0.05,0,0,0.05
1944652,2024-07-21 00:00:00,18,86883,378,1.88,4.66,0,4.66,0
1944653,2024-07-21 00:00:00,18,87294,374,0.56,0,0,0,0
1944654,2024-07-21 00:00:00,19,88286,375,0.83,0.01,0,0.01,0
1944655,2024-07-21 00:00:00,18,86632,334,0.3,0,0,0,0
1944656,2024-07-21 00:00:00,19,89087,332,0.8,0,0,0,0
1944657,2024-07-21 00:00:00,19,87732,374,0.7,0.28,0.28,0,0
1944658,2024-07-21 00:00:00,19,88157,334,3.43,0.29,0,0.29,0
1944659,2024-07-21 00:00:00,19,89612,334,0.31,0,0,0,0
1944660,2024-07-21 00:00:00,20,90105,334,0.36,0,0,0,0
1944661,2024-07-21 00:00:00,23,89321,333,1.5,0.13,0,0,0.13
1944662,2024-07-21 00:00:00,23,87144,376,0.71,0.01,0,0.01,0
1944663,2024-07-22 00:00:00,0,89192,374,0.05,0.02,0.01,0.01,0
1944664,2024-07-22 00:00:00,0,90371,374,3,2.29,1.81,0.48,0
1944665,2024-07-22 00:00:00,0,87979,376,0.51,0.05,0,0.05,0
1944666,2024-07-22 00:00:00,3,87249,375,0.68,0.05,0.05,0,0
1944667,2024-07-22 00:00:00,4,90146,318,0.6,0,0,0,0
1944668,2024-07-22 00:00:00,5,89588,341,1.08,0.01,0,0.01,0
1944669,2024-07-22 00:00:00,5,90361,341,0.78,0,0,0,0
1944670,2024-07-22 00:00:00,10,87495,334,0.43,0.5,0,0.5,0
1944671,2024-07-22 00:00:00,11,89178,375,1.23,0.13,0.13,0,0
1944672,2024-07-22 00:00:00,11,89287,290,0.7,0.11,0,0.11,0
1944673,2024-07-22 00:00:00,11,86776,375,0.58,0.01,0.01,0,0
1944674,2024-07-22 00:00:00,11,88393,374,0.88,0.3,0,0.3,0
1944675,2024-07-22 00:00:00,11,88998,376,0.4,0,0,0,0
1944676,2024-07-22 00:00:00,12,86682,374,0.45,0.1,0,0.1,0
1944677,2024-07-22 00:00:00,13,87952,290,0.9,0.19,0,0.19,0
1944678,2024-07-22 00:00:00,14,86898,341,0.53,0.18,0,0,0.18
1944679,2024-07-22 00:00:00,14,86737,378,0.26,0,0,0,0
1944680,2024-07-22 00:00:00,14,89753,309,0.96,0.78,0,0,0.78
1944681,2024-07-22 00:00:00,14,89464,374,4.58,5,5,0,0
1944682,2024-07-22 00:00:00,14,89061,375,0.6,0.03,0.03,0,0
1944683,2024-07-22 00:00:00,14,87175,376,0.6,0.1,0.1,0,0
1944684,2024-07-22 00:00:00,14,87108,334,1.05,0.1,0,0,0.1
1944685,2024-07-22 00:00:00,15,88268,290,2.3,1.44,1.44,0,0
1944686,2024-07-22 00:00:00,15,89031,344,3.33,0.38,0.12,0.26,0
1944687,2024-07-22 00:00:00,15,89421,375,0.38,0.01,0,0.01,0
1944688,2024-07-22 00:00:00,15,87513,341,0.81,0.06,0,0.06,0
1944689,2024-07-22 00:00:00,15,89553,351,0.61,0,0,0,0
1944690,2024-07-22 00:00:00,15,87398,374,2.73,7.78,7.78,0,0
1944691,2024-07-22 00:00:00,15,89724,376,1.71,1.85,0.94,0,0.91
1944692,2024-07-22 00:00:00,15,86568,350,0.4,0.24,0,0.24,0
1944693,2024-07-22 00:00:00,15,88056,376,0.3,0.01,0,0.01,0
1944694,2024-07-22 00:00:00,15,86682,374,1.1,0.76,0,0.76,0
1944695,2024-07-22 00:00:00,15,86643,374,0.45,0.08,0.01,0.07,0
1944696,2024-07-22 00:00:00,15,88328,374,0.6,0,0,0,0
1944697,2024-07-22 00:00:00,15,89729,374,1.28,0.01,0,0.01,0
1944698,2024-07-22 00:00:00,15,87092,290,1.6,0.01,0,0.01,0
1944699,2024-07-22 00:00:00,16,87731,290,0.63,0,0,0,0
1944700,2024-07-22 00:00:00,16,87947,357,0.43,0.02,0,0,0.02
1944701,2024-07-22 00:00:00,16,88369,376,0.21,0.08,0,0.08,0
1944702,2024-07-22 00:00:00,17,86516,374,18.53,5.85,5.85,0,0
1944703,2024-07-22 00:00:00,17,90105,369,1.88,3.32,0,3.32,0
1944704,2024-07-22 00:00:00,17,87996,376,0.75,0.1,0,0.1,0
1944705,2024-07-22 00:00:00,18,88016,334,0.63,0.01,0,0,0.01
1944706,2024-07-22 00:00:00,18,89744,369,0.83,0.01,0,0.01,0
1944707,2024-07-22 00:00:00,19,86666,375,0.6,0.01,0,0.01,0
1944708,2024-07-22 00:00:00,19,86878,376,0.51,0.11,0,0,0.11
1944709,2024-07-22 00:00:00,20,89998,318,0.3,0.02,0,0.02,0
1944710,2024-07-22 00:00:00,20,90306,341,0.41,1.03,0,1.03,0
1944711,2024-07-22 00:00:00,20,86746,290,0.41,0.03,0,0.03,0
1944712,2024-07-22 00:00:00,21,87294,374,0.43,0,0,0,0
1944713,2024-07-22 00:00:00,21,89401,372,0.63,0.01,0,0,0.01
1944714,2024-07-22 00:00:00,21,90219,375,0.4,0.01,0,0.01,0
1944715,2024-07-22 00:00:00,22,88391,374,1.06,0.02,0,0.02,0
1944716,2024-07-22 00:00:00,22,88487,319,0.58,0.02,0,0.02,0
1944717,2024-07-22 00:00:00,22,90303,376,1.08,0.17,0,0.17,0
1944718,2024-07-22 00:00:00,22,89226,320,3.21,0.17,0,0.17,0
1944719,2024-07-22 00:00:00,23,88190,374,0.6,0.15,0,0.15,0
1944720,2024-07-22 00:00:00,23,87288,344,2.56,0.88,0.88,0,0
1944721,2024-07-22 00:00:00,23,89425,309,0.35,0,0,0,0
1944722,2024-07-23 00:00:00,0,88190,374,0.11,0,0,0,0
1944723,2024-07-23 00:00:00,0,88727,317,0.68,0.06,0.06,0,0
1944724,2024-07-23 00:00:00,1,88190,374,0.48,0,0,0,0
1944725,2024-07-23 00:00:00,1,89807,317,0.66,0.02,0,0.02,0
1944726,2024-07-23 00:00:00,2,89131,288,2.58,5.1,3,2.1,0
1944727,2024-07-23 00:00:00,2,89346,374,0.61,0.05,0,0,0.05
1944728,2024-07-23 00:00:00,4,89126,378,0.71,0.02,0,0,0.02
1944729,2024-07-23 00:00:00,6,87288,344,13.78,0.1,0,0.1,0
1944730,2024-07-23 00:00:00,8,86816,374,0.53,0,0,0,0
1944731,2024-07-23 00:00:00,11,86563,351,1.93,0.36,0,0.36,0
1944732,2024-07-23 00:00:00,11,87294,374,0.58,0.01,0,0,0
1944733,2024-07-23 00:00:00,12,88922,375,1.75,0.39,0.37,0.01,0
1944734,2024-07-23 00:00:00,12,87398,352,0.93,0.08,0,0.08,0
1944735,2024-07-23 00:00:00,12,89174,358,0.23,0.04,0,0,0.04
1944736,2024-07-23 00:00:00,12,89037,374,0.73,0.24,0,0.24,0
1944737,2024-07-23 00:00:00,13,88257,341,9.08,20.32,11.85,1.38,7.08
1944738,2024-07-23 00:00:00,13,90220,378,2.28,9.74,2.74,6.99,0
1944739,2024-07-23 00:00:00,13,90092,375,6.03,10.2,0,10.2,0
1944740,2024-07-23 00:00:00,14,88035,341,2.33,1.32,0.25,1.07,0
1944741,2024-07-23 00:00:00,14,89851,376,0.71,0.24,0,0.24,0
1944742,2024-07-23 00:00:00,14,86816,374,0.45,0,0,0,0
1944743,2024-07-23 00:00:00,14,87272,376,0.28,0.03,0,0.03,0
1944744,2024-07-23 00:00:00,14,89892,378,0.6,0.01,0,0.01,0
1944745,2024-07-23 00:00:00,14,88055,377,0.23,0,0,0,0
1944746,2024-07-23 00:00:00,14,89537,375,3.88,0.41,0.41,0,0
1944747,2024-07-23 00:00:00,14,89226,379,1.03,0.37,0,0.37,0
1944748,2024-07-23 00:00:00,15,88098,376,2.18,0.35,0,0.35,0
1944749,2024-07-23 00:00:00,15,89425,309,0.28,0,0,0,0
1944750,2024-07-23 00:00:00,15,88043,374,0.16,0,0,0,0
1944751,2024-07-23 00:00:00,15,87794,378,0.43,0.31,0,0.31,0
1944752,2024-07-23 00:00:00,15,88499,374,0.11,0.02,0,0.02,0
1944753,2024-07-23 00:00:00,15,88089,290,0.3,0,0,0,0
1944754,2024-07-23 00:00:00,16,86773,378,0.46,0.19,0,0,0.19
1944755,2024-07-23 00:00:00,16,89515,341,0.2,0.11,0,0,0.11
1944756,2024-07-23 00:00:00,16,89501,376,0.68,0,0,0,0
1944757,2024-07-23 00:00:00,16,88859,313,3.26,15.29,0.03,15.25,0
1944758,2024-07-23 00:00:00,16,87678,374,1.23,0.3,0.05,0.25,0
1944759,2024-07-23 00:00:00,16,88766,378,2.5,0.34,0.34,0,0
1944760,2024-07-23 00:00:00,17,87294,374,0.7,0,0,0,0
1944761,2024-07-23 00:00:00,17,89307,356,0.4,0.1,0,0.1,0
1944762,2024-07-23 00:00:00,17,87251,345,0.25,0.07,0,0,0.07
1944763,2024-07-23 00:00:00,17,88423,378,0.41,0.07,0.07,0,0
1944764,2024-07-23 00:00:00,17,87732,374,0.86,0.07,0,0.07,0
1944765,2024-07-23 00:00:00,18,87913,334,1.55,0.84,0,0,0.84
1944766,2024-07-23 00:00:00,18,88961,357,0.4,0.02,0,0,0.02
1944767,2024-07-23 00:00:00,18,88828,375,1.41,0.13,0.01,0.11,0
1944768,2024-07-23 00:00:00,18,87042,341,0.35,0.03,0,0.03,0
1944769,2024-07-23 00:00:00,19,89432,288,1.4,0.44,0.44,0,0
1944770,2024-07-23 00:00:00,21,89233,374,2.33,2,0,2,0
1944771,2024-07-23 00:00:00,21,88998,375,0.48,0.02,0,0,0.02
1944772,2024-07-23 00:00:00,22,87690,320,2.51,1.71,0,1.7,0
1944773,2024-07-23 00:00:00,22,89655,332,0.63,0,0,0,0
1944774,2024-07-23 00:00:00,23,87016,306,0.61,0.02,0,0.02,0
1944775,2024-07-23 00:00:00,23,90183,329,2.51,0,0,0,0
1944776,2024-07-23 00:00:00,23,89949,323,0.78,0.03,0,0.03,0
1944777,2024-07-24 00:00:00,0,88837,320,1.06,0.1,0.1,0,0
1944778,2024-07-24 00:00:00,0,87913,374,1.05,0.17,0,0,0.17
1944779,2024-07-24 00:00:00,0,88239,376,1.03,0.07,0,0.07,0
1944780,2024-07-24 00:00:00,3,90380,378,1.15,2.51,2.49,0.02,0
1944781,2024-07-24 00:00:00,3,89683,374,1,0.02,0,0.02,0
1944782,2024-07-24 00:00:00,9,89233,320,1.05,2,0,2,0
1944783,2024-07-24 00:00:00,10,86523,352,0.45,0.22,0.22,0,0
1944784,2024-07-24 00:00:00,11,89692,334,0.4,0.01,0,0.01,0
1944785,2024-07-24 00:00:00,11,88533,378,0.33,0.01,0,0.01,0
1944786,2024-07-24 00:00:00,12,89226,379,0.8,0.12,0.12,0,0
1944787,2024-07-24 00:00:00,12,90045,309,1.08,0.57,0,0,0.57
1944788,2024-07-24 00:00:00,12,89667,345,0.61,0.23,0,0,0.23
1944789,2024-07-24 00:00:00,13,90331,378,2.11,3.81,1.3,0,2.5
1944790,2024-07-24 00:00:00,13,87211,378,0.48,0.07,0,0.07,0
1944791,2024-07-24 00:00:00,13,87721,307,1.01,0.05,0.05,0,0
1944792,2024-07-24 00:00:00,13,86901,375,7.86,37.9,27.57,5.6,4.72
1944793,2024-07-24 00:00:00,13,87824,316,1.9,0.5,0,0.5,0
1944794,2024-07-24 00:00:00,14,88574,374,0.63,0.05,0,0.05,0
1944795,2024-07-24 00:00:00,13,90122,376,0.75,0.01,0,0.01,0
1944796,2024-07-24 00:00:00,14,89451,374,14.88,51.99,50.7,0,1.28
1944797,2024-07-24 00:00:00,14,88213,375,2.3,0.15,0.15,0,0
1944798,2024-07-24 00:00:00,14,89287,379,1.63,1.23,1.22,0,0
1944799,2024-07-24 00:00:00,15,90134,376,4.41,155.9,0,87.63,68.27
1944800,2024-07-24 00:00:00,15,86833,375,0.63,2.5,0,1,1.5
1944801,2024-07-24 00:00:00,15,88451,375,0.83,0.02,0.02,0,0
1944802,2024-07-24 00:00:00,15,88600,317,0.6,0.3,0,0.3,0
1944803,2024-07-24 00:00:00,15,89980,375,0.7,0,0,0,0
1944804,2024-07-24 00:00:00,15,86615,345,7.63,55.99,51.01,0,4.97
1944805,2024-07-24 00:00:00,15,89876,378,3.18,8.69,7.38,0,1.31
1944806,2024-07-24 00:00:00,16,87351,379,2.88,0.31,0.31,0,0
1944807,2024-07-24 00:00:00,16,88771,347,1.43,0.28,0,0.28,0
1944808,2024-07-24 00:00:00,16,88412,334,0.3,0.01,0,0,0.01
1944809,2024-07-24 00:00:00,16,87490,290,0.7,0.02,0,0.02,0
1944810,2024-07-24 00:00:00,16,89579,375,0.51,0.06,0,0.06,0
1944811,2024-07-24 00:00:00,16,88606,375,4.36,2.65,2.54,0,0.1
1944812,2024-07-24 00:00:00,16,89264,333,0.2,0,0,0,0
1944813,2024-07-24 00:00:00,16,87712,375,1.36,2.75,2.75,0,0
1944814,2024-07-24 00:00:00,17,87280,378,2.91,0.66,0,0.66,0
1944815,2024-07-24 00:00:00,17,87900,379,0.83,0.08,0.08,0,0
1944816,2024-07-24 00:00:00,18,89478,341,0.43,0,0,0,0
1944817,2024-07-24 00:00:00,19,88825,290,0.75,0,0,0,0
1944818,2024-07-24 00:00:00,19,87608,288,0.55,0.01,0,0.01,0
1944819,2024-07-24 00:00:00,20,88078,378,0.38,0,0,0,0
1944820,2024-07-24 00:00:00,20,89579,375,0.45,0.1,0,0.1,0
1944821,2024-07-24 00:00:00,20,90155,378,8.66,7.2,3.2,4,0
1944822,2024-07-24 00:00:00,21,87290,376,0.91,0.03,0,0.03,0
1944823,2024-07-24 00:00:00,22,90056,376,1.8,0.1,0,0.1,0
1944824,2024-07-24 00:00:00,22,87913,375,0.43,0,0,0,0
1944825,2024-07-24 00:00:00,22,89306,341,1.05,0.09,0,0.09,0
1944826,2024-07-24 00:00:00,22,89325,376,0.1,0,0,0,0
1944827,2024-07-24 00:00:00,22,87491,375,0.68,0.2,0,0.2,0
1944828,2024-07-24 00:00:00,22,87417,376,0.18,0,0,0,0
1944829,2024-07-25 00:00:00,2,87350,375,1.18,0.14,0,0.14,0
1944830,2024-07-25 00:00:00,2,87126,322,0.58,0,0,0,0
1944831,2024-07-25 00:00:00,3,89756,290,0.75,0.04,0,0.04,0
1944832,2024-07-25 00:00:00,7,88113,334,1.05,0.01,0,0.01,0
1944833,2024-07-25 00:00:00,8,89084,374,0.7,0.01,0,0.01,0
1944834,2024-07-25 00:00:00,9,89233,374,0.88,0.02,0,0.02,0
1944835,2024-07-25 00:00:00,11,86598,378,0.85,0.09,0,0,0.09
1944836,2024-07-25 00:00:00,13,87964,374,0.6,0.06,0.03,0.03,0
1944837,2024-07-25 00:00:00,13,89425,346,0.98,2.84,0.08,0,2.76
1944838,2024-07-25 00:00:00,13,88160,361,0.28,0.06,0,0.06,0
1944839,2024-07-25 00:00:00,13,87654,375,1.33,1.81,1.57,0.24,0
1944840,2024-07-25 00:00:00,15,87847,334,0.6,0.01,0,0.01,0
1944841,2024-07-25 00:00:00,15,87847,334,0.46,0.01,0,0.01,0
1944842,2024-07-25 00:00:00,15,89681,378,1.16,0.45,0,0.45,0
1944843,2024-07-25 00:00:00,15,89068,345,4.08,11.38,9.26,1.46,0.65
1944844,2024-07-25 00:00:00,15,88339,290,0.45,0.05,0,0.05,0
1944845,2024-07-25 00:00:00,15,87854,309,0.23,0,0,0,0
1944846,2024-07-25 00:00:00,15,88574,374,0.51,0.04,0,0.04,0
1944847,2024-07-25 00:00:00,15,86520,316,0.53,0.01,0,0,0.01
1944848,2024-07-25 00:00:00,16,89293,374,0.31,0.12,0,0.12,0
1944849,2024-07-25 00:00:00,16,87933,334,0.23,0,0,0,0
1944850,2024-07-25 00:00:00,16,89957,347,0.23,0,0,0,0
1944851,2024-07-25 00:00:00,16,89287,376,2.71,2.23,2.23,0,0
1944852,2024-07-25 00:00:00,17,89989,309,1.48,15.21,12.11,0.16,2.94
1944853,2024-07-25 00:00:00,17,89469,374,0.45,0.05,0,0.05,0
1944854,2024-07-25 00:00:00,17,88071,347,2.31,5.33,0,0,5.33
1944855,2024-07-25 00:00:00,17,90116,376,0.41,0.01,0,0.01,0
1944856,2024-07-25 00:00:00,17,90292,334,0.13,0.02,0,0.02,0
1944857,2024-07-25 00:00:00,17,86520,316,0.25,0.07,0,0,0.07
1944858,2024-07-25 00:00:00,18,88977,378,0.63,0.25,0,0.25,0
1944859,2024-07-25 00:00:00,18,90066,369,2,1.65,0,1.65,0
1944860,2024-07-25 00:00:00,18,89266,309,0.85,0.02,0,0,0.02
1944861,2024-07-25 00:00:00,18,87771,378,0.6,0.06,0,0.06,0
1944862,2024-07-25 00:00:00,18,90146,358,0.28,0.03,0,0.03,0
1944863,2024-07-25 00:00:00,19,89876,358,2.13,0.88,0,0,0.88
1944864,2024-07-25 00:00:00,19,89288,374,0.41,0.01,0,0.01,0
1944865,2024-07-25 00:00:00,20,88811,347,0.5,2.95,0,0,2.95
1944866,2024-07-25 00:00:00,20,87490,290,0.21,0,0,0,0
1944867,2024-07-25 00:00:00,21,87926,375,1.5,0,0,0,0
1944868,2024-07-25 00:00:00,22,88998,375,0.31,0,0,0,0
1944869,2024-07-25 00:00:00,23,86921,374,0.86,0.1,0,0.1,0
1944870,2024-07-25 00:00:00,23,89777,309,0.41,0,0,0,0
1944871,2024-07-25 00:00:00,23,87325,374,1.43,0.1,0,0.1,0
1944872,2024-07-26 00:00:00,5,89152,378,0.95,0.15,0.15,0,0
1944873,2024-07-26 00:00:00,7,88174,378,1.88,0.08,0,0,0.08
1944874,2024-07-26 00:00:00,8,87398,341,1.06,0,0,0,0
1944875,2024-07-26 00:00:00,9,87950,346,0.35,0.49,0,0,0.49
1944876,2024-07-26 00:00:00,11,87499,376,0.15,0.02,0.02,0,0
1944877,2024-07-26 00:00:00,11,88998,376,0.78,0.23,0,0,0.23
1944878,2024-07-26 00:00:00,11,89873,334,0.18,0,0,0,0
1944879,2024-07-26 00:00:00,12,87057,376,0.3,0,0,0,0
1944880,2024-07-26 00:00:00,12,86892,358,1.26,0.22,0,0,0.22
1944881,2024-07-26 00:00:00,12,87858,374,2.15,2,2,0,0
1944882,2024-07-26 00:00:00,13,86952,317,0.71,0.5,0,0.5,0
1944883,2024-07-26 00:00:00,13,88923,374,0.16,0,0,0,0
1944884,2024-07-26 00:00:00,13,87715,376,2.2,1.45,1.45,0,0
1944885,2024-07-26 00:00:00,14,87789,374,1.68,11,0,11,0
1944886,2024-07-26 00:00:00,15,90361,341,0.41,1.6,0.5,0,1.1
1944887,2024-07-26 00:00:00,15,90116,375,1.28,3.52,3.52,0,0
1944888,2024-07-26 00:00:00,15,86624,319,1.16,0,0,0,0
1944889,2024-07-26 00:00:00,16,87551,374,0.93,0.04,0,0,0.04
1944890,2024-07-26 00:00:00,16,89333,346,0.65,0.4,0,0,0.4
1944891,2024-07-26 00:00:00,17,86957,320,0.36,0,0,0,0
1944892,2024-07-26 00:00:00,17,88043,374,0.56,0.96,0,0.96,0
1944893,2024-07-26 00:00:00,18,87073,376,0.28,0.01,0,0,0.01
1944894,2024-07-26 00:00:00,19,88515,376,0.18,0.04,0,0.04,0
1944895,2024-07-26 00:00:00,19,87608,288,1.31,0.05,0,0.05,0
1944896,2024-07-26 00:00:00,21,87807,375,1.68,0.18,0.18,0,0
1944897,2024-07-26 00:00:00,21,89930,322,0.6,0.04,0,0,0.04
1944898,2024-07-26 00:00:00,21,87096,290,0.3,0,0,0,0
1944899,2024-07-26 00:00:00,22,88090,334,0.35,0.02,0,0.02,0
1944900,2024-07-26 00:00:00,23,89629,378,2.55,0.12,0,0.12,0
1944901,2024-07-27 00:00:00,0,86818,374,1.46,0.5,0.5,0,0
1944902,2024-07-27 00:00:00,0,90056,376,0.73,0,0,0,0
1944903,2024-07-27 00:00:00,0,88305,374,0.43,0,0,0,0
1944904,2024-07-27 00:00:00,0,89971,288,3.16,0.22,0.22,0,0
1944905,2024-07-27 00:00:00,6,87848,358,0.58,0.3,0.3,0,0
1944906,2024-07-27 00:00:00,11,86481,319,0.46,0.56,0,0.56,0
1944907,2024-07-27 00:00:00,12,86744,374,0.43,0.2,0,0.2,0
1944908,2024-07-27 00:00:00,13,89798,376,0.21,0,0,0,0
1944909,2024-07-27 00:00:00,14,86935,378,0.7,0.01,0,0.01,0
1944910,2024-07-27 00:00:00,14,90168,375,1.95,1.52,0,0.88,0.63
1944911,2024-07-27 00:00:00,14,86837,317,0.61,0,0,0,0
1944912,2024-07-27 00:00:00,14,87847,334,0.46,0,0,0,0
1944913,2024-07-27 00:00:00,14,87008,376,0.46,0.73,0.04,0,0.69
1944914,2024-07-27 00:00:00,15,89905,334,0.18,0.02,0,0,0.02
1944915,2024-07-27 00:00:00,16,88792,334,0.28,0,0,0,0
1944916,2024-07-27 00:00:00,16,87785,343,0.28,0.15,0,0,0.15
1944917,2024-07-27 00:00:00,18,88837,320,2.5,0.73,0,0.73,0
1944918,2024-07-27 00:00:00,18,87836,374,0.55,0.24,0.08,0.16,0
1944919,2024-07-27 00:00:00,20,88169,290,1.9,0.1,0,0.1,0
1944920,2024-07-27 00:00:00,20,87178,345,1.13,0.07,0,0.07,0
1944921,2024-07-27 00:00:00,21,86652,329,0.46,0,0,0,0
1944922,2024-07-27 00:00:00,21,87913,375,1.18,3.71,0,0,3.71
1944923,2024-07-27 00:00:00,22,89432,379,0.83,0.07,0,0.07,0
1944924,2024-07-27 00:00:00,23,86562,375,1.66,0.5,0,0.09,0.4
1944925,2024-07-27 00:00:00,23,90344,290,0.6,0,0,0,0
1944926,2024-07-27 00:00:00,23,89579,375,1.28,0.2,0,0.2,0
1944927,2024-07-28 00:00:00,0,87847,378,0.4,0,0,0,0
1944928,2024-07-28 00:00:00,0,87410,374,0.63,0.11,0,0.11,0
1944929,2024-07-28 00:00:00,0,89892,376,0.78,0,0,0,0
1944930,2024-07-28 00:00:00,3,88381,375,0.36,0,0,0,0
1944931,2024-07-28 00:00:00,4,89540,375,0.88,0.02,0,0.02,0
1944932,2024-07-28 00:00:00,9,89904,319,0.8,0,0,0,0
1944933,2024-07-28 00:00:00,11,87023,333,0.08,0.01,0,0,0.01
1944934,2024-07-28 00:00:00,12,86818,379,0.58,0,0,0,0
1944935,2024-07-28 00:00:00,12,89307,317,0.73,0.1,0,0.1,0
1944936,2024-07-28 00:00:00,13,89155,378,0.85,0,0,0,0
1944937,2024-07-28 00:00:00,13,87491,375,0.78,0.07,0,0.07,0
1944938,2024-07-28 00:00:00,14,89306,341,0.96,0.02,0,0.02,0
1944939,2024-07-28 00:00:00,15,89684,352,0.53,0,0,0,0
1944940,2024-07-28 00:00:00,15,87664,374,1.28,0.01,0.01,0,0
1944941,2024-07-28 00:00:00,15,89155,378,0.51,0,0,0,0
1944942,2024-07-28 00:00:00,15,90298,376,1.25,1.4,0,0,1.4
1944943,2024-07-28 00:00:00,15,89189,378,0.36,0,0,0,0
1944944,2024-07-28 00:00:00,15,86595,375,3.11,0.24,0,0.24,0
1944945,2024-07-28 00:00:00,15,88593,313,0.25,0.01,0,0.01,0
1944946,2024-07-28 00:00:00,15,86930,374,0.46,0.01,0,0,0.01
1944947,2024-07-28 00:00:00,16,88850,374,1.53,0.02,0,0.02,0
1944948,2024-07-28 00:00:00,16,86993,376,1.76,3.07,0.67,0,2.4
1944949,2024-07-28 00:00:00,17,89051,334,0.53,0.39,0,0,0.39
1944950,2024-07-28 00:00:00,17,87444,374,,2,0.5,1.5,0
1944951,2024-07-28 00:00:00,17,88071,343,0.25,0,0,0,0
1944952,2024-07-28 00:00:00,17,89818,366,0.46,0,0,0,0
1944953,2024-07-28 00:00:00,18,88405,299,0.55,0.01,0,0.01,0
1944954,2024-07-28 00:00:00,18,88217,375,4.63,0.26,0,0,0.26
1944955,2024-07-28 00:00:00,20,86818,374,,1,0,1,0
1944956,2024-07-28 00:00:00,20,90121,378,0.66,0.08,0.08,0,0
1944957,2024-07-28 00:00:00,21,86881,374,0.78,0,0,0,0
1944958,2024-07-28 00:00:00,21,87156,309,1.46,0,0,0,0
1944959,2024-07-28 00:00:00,21,88837,374,0.73,0.02,0.02,0,0
1944960,2024-07-28 00:00:00,21,89932,341,1.48,1,0,0,1
1944961,2024-07-28 00:00:00,22,86818,379,0.3,0.02,0,0.02,0
1944962,2024-07-28 00:00:00,23,89315,376,4.61,7.72,7.72,0,0
1944963,2024-07-28 00:00:00,23,89321,329,0.45,0.08,0,0.08,0
1944964,2024-07-28 00:00:00,23,90305,376,0.66,0,0,0,0
1944965,2024-07-29 00:00:00,0,90121,378,1.1,0.15,0.15,0,0
1944966,2024-07-29 00:00:00,6,86688,374,2.05,0.08,0.08,0,0
1944967,2024-07-29 00:00:00,9,88263,379,0.33,0,0,0,0
1944968,2024-07-29 00:00:00,9,90329,308,0.31,0.23,0,0,0.23
1944969,2024-07-29 00:00:00,9,89919,308,0.41,0,0,0,0
1944970,2024-07-29 00:00:00,10,89120,378,1.06,0.1,0,0.1,0
1944971,2024-07-29 00:00:00,12,90316,341,0.96,0.46,0,0.46,0
1944972,2024-07-29 00:00:00,12,86818,379,0.65,0.02,0.02,0,0
1944973,2024-07-29 00:00:00,12,88354,375,0.08,0.03,0,0,0.03
1944974,2024-07-29 00:00:00,14,87241,344,0.51,0,0,0,0
1944975,2024-07-29 00:00:00,14,89170,308,0.21,0,0,0,0
1944976,2024-07-29 00:00:00,14,88395,376,0.2,0,0,0,0
1944977,2024-07-29 00:00:00,15,86986,376,0.66,0.02,0,0.02,0
1944978,2024-07-29 00:00:00,15,88121,376,0.18,0.09,0,0,0.09
1944979,2024-07-29 00:00:00,15,89715,308,0.41,0,0,0,0
1944980,2024-07-29 00:00:00,15,89604,376,0.31,0,0,0,0
1944981,2024-07-29 00:00:00,16,87573,308,1.01,0.03,0,0.03,0
1944982,2024-07-29 00:00:00,18,87249,375,0.21,0,0,0,0
1944983,2024-07-29 00:00:00,18,90165,374,0.78,0.41,0,0,0.41
1944984,2024-07-29 00:00:00,19,88648,378,0.98,1.41,1.41,0,0
1944985,2024-07-29 00:00:00,19,86818,379,0.61,0.01,0,0.01,0
1944986,2024-07-29 00:00:00,20,88071,376,0.21,0,0,0,0
1944987,2024-07-29 00:00:00,20,89565,308,0.26,0,0,0,0
1944988,2024-07-29 00:00:00,20,89759,316,0.68,0.5,0,0,0.5
1944989,2024-07-29 00:00:00,21,89261,290,1.08,0.02,0,0.02,0
1944990,2024-07-29 00:00:00,22,90436,317,2.93,7.15,0.04,7.11,0
1944991,2024-07-29 00:00:00,22,89248,308,0.93,0,0,0,0
1944992,2024-07-29 00:00:00,22,89554,308,0.63,0.01,0,0.01,0
1944993,2024-07-29 00:00:00,22,88785,288,3.21,4.39,4.39,0,0
1944994,2024-07-29 00:00:00,22,87882,332,0.41,0,0,0,0
1944995,2024-07-29 00:00:00,22,88726,378,0.81,0.03,0,0.03,0
1944996,2024-07-29 00:00:00,22,88441,308,0.76,0,0,0,0
1944997,2024-07-29 00:00:00,22,89565,308,1.68,0.11,0.11,0,0
1944998,2024-07-29 00:00:00,22,87495,375,0.25,0.01,0,0.01,0
1944999,2024-07-29 00:00:00,23,90353,308,1.81,0.01,0,0.01,0
1945000,2024-07-29 00:00:00,23,89575,374,0.9,0.04,0,0.04,0
1945001,2024-07-30 00:00:00,1,86554,308,4.05,0.1,0.1,0,0
1945002,2024-07-30 00:00:00,6,89575,379,1.16,0.02,0,0.02,0
1945003,2024-07-30 00:00:00,9,88355,308,0.45,0,0,0,0
1945004,2024-07-30 00:00:00,9,90353,379,0.85,0.01,0,0.01,0
1945005,2024-07-30 00:00:00,10,88342,374,0.6,0.01,0,0.01,0
1945006,2024-07-30 00:00:00,12,89110,308,1.1,0.02,0,0.02,0
1945007,2024-07-30 00:00:00,12,89307,374,0.71,0,0,0,0
1945008,2024-07-30 00:00:00,13,88854,376,0.9,0.04,0.03,0.01,0
1945009,2024-07-30 00:00:00,12,89632,308,0.86,0,0,0,0
1945010,2024-07-30 00:00:00,13,89464,379,0.73,0.07,0.07,0,0
1945011,2024-07-30 00:00:00,13,90176,375,2.28,0.06,0.06,0,0
1945012,2024-07-30 00:00:00,13,88337,376,1.16,0,0,0,0
1945013,2024-07-30 00:00:00,14,86768,374,0.43,0,0,0,0
1945014,2024-07-30 00:00:00,14,86801,374,1.18,0.25,0.06,0.19,0
1945015,2024-07-30 00:00:00,14,86727,308,3.01,0,0,0,0
1945016,2024-07-30 00:00:00,15,90378,375,0.51,0.02,0,0.02,0
1945017,2024-07-30 00:00:00,15,88708,378,,0.37,0.37,0,0
1945018,2024-07-30 00:00:00,15,86928,376,1.76,0.28,0,0.28,0
1945019,2024-07-30 00:00:00,15,88298,334,0.2,0.03,0,0,0.03
1945020,2024-07-30 00:00:00,15,89587,327,0.01,0.1,0,0,0.1
1945021,2024-07-30 00:00:00,17,86705,376,0.16,0.27,0.27,0,0
1945022,2024-07-30 00:00:00,17,87894,309,0.95,0.01,0,0.01,0
1945023,2024-07-30 00:00:00,17,90373,375,1.03,0.2,0,0.2,0
1945024,2024-07-30 00:00:00,17,89779,374,0.3,0.24,0,0,0.24
1945025,2024-07-30 00:00:00,17,88955,290,2.38,0.01,0,0,0.01
1945026,2024-07-30 00:00:00,18,88423,378,0.03,0,0,0,0
1945027,2024-07-30 00:00:00,18,89591,309,0.31,0,0,0,0
1945028,2024-07-30 00:00:00,18,88516,374,0.23,0,0,0,0
1945029,2024-07-30 00:00:00,18,89287,376,0.5,0.01,0,0.01,0
1945030,2024-07-30 00:00:00,19,87600,352,0.2,0,0,0,0
1945031,2024-07-30 00:00:00,19,88298,374,0.3,0,0,0,0
1945032,2024-07-30 00:00:00,20,87490,290,0.58,0,0,0,0
1945033,2024-07-30 00:00:00,23,90289,321,1.33,0,0,0,0
1945034,2024-07-30 00:00:00,23,88128,374,2.46,0.34,0.34,0,0
1945035,2024-07-30 00:00:00,23,88574,374,0.61,0,0,0,0
1945036,2024-07-31 00:00:00,3,89575,379,1.08,0.5,0,0.5,0
1945037,2024-07-31 00:00:00,3,87858,379,2.2,0.5,0,0.5,0
1945038,2024-07-31 00:00:00,6,88001,375,1.1,0.02,0,0.02,0
1945039,2024-07-31 00:00:00,11,87443,376,0.28,0.34,0,0.34,0
1945040,2024-07-31 00:00:00,11,89889,346,0.63,0.35,0,0,0.35
1945041,2024-07-31 00:00:00,13,87734,374,0.83,0.25,0,0.25,0
1945042,2024-07-31 00:00:00,13,88298,374,0.16,0,0,0,0
1945043,2024-07-31 00:00:00,14,87778,374,0.11,0.07,0.02,0.05,0
1945044,2024-07-31 00:00:00,14,88137,309,1.86,5.22,5.22,0,0
1945045,2024-07-31 00:00:00,14,89565,309,0.2,0,0,0,0
1945046,2024-07-31 00:00:00,15,86483,375,0.88,1.49,0,0,1.49
1945047,2024-07-31 00:00:00,15,89309,320,1.18,0.2,0,0.2,0
1945048,2024-07-31 00:00:00,16,86818,379,1.56,0.03,0,0.03,0
1945049,2024-07-31 00:00:00,16,87858,379,1.45,1.5,0,1.5,0
1945050,2024-07-31 00:00:00,16,88998,375,0.7,0.04,0,0,0.04
1945051,2024-07-31 00:00:00,16,88268,376,0.75,0.02,0.02,0,0
1945052,2024-07-31 00:00:00,16,89932,346,0.83,1.23,0.45,0,0.78
1945053,2024-07-31 00:00:00,16,88860,375,6.21,13,13,0,0
1945054,2024-07-31 00:00:00,17,86876,369,1,0.04,0,0.04,0
1945055,2024-07-31 00:00:00,17,87640,375,3.98,7.05,2.5,4.54,0
1945056,2024-07-31 00:00:00,17,86764,317,0.46,0.01,0,0.01,0
1945057,2024-07-31 00:00:00,17,90445,309,1.78,15.18,14.98,0.19,0
1945058,2024-07-31 00:00:00,17,87664,379,0.5,0.02,0,0.02,0
1945059,2024-07-31 00:00:00,19,87272,376,0.73,0.15,0,0.15,0
1945060,2024-07-31 00:00:00,22,89112,374,0.98,0.04,0,0.04,0
1945061,2024-07-31 00:00:00,23,86921,374,0.48,0.01,0,0.01,0
1945062,2024-08-01 00:00:00,1,89112,374,0.5,0.06,0,0.06,0
1945063,2024-08-01 00:00:00,1,88485,378,0.51,0,0,0,0
1945064,2024-08-01 00:00:00,3,89423,378,0.4,0.07,0,0,0.07
1945065,2024-08-01 00:00:00,11,87592,376,0.16,0,0,0,0
1945066,2024-08-01 00:00:00,11,88998,375,,0,0,0,0
1945067,2024-08-01 00:00:00,12,89575,379,0.53,0.04,0.04,0,0
1945068,2024-08-01 00:00:00,13,89892,378,1.15,0.01,0,0.01,0
1945069,2024-08-01 00:00:00,13,88146,358,0.38,0.13,0,0,0.13
1945070,2024-08-01 00:00:00,13,87074,320,1.1,0.41,0,0.41,0
1945071,2024-08-01 00:00:00,13,87028,320,1.03,0.01,0,0.01,0
1945072,2024-08-01 00:00:00,13,89159,322,0.26,0,0,0,0
1945073,2024-08-01 00:00:00,13,86664,368,0.51,0.04,0,0.04,0
1945074,2024-08-01 00:00:00,14,87443,379,0.48,0,0,0,0
1945075,2024-08-01 00:00:00,16,89944,348,2.11,0.5,0.5,0,0
1945076,2024-08-01 00:00:00,16,89648,320,1.06,1.4,0,1.4,0
1945077,2024-08-01 00:00:00,16,87704,367,0.36,0,0,0,0
1945078,2024-08-01 00:00:00,17,88055,354,0.38,0.01,0,0,0.01
1945079,2024-08-01 00:00:00,17,87867,378,0.38,0.1,0,0,0.1
1945080,2024-08-01 00:00:00,17,88559,378,0.66,0.07,0,0,0.07
1945081,2024-08-01 00:00:00,18,90344,290,0.41,0,0,0,0
1945082,2024-08-01 00:00:00,19,89731,378,1.25,0.04,0,0.04,0
1945083,2024-08-01 00:00:00,20,89425,309,3.65,1.65,0,0,1.65
1945084,2024-08-01 00:00:00,23,87211,378,0.73,0.05,0,0.05,0
1945085,2024-08-02 00:00:00,4,88356,317,0.63,0.09,0,0.09,0
1945086,2024-08-02 00:00:00,9,87294,374,1.21,0,0,0,0
1945087,2024-08-02 00:00:00,10,89362,334,1.36,0.07,0,0,0.07
1945088,2024-08-02 00:00:00,12,90254,352,0.75,1.4,0.02,0.24,1.14
1945089,2024-08-02 00:00:00,12,87794,378,5.53,0.45,0.08,0.36,0
1945090,2024-08-02 00:00:00,12,86768,374,1.28,0.53,0.53,0,0
1945091,2024-08-02 00:00:00,12,89220,319,0.51,0.72,0,0.72,0
1945092,2024-08-02 00:00:00,12,88387,341,0.25,0,0,0,0
1945093,2024-08-02 00:00:00,13,88082,343,0.33,0.26,0,0,0.26
1945094,2024-08-02 00:00:00,13,90144,318,0.78,0.4,0,0.4,0
1945095,2024-08-02 00:00:00,16,89368,333,0.43,0.05,0,0.05,0
1945096,2024-08-02 00:00:00,16,90473,374,1.11,0.14,0.14,0,0
1945097,2024-08-02 00:00:00,16,89905,333,0.45,0.2,0,0,0.2
1945098,2024-08-02 00:00:00,16,87443,379,2.25,0.03,0,0.03,0
1945099,2024-08-02 00:00:00,16,87822,376,0.36,0,0,0,0
1945100,2024-08-02 00:00:00,17,88712,300,2.78,80.34,0,0,80.34
1945101,2024-08-02 00:00:00,18,86652,376,0.86,0.06,0.06,0,0
1945102,2024-08-02 00:00:00,18,86541,376,0.21,0.12,0,0,0.12
1945103,2024-08-02 00:00:00,18,89591,309,0.41,0.18,0,0,0.18
1945104,2024-08-02 00:00:00,19,89652,309,0.33,0.23,0,0.23,0
1945105,2024-08-02 00:00:00,19,86883,341,0.13,0.04,0,0,0.04
1945106,2024-08-02 00:00:00,20,89469,374,0.75,0.14,0.07,0.07,0
1945107,2024-08-02 00:00:00,20,88998,375,0.3,0,0,0,0
1945108,2024-08-02 00:00:00,20,88105,316,0.75,0.04,0,0,0.04
1945109,2024-08-02 00:00:00,21,89491,374,0.95,0.37,0.08,0.28,0
1945110,2024-08-02 00:00:00,21,87225,316,0.43,0,0,0,0
1945111,2024-08-02 00:00:00,22,87123,374,0.31,0,0,0,0
1945112,2024-08-02 00:00:00,23,87913,375,0.1,0,0,0,0
1945113,2024-08-03 00:00:00,0,89839,375,0.35,0,0,0,0
1945114,2024-08-03 00:00:00,0,86744,374,0.53,0.2,0,0.2,0
1945115,2024-08-03 00:00:00,0,89515,374,0.25,0,0,0,0
1945116,2024-08-03 00:00:00,4,87170,316,0.26,0,0,0,0
1945117,2024-08-03 00:00:00,8,89790,374,0.28,0,0,0,0
1945118,2024-08-03 00:00:00,9,88865,313,0.26,0,0,0,0
1945119,2024-08-03 00:00:00,10,86495,374,0.76,0.01,0.01,0,0
1945120,2024-08-03 00:00:00,11,88071,376,0.7,0.54,0,0,0.54
1945121,2024-08-03 00:00:00,11,88533,378,0.41,0.01,0,0.01,0
1945122,2024-08-03 00:00:00,11,89674,319,1.91,0.11,0,0.11,0
1945123,2024-08-03 00:00:00,11,89790,374,0.33,0,0,0,0
1945124,2024-08-03 00:00:00,12,87794,378,1.15,0.02,0,0.02,0
1945125,2024-08-03 00:00:00,12,89944,375,3.48,0.53,0.5,0.03,0
1945126,2024-08-03 00:00:00,12,90043,376,0.31,0.05,0,0,0.05
1945127,2024-08-03 00:00:00,12,89944,375,0.95,0,0,0,0
1945128,2024-08-03 00:00:00,12,87732,374,0.51,0.03,0.03,0,0
1945129,2024-08-03 00:00:00,12,87211,378,0.4,0.02,0,0.02,0
1945130,2024-08-03 00:00:00,13,87858,379,0.4,0,0,0,0
1945131,2024-08-03 00:00:00,13,88457,376,0.58,0.01,0,0.01,0
1945132,2024-08-03 00:00:00,13,87249,375,1.33,0.01,0,0.01,0
1945133,2024-08-03 00:00:00,13,87797,375,7.51,140.09,28.92,89.13,22.03
1945134,2024-08-03 00:00:00,13,90155,379,,2.7,0,2.7,0
1945135,2024-08-03 00:00:00,14,88844,374,0.88,0.02,0,0.02,0
1945136,2024-08-03 00:00:00,14,87192,375,4.36,3.56,3.56,0,0
1945137,2024-08-03 00:00:00,15,86652,345,0.65,0.04,0,0.04,0
1945138,2024-08-03 00:00:00,16,87272,376,0.66,0.05,0,0.05,0
1945139,2024-08-03 00:00:00,16,86940,334,0.56,0.07,0,0,0.07
1945140,2024-08-03 00:00:00,17,87298,341,1.33,1.32,1.11,0,0.2
1945141,2024-08-03 00:00:00,18,88399,358,1.66,0.66,0.49,0,0.17
1945142,2024-08-03 00:00:00,19,89469,374,0.65,0.03,0,0.03,0
1945143,2024-08-03 00:00:00,19,89434,375,2.73,1.1,0,1.1,0
1945144,2024-08-03 00:00:00,21,88565,375,4.43,0.12,0.12,0,0
1945145,2024-08-03 00:00:00,21,88204,374,2.26,0.01,0,0.01,0
1945146,2024-08-03 00:00:00,21,88048,375,1.01,0.01,0,0.01,0
1945147,2024-08-03 00:00:00,21,88791,374,1.01,0.05,0.03,0.02,0
1945148,2024-08-03 00:00:00,22,86900,341,0.1,0.01,0,0.01,0
1945149,2024-08-04 00:00:00,0,88048,375,0.65,0,0,0,0
1945150,2024-08-04 00:00:00,0,88515,376,0.73,0.1,0,0.1,0
1945151,2024-08-04 00:00:00,0,87198,375,0.86,0,0,0,0
1945152,2024-08-04 00:00:00,0,88287,374,0.63,0.01,0,0.01,0
1945153,2024-08-04 00:00:00,2,86576,309,0.21,0,0,0,0
1945154,2024-08-04 00:00:00,5,87664,379,1.68,0.02,0,0.02,0
1945155,2024-08-04 00:00:00,10,87847,378,0.38,0.02,0,0,0.02
1945156,2024-08-04 00:00:00,11,89072,329,0.68,0,0,0,0
1945157,2024-08-04 00:00:00,11,89731,378,0.51,0.02,0,0.02,0
1945158,2024-08-04 00:00:00,13,88828,375,1.35,0.6,0,0,0.6
1945159,2024-08-04 00:00:00,13,87211,378,0.66,0.03,0,0.03,0
1945160,2024-08-04 00:00:00,14,88386,342,0.9,0.01,0,0.01,0
1945161,2024-08-04 00:00:00,14,89401,372,0.35,0,0,0,0
1945162,2024-08-04 00:00:00,14,87131,341,1.56,0.24,0,0.24,0
1945163,2024-08-04 00:00:00,14,89731,378,0.88,0.02,0,0.02,0
1945164,2024-08-04 00:00:00,15,89709,374,1.26,0.12,0,0.12,0
1945165,2024-08-04 00:00:00,15,90144,378,0.23,0.01,0,0.01,0
1945166,2024-08-04 00:00:00,15,87354,313,0.61,0,0,0,0
1945167,2024-08-04 00:00:00,15,88497,314,0.6,0.02,0,0,0.02
1945168,2024-08-04 00:00:00,15,90275,341,0.35,0.05,0,0.05,0
1945169,2024-08-04 00:00:00,15,89401,379,0.4,0.1,0,0,0.1
1945170,2024-08-04 00:00:00,15,89293,374,0.9,0.31,0,0.31,0
1945171,2024-08-04 00:00:00,15,88487,378,0.43,0.01,0,0.01,0
1945172,2024-08-04 00:00:00,16,87996,376,0.2,0,0,0,0
1945173,2024-08-04 00:00:00,16,87211,379,0.88,0.49,0.49,0,0
1945174,2024-08-04 00:00:00,16,89208,341,1.28,0.3,0.3,0,0
1945175,2024-08-04 00:00:00,16,87192,379,1.83,0.47,0.47,0,0
1945176,2024-08-04 00:00:00,16,88419,293,0.38,0,0,0,0
1945177,2024-08-04 00:00:00,16,89287,378,0.88,0.11,0,0.11,0
1945178,2024-08-04 00:00:00,17,88836,290,0.71,0,0,0,0
1945179,2024-08-04 00:00:00,17,90130,376,0.71,0.1,0.1,0,0
1945180,2024-08-04 00:00:00,17,90004,341,0.71,0.21,0,0,0.21
1945181,2024-08-04 00:00:00,20,89661,345,0.36,0.01,0,0.01,0
1945182,2024-08-04 00:00:00,21,86624,319,0.41,0,0,0,0
1945183,2024-08-04 00:00:00,21,88791,374,1.6,0.02,0,0.02,0
1945184,2024-08-04 00:00:00,22,88916,290,0.33,0,0,0,0
1945185,2024-08-04 00:00:00,22,90399,375,,37.7,4.8,32.4,0.5
1945186,2024-08-04 00:00:00,22,89045,374,0.66,0,0,0,0
1945187,2024-08-04 00:00:00,22,89929,320,0.63,0.28,0,0.28,0
1945188,2024-08-04 00:00:00,23,87410,374,0.93,0.14,0,0.14,0
1945189,2024-08-05 00:00:00,0,88526,288,0.9,0.02,0,0.02,0
1945190,2024-08-05 00:00:00,8,89731,378,4.36,0.07,0,0.07,0
1945191,2024-08-05 00:00:00,9,88600,288,0.16,0.2,0,0.2,0
1945192,2024-08-05 00:00:00,9,90273,306,0.23,0,0,0,0
1945193,2024-08-05 00:00:00,10,89432,379,1.28,0.05,0.05,0,0
1945194,2024-08-05 00:00:00,10,88016,378,0.95,0.02,0,0.02,0
1945195,2024-08-05 00:00:00,10,89115,341,0.46,0.33,0,0.33,0
1945196,2024-08-05 00:00:00,11,86612,345,3.58,0.85,0,0.85,0
1945197,2024-08-05 00:00:00,11,89221,358,2.71,1.19,0,0,1.19
1945198,2024-08-05 00:00:00,12,89575,379,0.93,0.5,0,0.5,0
1945199,2024-08-05 00:00:00,12,88655,348,0.4,0,0,0,0
1945200,2024-08-05 00:00:00,12,89464,379,0.95,0.37,0.37,0,0
1945201,2024-08-05 00:00:00,13,89618,341,0.85,1.67,1.67,0,0
1945202,2024-08-05 00:00:00,13,90330,334,2.45,0.31,0,0.31,0
1945203,2024-08-05 00:00:00,14,90144,376,0.91,0,0,0,0
1945204,2024-08-05 00:00:00,14,90012,317,0.43,0,0,0,0
1945205,2024-08-05 00:00:00,14,88804,376,0.4,0.11,0,0,0.11
1945206,2024-08-05 00:00:00,14,88600,379,7.06,39.97,14.65,25.31,0
1945207,2024-08-05 00:00:00,14,89841,376,0.33,0.31,0,0,0.31
1945208,2024-08-05 00:00:00,14,87211,379,1.38,0.6,0.55,0,0.04
1945209,2024-08-05 00:00:00,14,87192,375,1.63,0.93,0.93,0,0
1945210,2024-08-05 00:00:00,15,89045,374,0.6,0.03,0,0.03,0
1945211,2024-08-05 00:00:00,15,87505,290,0.8,0.2,0,0.2,0
1945212,2024-08-05 00:00:00,15,87505,290,0.08,0,0,0,0
1945213,2024-08-05 00:00:00,16,87760,375,1.38,0.2,0.2,0,0
1945214,2024-08-05 00:00:00,16,87848,352,0.48,0.05,0,0,0.05
1945215,2024-08-05 00:00:00,16,88505,380,0.35,0,0,0,0
1945216,2024-08-05 00:00:00,16,87600,376,0.86,1.1,0.48,0,0.61
1945217,2024-08-05 00:00:00,16,88087,375,1.73,2,0.6,1.39,0
1945218,2024-08-05 00:00:00,17,88006,324,1.76,0,0,0,0
1945219,2024-08-05 00:00:00,17,86744,374,0.93,0.1,0,0.1,0
1945220,2024-08-05 00:00:00,17,89731,379,0.56,0,0,0,0
1945221,2024-08-05 00:00:00,17,88039,378,0.18,0,0,0,0
1945222,2024-08-05 00:00:00,18,87910,290,0.53,0.02,0,0.02,0
1945223,2024-08-05 00:00:00,18,89410,374,1.43,0.98,0.75,0.23,0
1945224,2024-08-05 00:00:00,19,88457,376,0.71,0,0,0,0
1945225,2024-08-05 00:00:00,19,89197,317,0.85,0.01,0,0.01,0
1945226,2024-08-05 00:00:00,20,89253,317,2.61,1.5,0.5,1,0
1945227,2024-08-05 00:00:00,20,89729,320,2.83,1,1,0,0
1945228,2024-08-05 00:00:00,20,87305,376,0.5,0.02,0,0.02,0
1945229,2024-08-05 00:00:00,20,88998,375,0.38,0.33,0,0,0.33
1945230,2024-08-05 00:00:00,20,88390,320,1.1,0.1,0,0.1,0
1945231,2024-08-05 00:00:00,20,86494,378,0.4,0,0,0,0
1945232,2024-08-05 00:00:00,22,87789,375,4.46,41.83,0.08,37.03,4.71
1945233,2024-08-05 00:00:00,22,90122,376,2.01,0.1,0,0.1,0
1945234,2024-08-05 00:00:00,23,88378,317,24.28,0,0,0,0
1945235,2024-08-06 00:00:00,0,89220,375,0.38,0.03,0,0,0.03
1945236,2024-08-06 00:00:00,0,88033,374,0.23,0,0,0,0
1945237,2024-08-06 00:00:00,0,87764,316,0.36,0.15,0,0,0.15
1945238,2024-08-06 00:00:00,0,89113,325,0.83,0,0,0,0
1945239,2024-08-06 00:00:00,2,88239,378,1.06,0,0,0,0
1945240,2024-08-06 00:00:00,7,90397,374,0.31,0,0,0,0
1945241,2024-08-06 00:00:00,9,89410,379,4.5,0,0,0,0
1945242,2024-08-06 00:00:00,10,89575,379,0.26,0,0,0,0
1945243,2024-08-06 00:00:00,10,87172,329,0.85,0,0,0,0
1945244,2024-08-06 00:00:00,12,88158,318,0.43,0.19,0,0,0.19
1945245,2024-08-06 00:00:00,12,89729,379,0.83,0.1,0.1,0,0
1945246,2024-08-06 00:00:00,13,86744,374,1.33,0.01,0,0.01,0
1945247,2024-08-06 00:00:00,13,90122,378,0.7,0.02,0,0.02,0
1945248,2024-08-06 00:00:00,14,88892,334,0.45,0,0,0,0
1945249,2024-08-06 00:00:00,14,88819,341,0.36,0,0,0,0
1945250,2024-08-06 00:00:00,14,90292,334,1.16,3.49,0,3.4,0.09
1945251,2024-08-06 00:00:00,14,86545,372,0.91,0.15,0,0.15,0
1945252,2024-08-06 00:00:00,14,87654,375,2.66,15,11.75,0,3.25
1945253,2024-08-06 00:00:00,15,88158,317,0.98,0.37,0.1,0.27,0
1945254,2024-08-06 00:00:00,15,87910,290,0.75,0.02,0,0.02,0
1945255,2024-08-06 00:00:00,15,86570,378,0.2,0,0,0,0
1945256,2024-08-06 00:00:00,15,86702,316,2.56,12.27,4.53,5.34,2.4
1945257,2024-08-06 00:00:00,16,89436,299,0.48,0.01,0,0,0.01
1945258,2024-08-06 00:00:00,16,88986,375,3.05,4.85,0,3.05,1.8
1945259,2024-08-06 00:00:00,16,88828,375,,0.76,0,0,0.76
1945260,2024-08-06 00:00:00,16,89596,316,1.1,0.48,0,0,0.48
1945261,2024-08-06 00:00:00,17,86832,375,0.43,0.02,0,0.02,0
1945262,2024-08-06 00:00:00,17,89647,346,1.08,1.28,0,1.28,0
1945263,2024-08-06 00:00:00,18,90056,378,1.25,0,0,0,0
1945264,2024-08-06 00:00:00,18,90215,293,1.1,0.04,0,0,0.04
1945265,2024-08-06 00:00:00,18,88659,358,0.36,0.03,0,0.03,0
1945266,2024-08-06 00:00:00,18,89841,376,0.18,0,0,0,0
1945267,2024-08-06 00:00:00,19,87144,376,0.48,0.02,0,0.02,0
1945268,2024-08-06 00:00:00,19,87933,376,0.21,0,0,0,0
1945269,2024-08-06 00:00:00,19,86865,333,0.16,0,0,0,0
1945270,2024-08-06 00:00:00,19,87600,379,0.3,0,0,0,0
1945271,2024-08-06 00:00:00,20,90471,341,1.85,0.35,0.35,0,0
1945272,2024-08-06 00:00:00,21,88071,366,0.26,0.01,0,0,0.01
1945273,2024-08-06 00:00:00,21,89309,374,1.06,0.21,0,0.21,0
1945274,2024-08-06 00:00:00,21,90066,375,1.45,0.17,0,0.17,0
1945275,2024-08-06 00:00:00,22,87326,378,0.61,0.08,0,0.08,0
1945276,2024-08-06 00:00:00,22,87491,375,0.5,0,0,0,0
1945277,2024-08-06 00:00:00,23,88033,374,0.21,0,0,0,0
1945278,2024-08-06 00:00:00,23,89133,320,1.31,0.01,0,0.01,0
1945279,2024-08-07 00:00:00,0,86598,376,0.48,0.01,0,0,0.01
1945280,2024-08-07 00:00:00,1,90413,372,0.71,0,0,0,0
1945281,2024-08-07 00:00:00,3,87393,375,1.65,0.02,0.02,0,0
1945282,2024-08-07 00:00:00,4,87489,376,0.48,0.86,0,0.86,0
1945283,2024-08-07 00:00:00,5,89248,375,3.45,0.33,0.3,0.03,0
1945284,2024-08-07 00:00:00,7,89237,290,0.31,0,0,0,0
1945285,2024-08-07 00:00:00,8,87294,374,0.25,0,0,0,0
1945286,2024-08-07 00:00:00,9,88147,341,0.26,0.05,0,0,0.05
1945287,2024-08-07 00:00:00,9,89159,341,0.53,0.1,0,0,0.1
1945288,2024-08-07 00:00:00,10,89538,378,1.16,0.07,0,0,0.07
1945289,2024-08-07 00:00:00,10,89243,358,0.76,0,0,0,0
1945290,2024-08-07 00:00:00,11,89309,374,0.7,0.06,0,0.06,0
1945291,2024-08-07 00:00:00,11,87418,329,0.08,0,0,0,0
1945292,2024-08-07 00:00:00,12,87794,378,6.48,2.09,1.27,0.82,0
1945293,2024-08-07 00:00:00,12,90368,329,0.46,0,0,0,0
1945294,2024-08-07 00:00:00,12,90144,378,1.15,0.01,0,0.01,0
1945295,2024-08-07 00:00:00,13,89859,288,2.63,1.46,1.46,0,0
1945296,2024-08-07 00:00:00,13,87489,376,1.11,1.73,1.72,0.01,0
1945297,2024-08-07 00:00:00,14,89859,288,1.23,0,0,0,0
1945298,2024-08-07 00:00:00,14,88146,376,0.4,0,0,0,0
1945299,2024-08-07 00:00:00,14,90305,378,0.4,0,0,0,0
1945300,2024-08-07 00:00:00,14,89697,372,1.65,0.1,0,0.1,0
1945301,2024-08-07 00:00:00,14,86754,358,0.31,0,0,0,0
1945302,2024-08-07 00:00:00,14,89133,322,4.08,10.35,1.69,8.65,0
1945303,2024-08-07 00:00:00,15,89859,288,2.11,0.49,0,0.49,0
1945304,2024-08-07 00:00:00,15,89074,341,0.68,0,0,0,0
1945305,2024-08-07 00:00:00,15,87854,289,1.61,0,0,0,0
1945306,2024-08-07 00:00:00,15,89525,376,0.13,0.02,0,0.02,0
1945307,2024-08-07 00:00:00,16,90344,290,1.08,0.01,0,0.01,0
1945308,2024-08-07 00:00:00,16,87858,379,0.98,0.5,0,0.5,0
1945309,2024-08-07 00:00:00,15,87656,352,1.31,1.49,0,0,1.49
1945310,2024-08-07 00:00:00,17,88487,378,0.75,0.15,0,0.15,0
1945311,2024-08-07 00:00:00,18,87393,379,1.65,0.03,0.03,0,0
1945312,2024-08-07 00:00:00,19,87198,374,0.46,0.05,0,0.05,0
1945313,2024-08-07 00:00:00,19,87444,374,0.81,0.02,0,0.02,0
1945314,2024-08-07 00:00:00,19,90175,290,1.11,0.1,0.1,0,0
1945315,2024-08-07 00:00:00,19,86995,343,0.9,1.5,1.49,0,0.01
1945316,2024-08-07 00:00:00,19,89575,379,0.85,0,0,0,0
1945317,2024-08-07 00:00:00,20,87326,378,0.86,0.24,0.15,0.09,0
1945318,2024-08-07 00:00:00,21,89175,309,1.31,0.57,0,0.56,0
1945319,2024-08-07 00:00:00,21,87365,375,1.5,0.34,0.24,0.09,0
1945320,2024-08-07 00:00:00,21,89286,306,0.98,0.03,0,0.03,0
1945321,2024-08-07 00:00:00,22,89712,345,0.83,0.1,0,0,0.1
1945322,2024-08-07 00:00:00,22,90056,378,0.61,0.01,0,0.01,0
1945323,2024-08-07 00:00:00,22,86744,379,0.38,0.01,0,0.01,0
1945324,2024-08-07 00:00:00,23,88565,379,0.48,0.02,0.02,0,0
1945325,2024-08-07 00:00:00,23,88626,378,0.26,0.01,0,0.01,0
1945326,2024-08-08 00:00:00,0,88033,374,0.23,0,0,0,0
1945327,2024-08-08 00:00:00,0,88248,375,0.55,0.03,0,0,0.03
1945328,2024-08-08 00:00:00,1,87858,379,1.66,1.5,0,1.5,0
1945329,2024-08-08 00:00:00,5,89109,374,0.96,0.5,0,0.5,0
1945330,2024-08-08 00:00:00,7,89196,295,0.53,0,0,0,0
1945331,2024-08-08 00:00:00,9,88096,358,1.9,0,0,0,0
1945332,2024-08-08 00:00:00,10,88697,375,1.31,0.94,0.94,0,0
1945333,2024-08-08 00:00:00,10,88268,290,1.25,0,0,0,0
1945334,2024-08-08 00:00:00,11,89610,374,2.75,0.21,0,0.21,0
1945335,2024-08-08 00:00:00,12,87772,322,1.3,1,1,0,0
1945336,2024-08-08 00:00:00,12,89575,379,0.81,0.03,0,0.03,0
1945337,2024-08-08 00:00:00,12,86760,317,0.81,0.13,0,0.13,0
1945338,2024-08-08 00:00:00,13,88220,349,1.2,0.94,0.17,0,0.77
1945339,2024-08-08 00:00:00,14,88487,378,0.8,0.3,0,0.3,0
1945340,2024-08-08 00:00:00,14,86812,316,0.55,0.16,0,0,0.16
1945341,2024-08-08 00:00:00,15,89853,375,9.31,13.3,0,8.62,4.67
1945342,2024-08-08 00:00:00,15,87971,378,0.38,0.01,0,0.01,0
1945343,2024-08-08 00:00:00,15,87698,376,0.48,1,0,0,1
1945344,2024-08-08 00:00:00,15,86559,378,0.36,0,0,0,0
1945345,2024-08-08 00:00:00,15,89957,333,0.28,0,0,0,0
1945346,2024-08-08 00:00:00,16,87600,344,0.35,0,0,0,0
1945347,2024-08-08 00:00:00,16,88380,376,0.56,0.01,0,0.01,0
1945348,2024-08-08 00:00:00,18,88333,309,2.2,1.53,1.53,0,0
1945349,2024-08-08 00:00:00,19,88113,376,0.63,1.08,0,0,1.08
1945350,2024-08-08 00:00:00,19,87249,375,,0.05,0,0.05,0
1945351,2024-08-09 00:00:00,2,87858,379,2.03,0.5,0,0.5,0
1945352,2024-08-09 00:00:00,2,87503,344,0.88,0.02,0,0.02,0
1945353,2024-08-09 00:00:00,2,87351,374,1.41,0.05,0,0.05,0
1945354,2024-08-09 00:00:00,3,88736,376,1.15,0.04,0.04,0,0
1945355,2024-08-09 00:00:00,5,90129,299,0.81,0,0,0,0
1945356,2024-08-09 00:00:00,10,89581,341,0.41,1.06,0,0,1.06
1945357,2024-08-09 00:00:00,10,89575,379,0.65,0.02,0,0.02,0
1945358,2024-08-09 00:00:00,10,89731,378,1.18,0.06,0,0.06,0
1945359,2024-08-09 00:00:00,11,89521,374,0.7,0.03,0.03,0,0
1945360,2024-08-09 00:00:00,11,90344,290,0.43,0,0,0,0
1945361,2024-08-09 00:00:00,12,87772,379,0.51,0.01,0.01,0,0
1945362,2024-08-09 00:00:00,12,89469,374,0.56,0.03,0,0.03,0
1945363,2024-08-09 00:00:00,12,89248,375,1.38,0,0,0,0
1945364,2024-08-09 00:00:00,12,87663,376,0.23,0,0,0,0
1945365,2024-08-09 00:00:00,12,87869,320,1.5,1.08,0,1.08,0
1945366,2024-08-09 00:00:00,12,88998,376,0.48,0.21,0,0,0.21
1945367,2024-08-09 00:00:00,13,89016,325,0.25,0,0,0,0
1945368,2024-08-09 00:00:00,13,89486,375,1.15,0.62,0.62,0,0
1945369,2024-08-09 00:00:00,13,89788,374,0.45,0.01,0,0.01,0
1945370,2024-08-09 00:00:00,13,89731,378,,2.5,1.78,0,0.71
1945371,2024-08-09 00:00:00,13,89230,378,0.26,0,0,0,0
1945372,2024-08-09 00:00:00,13,88199,309,0.91,0,0,0,0
1945373,2024-08-09 00:00:00,14,87704,378,0.48,0,0,0,0
1945374,2024-08-09 00:00:00,14,88673,375,,1,1,0,0
1945375,2024-08-09 00:00:00,15,87641,377,1.11,0.14,0,0,0.14
1945376,2024-08-09 00:00:00,15,87476,290,0.78,0.03,0.03,0,0
1945377,2024-08-09 00:00:00,15,90341,378,0.31,0,0,0,0
1945378,2024-08-09 00:00:00,15,88784,376,1.25,0.16,0,0.16,0
1945379,2024-08-09 00:00:00,15,89423,322,0.16,0,0,0,0
1945380,2024-08-09 00:00:00,15,87600,376,0.35,0.05,0,0,0.05
1945381,2024-08-09 00:00:00,15,88984,378,0.28,0.06,0,0,0.06
1945382,2024-08-09 00:00:00,16,87352,333,0.2,0,0,0,0
1945383,2024-08-09 00:00:00,16,89120,376,0.43,0.04,0,0.04,0
1945384,2024-08-09 00:00:00,16,87858,379,0.73,1,0,1,0
1945385,2024-08-09 00:00:00,16,87235,334,0.1,0,0,0,0
1945386,2024-08-09 00:00:00,16,86742,309,0.31,0,0,0,0
1945387,2024-08-09 00:00:00,17,87657,290,0.2,0,0,0,0
1945388,2024-08-09 00:00:00,17,89248,316,1.25,0.02,0,0,0.02
1945389,2024-08-09 00:00:00,17,87853,319,1.85,0.01,0,0,0.01
1945390,2024-08-09 00:00:00,17,90265,319,1.3,0.09,0,0,0.09
1945391,2024-08-09 00:00:00,17,88083,333,1.2,0.1,0,0,0.1
1945392,2024-08-09 00:00:00,17,89914,378,0.5,0.17,0,0.17,0
1945393,2024-08-09 00:00:00,18,87869,366,0.5,0.01,0,0.01,0
1945394,2024-08-09 00:00:00,18,88263,379,0.83,1,0,1,0
1945395,2024-08-09 00:00:00,18,88736,376,0.48,0.01,0,0.01,0
1945396,2024-08-09 00:00:00,18,89971,288,0.5,0.03,0,0.03,0
1945397,2024-08-09 00:00:00,19,90162,341,0.55,0.01,0,0.01,0
1945398,2024-08-09 00:00:00,19,88420,358,0.3,0.02,0,0,0.02
1945399,2024-08-09 00:00:00,20,87690,374,1.73,0,0,0,0
1945400,2024-08-09 00:00:00,22,88487,378,0.16,0,0,0,0
1945401,2024-08-09 00:00:00,22,90165,320,9.45,0.9,0,0,0.9
1945402,2024-08-09 00:00:00,22,87690,317,0.5,0,0,0,0
1945403,2024-08-10 00:00:00,1,88065,376,2.18,0.05,0,0.05,0
1945404,2024-08-10 00:00:00,2,89313,376,1.33,0.02,0.02,0,0
1945405,2024-08-10 00:00:00,2,88673,375,0.73,0.03,0,0.03,0
1945406,2024-08-10 00:00:00,2,89313,376,0.56,0.05,0,0.05,0
1945407,2024-08-10 00:00:00,3,88304,378,0.68,0.01,0,0.01,0
1945408,2024-08-10 00:00:00,4,89515,374,0.38,0,0,0,0
1945409,2024-08-10 00:00:00,5,87400,378,0.65,0.09,0,0.09,0
1945410,2024-08-10 00:00:00,6,88591,375,1.3,0.4,0,0.4,0
1945411,2024-08-10 00:00:00,11,87794,352,0.6,0.11,0,0.11,0
1945412,2024-08-10 00:00:00,12,89607,322,0.45,0.01,0,0.01,0
1945413,2024-08-10 00:00:00,12,90443,376,0.21,0.06,0,0.06,0
1945414,2024-08-10 00:00:00,12,88298,374,0.15,0.01,0,0.01,0
1945415,2024-08-10 00:00:00,12,88998,375,0.96,0.17,0,0,0.17
1945416,2024-08-10 00:00:00,13,89122,361,3.11,4.84,2.4,2.44,0
1945417,2024-08-10 00:00:00,13,89191,316,1.41,0.03,0,0,0.02
1945418,2024-08-10 00:00:00,13,87873,333,1.11,0.04,0,0,0.04
1945419,2024-08-10 00:00:00,13,87847,334,0.71,0,0,0,0
1945420,2024-08-10 00:00:00,14,90341,377,0.75,0,0,0,0
1945421,2024-08-10 00:00:00,14,87326,379,0.68,0.15,0,0.15,0
1945422,2024-08-10 00:00:00,14,90344,290,0.71,0.01,0,0.01,0
1945423,2024-08-10 00:00:00,15,87236,309,,0.35,0,0,0.35
1945424,2024-08-10 00:00:00,15,88984,358,0.63,0.24,0,0,0.24
1945425,2024-08-10 00:00:00,15,89120,378,0.65,0.03,0,0.03,0
1945426,2024-08-10 00:00:00,15,86797,375,0.21,0,0,0,0
1945427,2024-08-10 00:00:00,15,89569,341,0.4,0.15,0,0.15,0
1945428,2024-08-10 00:00:00,15,88558,350,1.23,0.4,0,0.4,0
1945429,2024-08-10 00:00:00,15,88501,322,0.61,0.45,0,0.45,0
1945430,2024-08-10 00:00:00,16,89575,379,0.88,0.02,0,0.02,0
1945431,2024-08-10 00:00:00,16,87630,375,0.26,0.1,0,0.1,0
1945432,2024-08-10 00:00:00,16,89430,376,1.88,2.22,2.22,0,0
1945433,2024-08-10 00:00:00,16,88924,314,2.45,0.01,0,0.01,0
1945434,2024-08-10 00:00:00,16,88827,378,0.15,0.03,0,0.03,0
1945435,2024-08-10 00:00:00,17,90216,375,3.58,4.97,4.97,0,0
1945436,2024-08-10 00:00:00,17,86635,378,2.03,23.5,0.6,22.7,0.2
1945437,2024-08-10 00:00:00,17,88487,378,0.3,0.01,0,0.01,0
1945438,2024-08-10 00:00:00,18,88350,374,0.93,0.1,0.05,0.05,0
1945439,2024-08-10 00:00:00,18,88920,308,50.06,1935.52,899.87,715.5,320.13
1945440,2024-08-10 00:00:00,18,89253,317,0.93,0,0,0,0
1945441,2024-08-10 00:00:00,18,88071,376,0.31,0.33,0,0,0.33
1945442,2024-08-10 00:00:00,18,89925,378,0.51,0.01,0,0.01,0
1945443,2024-08-10 00:00:00,18,90013,308,62.2,445.17,20.73,421.87,2.56
1945444,2024-08-10 00:00:00,19,89724,376,1.36,0.85,0.85,0,0
1945445,2024-08-10 00:00:00,19,90001,378,0.51,0.2,0.2,0,0
1945446,2024-08-10 00:00:00,19,89241,308,0.46,0.04,0,0,0.04
1945447,2024-08-10 00:00:00,19,87853,308,0.9,1.99,0,0,1.99
1945448,2024-08-10 00:00:00,20,88872,378,,0.25,0,0.25,0
1945449,2024-08-10 00:00:00,20,88515,378,0.58,0.04,0,0.04,0
1945450,2024-08-10 00:00:00,20,87407,375,1.68,0,0,0,0
1945451,2024-08-10 00:00:00,21,88299,328,0.16,0,0,0,0
1945452,2024-08-10 00:00:00,21,88821,374,0.15,0.02,0,0,0.02
1945453,2024-08-10 00:00:00,21,88014,378,1.06,0.06,0.06,0,0
1945454,2024-08-10 00:00:00,21,90219,375,0.45,0,0,0,0
1945455,2024-08-10 00:00:00,22,88719,374,11.35,24.84,1.87,22.74,0.21
1945456,2024-08-10 00:00:00,22,86762,341,0.41,0,0,0,0
1945457,2024-08-10 00:00:00,22,89925,378,0.75,0.07,0,0,0.07
1945458,2024-08-10 00:00:00,22,88872,378,0.95,0.08,0,0.08,0
1945459,2024-08-10 00:00:00,23,88238,374,0.48,0.01,0,0,0.01
1945460,2024-08-11 00:00:00,0,90001,378,0.26,0.08,0.08,0,0
1945461,2024-08-11 00:00:00,0,89241,309,0.71,0.1,0,0,0.1
1945462,2024-08-11 00:00:00,0,89194,374,0.73,0,0,0,0
1945463,2024-08-11 00:00:00,4,87025,376,0.56,0.01,0,0.01,0
1945464,2024-08-11 00:00:00,5,87400,378,1.01,0.09,0,0.09,0
1945465,2024-08-11 00:00:00,5,87025,376,0.85,0.12,0,0.12,0
1945466,2024-08-11 00:00:00,6,90202,375,1.1,0.16,0.16,0,0
1945467,2024-08-11 00:00:00,6,90165,320,1.75,0.9,0,0.9,0
1945468,2024-08-11 00:00:00,6,90001,378,0.5,0.15,0.15,0,0
1945469,2024-08-11 00:00:00,6,89133,320,1.55,0.01,0,0.01,0
1945470,2024-08-11 00:00:00,7,88047,317,1.1,0.76,0,0.76,0
1945471,2024-08-11 00:00:00,11,88551,374,1.21,1,0,1,0
1945472,2024-08-11 00:00:00,11,86742,320,0.11,0.3,0,0,0.3
1945473,2024-08-11 00:00:00,11,88335,352,0.43,0,0,0,0
1945474,2024-08-11 00:00:00,11,86744,374,2.23,0.1,0,0.1,0
1945475,2024-08-11 00:00:00,12,86827,378,0.96,3.24,0,3.24,0
1945476,2024-08-11 00:00:00,12,87211,379,2.51,0.05,0.05,0,0
1945477,2024-08-11 00:00:00,12,89430,376,0.68,0.12,0,0.12,0
1945478,2024-08-11 00:00:00,13,89149,329,1.11,0.7,0.7,0,0
1945479,2024-08-11 00:00:00,13,87632,375,3.31,0.51,0,0.5,0
1945480,2024-08-11 00:00:00,13,86708,376,0.75,0.06,0,0,0.06
1945481,2024-08-11 00:00:00,14,88128,374,0.41,0.12,0,0,0.12
1945482,2024-08-11 00:00:00,14,87351,374,0.36,0.02,0,0,0.02
1945483,2024-08-11 00:00:00,14,90001,378,1.5,0.35,0.35,0,0
1945484,2024-08-11 00:00:00,14,88461,375,0.98,1.5,0.5,1,0
1945485,2024-08-11 00:00:00,14,88026,376,1.58,1.07,1.07,0,0
1945486,2024-08-11 00:00:00,14,88461,374,1.45,1,0.5,0.5,0
1945487,2024-08-11 00:00:00,14,88304,378,0.35,0.02,0,0.02,0
1945488,2024-08-11 00:00:00,15,87854,376,0.93,1.43,0,1.43,0
1945489,2024-08-11 00:00:00,15,89833,375,,5.1,5.1,0,0
1945490,2024-08-11 00:00:00,15,89586,345,1.2,1.3,0,0.69,0.6
1945491,2024-08-11 00:00:00,15,88311,329,1.9,0,0,0,0
1945492,2024-08-11 00:00:00,15,89293,374,0.25,0.02,0,0,0.02
1945493,2024-08-11 00:00:00,15,86751,345,0.31,0.01,0,0,0.01
1945494,2024-08-11 00:00:00,15,89713,375,0.41,0.04,0.03,0.01,0
1945495,2024-08-11 00:00:00,15,88043,334,0.05,0,0,0,0
1945496,2024-08-11 00:00:00,16,87443,378,0.23,0.1,0,0.1,0
1945497,2024-08-11 00:00:00,16,88137,309,0.26,0.01,0,0,0.01
1945498,2024-08-11 00:00:00,16,89425,309,0.45,0.01,0,0,0.01
1945499,2024-08-11 00:00:00,17,88955,290,1.68,0,0,0,0
1945500,2024-08-11 00:00:00,17,88955,290,0.81,0.01,0,0.01,0
1945501,2024-08-11 00:00:00,17,87243,313,0.71,0.01,0,0,0.01
1945502,2024-08-11 00:00:00,17,88487,378,0.28,0,0,0,0
1945503,2024-08-11 00:00:00,18,87410,374,0.53,0.01,0,0.01,0
1945504,2024-08-11 00:00:00,18,87443,378,0.1,0.02,0,0.02,0
1945505,2024-08-11 00:00:00,18,88998,375,0.38,0,0,0,0
1945506,2024-08-11 00:00:00,19,88201,345,0.88,0,0,0,0
1945507,2024-08-11 00:00:00,19,89729,320,0.66,0.02,0,0.02,0
1945508,2024-08-11 00:00:00,19,88995,322,0.86,0.26,0,0.26,0
1945509,2024-08-11 00:00:00,19,90153,374,0.31,0.3,0,0.2,0.1
1945510,2024-08-11 00:00:00,21,89430,376,1.1,0.12,0,0.12,0
1945511,2024-08-11 00:00:00,21,87750,345,1.2,0.04,0,0.04,0
1945512,2024-08-11 00:00:00,23,87097,375,0.21,0,0,0,0
1945513,2024-08-11 00:00:00,23,89973,322,0.78,0.03,0,0.03,0
1945514,2024-08-11 00:00:00,23,88730,378,1.45,0.84,0,0.83,0
1945515,2024-08-12 00:00:00,0,89233,317,0.73,0,0,0,0
1945516,2024-08-12 00:00:00,0,88033,374,0.35,0.06,0,0.06,0
1945517,2024-08-12 00:00:00,2,88065,376,1.5,0.02,0,0.02,0
1945518,2024-08-12 00:00:00,2,89152,376,0.86,0.03,0,0.03,0
1945519,2024-08-12 00:00:00,3,90370,375,0.2,0.03,0.01,0.01,0
1945520,2024-08-12 00:00:00,4,89299,374,6.9,1.24,1.22,0.02,0
1945521,2024-08-12 00:00:00,5,88185,374,2.36,0.01,0,0.01,0
1945522,2024-08-12 00:00:00,6,88533,378,0.83,0.01,0,0.01,0
1945523,2024-08-12 00:00:00,6,88730,379,0.66,0.21,0,0.21,0
1945524,2024-08-12 00:00:00,6,90443,341,0.4,0.29,0,0,0.29
1945525,2024-08-12 00:00:00,9,88064,375,1.03,0.02,0.02,0,0
1945526,2024-08-12 00:00:00,12,87847,352,0.11,0.04,0,0,0.04
1945527,2024-08-12 00:00:00,13,89430,379,1.23,0.02,0,0.02,0
1945528,2024-08-12 00:00:00,13,88263,379,0.95,0,0,0,0
1945529,2024-08-12 00:00:00,14,90001,378,0.85,0.36,0.36,0,0
1945530,2024-08-12 00:00:00,14,87654,375,0.43,0.15,0.01,0.04,0.1
1945531,2024-08-12 00:00:00,14,89126,375,0.5,0.01,0,0.01,0
1945532,2024-08-12 00:00:00,14,86545,322,0.53,0.43,0,0.43,0
1945533,2024-08-12 00:00:00,14,89575,379,0.71,0.01,0,0.01,0
1945534,2024-08-12 00:00:00,14,90202,341,1.63,2.83,0.74,0,2.09
1945535,2024-08-12 00:00:00,14,89837,376,0.36,0,0,0,0
1945536,2024-08-12 00:00:00,15,90281,378,2.96,0.3,0,0.3,0
1945537,2024-08-12 00:00:00,15,86680,378,0.58,0.21,0,0.21,0
1945538,2024-08-12 00:00:00,15,88648,376,0.2,0.03,0,0.03,0
1945539,2024-08-12 00:00:00,15,88304,378,0.9,0.04,0,0.04,0
1945540,2024-08-12 00:00:00,15,86910,346,0.58,0.06,0,0.01,0.05
1945541,2024-08-12 00:00:00,16,88875,333,0.13,0,0,0,0
1945542,2024-08-12 00:00:00,16,89464,374,2.75,1.5,1.5,0,0
1945543,2024-08-12 00:00:00,16,88576,333,0.16,0,0,0,0
1945544,2024-08-12 00:00:00,17,87601,345,0.5,0.56,0,0,0.56
1945545,2024-08-12 00:00:00,18,86740,329,0.36,0,0,0,0
1945546,2024-08-12 00:00:00,18,87681,341,3.93,27.1,1.01,12.79,13.29
1945547,2024-08-12 00:00:00,19,87858,379,1.05,0.1,0,0.1,0
1945548,2024-08-12 00:00:00,19,89340,375,1.06,0.01,0,0.01,0
1945549,2024-08-12 00:00:00,19,88573,375,0.68,0.24,0,0.09,0.15
1945550,2024-08-12 00:00:00,20,89313,376,0.76,0.03,0.03,0,0
1945551,2024-08-12 00:00:00,20,89112,341,0.58,0.07,0,0.07,0
1945552,2024-08-12 00:00:00,20,89486,378,3.08,0.57,0.57,0,0
1945553,2024-08-12 00:00:00,21,90443,341,0.95,4.13,0,4.12,0
1945554,2024-08-12 00:00:00,21,87136,374,1.06,0.2,0,0.1,0.1
1945555,2024-08-12 00:00:00,21,88079,322,0.83,0.01,0,0.01,0
1945556,2024-08-12 00:00:00,22,89189,375,1.53,0.02,0,0,0.02
1945557,2024-08-12 00:00:00,22,88357,376,0.43,0,0,0,0
1945558,2024-08-12 00:00:00,22,87486,314,0.25,0,0,0,0
1945559,2024-08-12 00:00:00,23,87930,374,0.86,0.02,0,0,0.02
1945560,2024-08-12 00:00:00,23,88383,378,0.08,0.01,0,0.01,0
1945561,2024-08-12 00:00:00,23,89719,334,0.73,0.02,0,0.02,0
1945562,2024-08-13 00:00:00,0,86562,375,0.65,0,0,0,0
1945563,2024-08-13 00:00:00,5,89995,374,1.56,0.72,0.33,0.39,0
1945564,2024-08-13 00:00:00,6,86777,290,0.38,0.01,0,0.01,0
1945565,2024-08-13 00:00:00,6,87581,378,0.28,0,0,0,0
1945566,2024-08-13 00:00:00,7,87503,333,0.46,0,0,0,0
1945567,2024-08-13 00:00:00,9,90311,378,0.51,0,0,0,0
1945568,2024-08-13 00:00:00,10,89171,378,0.25,0.75,0,0.75,0
1945569,2024-08-13 00:00:00,11,90443,346,1.08,2.58,0,0,2.58
1945570,2024-08-13 00:00:00,11,88589,341,0.7,0.08,0,0.08,0
1945571,2024-08-13 00:00:00,12,88149,319,0.65,0.34,0,0,0.34
1945572,2024-08-13 00:00:00,12,88056,376,0.4,0,0,0,0
1945573,2024-08-13 00:00:00,12,89635,368,0.73,1.85,0,0.85,0.99
1945574,2024-08-13 00:00:00,12,88559,318,0.68,0.01,0,0.01,0
1945575,2024-08-13 00:00:00,13,89579,376,0.33,0.01,0,0,0.01
1945576,2024-08-13 00:00:00,13,89491,324,1.56,0.1,0,0,0.1
1945577,2024-08-13 00:00:00,13,88564,350,0.46,0.3,0,0,0.3
1945578,2024-08-13 00:00:00,13,89763,319,0.48,0,0,0,0
1945579,2024-08-13 00:00:00,14,89731,378,0.4,0.01,0,0.01,0
1945580,2024-08-13 00:00:00,14,86663,334,0.51,0,0,0,0
1945581,2024-08-13 00:00:00,14,90373,375,0.86,0.13,0,0,0.13
1945582,2024-08-13 00:00:00,14,89421,316,0.83,0.18,0,0,0.18
1945583,2024-08-13 00:00:00,15,89610,374,0.45,0,0,0,0
1945584,2024-08-13 00:00:00,15,89313,376,0.45,0.01,0,0.01,0
1945585,2024-08-13 00:00:00,15,89237,290,0.16,0,0,0,0
1945586,2024-08-13 00:00:00,16,89858,378,1.36,0.34,0,0,0.34
1945587,2024-08-13 00:00:00,17,86877,309,1.08,7.5,0,0,7.5
1945588,2024-08-13 00:00:00,17,86586,378,1.05,0.44,0,0,0.44
1945589,2024-08-13 00:00:00,18,88679,286,0.73,0,0,0,0
1945590,2024-08-13 00:00:00,18,86898,376,0.23,0,0,0,0
1945591,2024-08-13 00:00:00,19,88081,321,0.71,0.2,0,0.2,0
1945592,2024-08-13 00:00:00,19,87600,376,0.16,0,0,0,0
1945593,2024-08-13 00:00:00,21,89205,316,2.25,0.09,0,0,0.09
1945594,2024-08-13 00:00:00,22,88378,317,0.3,0,0,0,0
1945595,2024-08-13 00:00:00,22,89440,376,0.31,0.31,0,0,0.31
1945596,2024-08-14 00:00:00,2,89162,378,1.43,0.25,0,0.25,0
1945597,2024-08-14 00:00:00,8,88423,378,1.08,0.64,0,0,0.64
1945598,2024-08-14 00:00:00,9,87892,378,0.15,0.25,0,0,0.25
1945599,2024-08-14 00:00:00,12,88924,314,0.63,0.2,0,0.2,0
1945600,2024-08-14 00:00:00,12,87444,374,1.5,0.02,0,0.02,0
1945601,2024-08-14 00:00:00,13,86897,374,0.8,0.5,0,0.5,0
1945602,2024-08-14 00:00:00,13,88185,379,1.61,1.71,0.04,1.67,0
1945603,2024-08-14 00:00:00,13,88120,317,6.88,18.97,1.04,17.92,0
1945604,2024-08-14 00:00:00,13,87046,348,0.4,0.03,0,0.03,0
1945605,2024-08-14 00:00:00,13,90344,290,0.86,0,0,0,0
1945606,2024-08-14 00:00:00,14,86719,334,0.26,0,0,0,0
1945607,2024-08-14 00:00:00,14,88648,378,1.66,1.5,0,1.5,0
1945608,2024-08-14 00:00:00,14,90162,375,0.75,0,0,0,0
1945609,2024-08-14 00:00:00,14,89313,376,0.6,0.02,0,0,0.02
1945610,2024-08-14 00:00:00,14,88496,347,1.5,1.1,0.13,0.97,0
1945611,2024-08-14 00:00:00,14,89084,374,0.7,0.01,0.01,0,0
1945612,2024-08-14 00:00:00,15,87910,290,0.71,0,0,0,0
1945613,2024-08-14 00:00:00,15,89851,378,1.23,0.41,0.41,0,0
1945614,2024-08-14 00:00:00,16,89287,378,0.88,0.06,0,0.06,0
1945615,2024-08-14 00:00:00,16,88487,329,0.7,0.09,0,0.09,0
1945616,2024-08-14 00:00:00,17,87858,374,0.73,0.03,0,0.03,0
1945617,2024-08-14 00:00:00,17,90357,345,0.5,0,0,0,0
1945618,2024-08-14 00:00:00,18,89474,309,0.38,0.02,0,0,0.02
1945619,2024-08-14 00:00:00,18,88487,379,0.45,0.01,0,0.01,0
1945620,2024-08-14 00:00:00,18,89276,375,1.53,0.1,0,0.1,0
1945621,2024-08-14 00:00:00,19,86581,376,1.55,0.44,0,0.44,0
1945622,2024-08-14 00:00:00,19,88280,350,0.63,0.01,0,0.01,0
1945623,2024-08-14 00:00:00,19,90238,322,0.8,0.05,0,0.05,0
1945624,2024-08-14 00:00:00,20,86897,379,0.75,0,0,0,0
1945625,2024-08-14 00:00:00,21,88228,359,3.3,0.01,0.01,0,0
1945626,2024-08-14 00:00:00,21,89401,378,2.03,0.16,0,0,0.16
1945627,2024-08-14 00:00:00,21,87349,374,0.76,0.01,0.01,0,0
1945628,2024-08-14 00:00:00,21,87097,375,0.2,0,0,0,0
1945629,2024-08-14 00:00:00,21,87474,334,0.7,0.01,0.01,0,0
1945630,2024-08-14 00:00:00,21,88978,320,3.5,8.9,0,8.9,0
1945631,2024-08-14 00:00:00,21,90371,374,0.56,0,0,0,0
1945632,2024-08-14 00:00:00,22,88298,374,0.36,0.01,0,0.01,0
1945633,2024-08-14 00:00:00,22,89969,374,0.05,0,0,0,0
1945634,2024-08-14 00:00:00,22,89995,374,0.03,0,0,0,0
1945635,2024-08-14 00:00:00,22,87678,374,2.76,6.2,0.87,5.33,0
1945636,2024-08-14 00:00:00,22,88298,374,0.3,0.09,0,0.09,0
1945637,2024-08-14 00:00:00,23,89432,359,1.01,0.05,0.02,0.02,0
1945638,2024-08-14 00:00:00,23,88535,320,1.56,0.3,0.05,0.25,0
1945639,2024-08-14 00:00:00,23,89995,374,0.3,0,0,0,0
1945640,2024-08-14 00:00:00,23,89600,288,0.55,0.02,0,0.02,0
1945641,2024-08-15 00:00:00,0,88605,288,0.08,0,0,0,0
1945642,2024-08-15 00:00:00,1,89122,372,0.83,0.49,0.49,0,0
1945643,2024-08-15 00:00:00,1,88605,288,0.45,0,0,0,0
1945644,2024-08-15 00:00:00,1,88605,288,0.16,0,0,0,0
1945645,2024-08-15 00:00:00,1,87576,374,1.31,0.03,0,0.03,0
1945646,2024-08-15 00:00:00,2,88298,374,0.08,0,0,0,0
1945647,2024-08-15 00:00:00,2,89122,371,0.26,0.01,0,0,0.01
1945648,2024-08-15 00:00:00,2,87708,378,0.25,0.05,0,0.05,0
1945649,2024-08-15 00:00:00,4,90470,374,2.01,0.01,0,0.01,0
1945650,2024-08-15 00:00:00,4,86929,376,0.76,0.01,0,0.01,0
1945651,2024-08-15 00:00:00,5,87627,375,0.53,0.2,0,0.2,0
1945652,2024-08-15 00:00:00,5,88298,374,0.66,0,0,0,0
1945653,2024-08-15 00:00:00,5,89120,378,0.51,0.03,0,0.03,0
1945654,2024-08-15 00:00:00,6,89973,322,0.91,0,0,0,0
1945655,2024-08-15 00:00:00,6,88348,290,0.81,0.03,0,0.03,0
1945656,2024-08-15 00:00:00,8,88605,378,0.7,0.01,0,0.01,0
1945657,2024-08-15 00:00:00,8,88515,376,1.4,0.03,0,0.03,0
1945658,2024-08-15 00:00:00,9,86910,345,0.73,0.03,0,0,0.03
1945659,2024-08-15 00:00:00,9,87211,378,0.5,0,0,0,0
1945660,2024-08-15 00:00:00,9,89443,378,2.51,0.41,0,0,0.41
1945661,2024-08-15 00:00:00,10,88487,378,0.51,0,0,0,0
1945662,2024-08-15 00:00:00,5,87627,375,5.31,0,0,0,0
1945663,2024-08-15 00:00:00,11,88096,374,1.8,0.61,0,0.61,0
1945664,2024-08-15 00:00:00,11,88423,376,0.5,0.05,0,0.05,0
1945665,2024-08-15 00:00:00,12,87097,375,1.51,0.05,0.05,0,0
1945666,2024-08-15 00:00:00,12,90001,378,,6.4,4.84,1.55,0
1945667,2024-08-15 00:00:00,12,88128,374,0.4,0.32,0.06,0,0.25
1945668,2024-08-15 00:00:00,13,88374,378,0.78,0.46,0.46,0,0
1945669,2024-08-15 00:00:00,13,89464,379,0.85,0.04,0.02,0.02,0
1945670,2024-08-15 00:00:00,13,87913,334,0.43,0.14,0,0.14,0
1945671,2024-08-15 00:00:00,13,86686,329,0.11,0.01,0,0,0.01
1945672,2024-08-15 00:00:00,13,87740,378,0.31,0.02,0,0,0.02
1945673,2024-08-15 00:00:00,13,87608,293,1.08,0.17,0,0,0.17
1945674,2024-08-15 00:00:00,13,88970,377,0.2,0.03,0,0,0.03
1945675,2024-08-15 00:00:00,14,87866,290,1.3,0.38,0,0.38,0
1945676,2024-08-15 00:00:00,14,88528,320,2.16,5.86,0.34,0,5.52
1945677,2024-08-15 00:00:00,14,88287,374,15.53,118.8,62,56.28,0.51
1945678,2024-08-15 00:00:00,14,89697,361,2.21,0.05,0.03,0.02,0
1945679,2024-08-15 00:00:00,14,90310,290,0.4,0,0,0,0
1945680,2024-08-15 00:00:00,14,90344,290,0.36,0,0,0,0
1945681,2024-08-15 00:00:00,14,89432,320,1.38,0.02,0,0.02,0
1945682,2024-08-15 00:00:00,15,89334,378,1.7,0.2,0.1,0.1,0
1945683,2024-08-15 00:00:00,15,86897,379,1,0.02,0,0.02,0
1945684,2024-08-15 00:00:00,15,88681,320,4.65,77.1,14,62.6,0.5
1945685,2024-08-15 00:00:00,16,88999,334,0.56,0.42,0,0,0.42
1945686,2024-08-15 00:00:00,16,90320,320,5.45,16.67,6.25,10.42,0
1945687,2024-08-15 00:00:00,16,86925,344,3.98,2.13,2.13,0,0
1945688,2024-08-15 00:00:00,16,87858,379,0.76,0.01,0,0.01,0
1945689,2024-08-15 00:00:00,17,90417,374,0.8,0.66,0.6,0.06,0
1945690,2024-08-15 00:00:00,17,90443,376,0.21,0,0,0,0
1945691,2024-08-15 00:00:00,17,86981,329,0.18,0,0,0,0
1945692,2024-08-15 00:00:00,17,89152,376,0.33,0.02,0,0.02,0
1945693,2024-08-15 00:00:00,17,90130,376,1,0,0,0,0
1945694,2024-08-15 00:00:00,17,89762,333,0.5,0.03,0,0,0.03
1945695,2024-08-15 00:00:00,19,89942,311,1.15,0.11,0,0.11,0
1945696,2024-08-15 00:00:00,18,87211,378,0.68,0,0,0,0
1945697,2024-08-15 00:00:00,19,87858,379,1.23,0,0,0,0
1945698,2024-08-15 00:00:00,20,88793,375,2.86,0.1,0,0,0.1
1945699,2024-08-15 00:00:00,20,88619,345,0.55,0.15,0,0,0.15
1945700,2024-08-15 00:00:00,21,87211,378,0.81,0.4,0,0.4,0
1945701,2024-08-15 00:00:00,22,89667,319,0.66,0.1,0,0,0.1
1945702,2024-08-15 00:00:00,22,89233,374,3.78,2.5,1,1.5,0
1945703,2024-08-15 00:00:00,23,88736,319,1.16,0.01,0,0.01,0
1945704,2024-08-16 00:00:00,0,89372,325,0.76,0.14,0,0.14,0
1945705,2024-08-16 00:00:00,0,90065,375,2.28,1.92,1.92,0,0
1945706,2024-08-16 00:00:00,0,89791,332,0.31,0,0,0,0
1945707,2024-08-16 00:00:00,1,88386,288,0.7,0,0,0,0
1945708,2024-08-16 00:00:00,1,86960,375,1.1,0.34,0.01,0.33,0
1945709,2024-08-16 00:00:00,2,89052,375,0.58,0.04,0.03,0.01,0
1945710,2024-08-16 00:00:00,2,86960,375,0.88,0.5,0.18,0.31,0
1945711,2024-08-16 00:00:00,3,87714,320,0.91,0.12,0,0.02,0.1
1945712,2024-08-16 00:00:00,3,89647,374,0.81,0.03,0,0.03,0
1945713,2024-08-16 00:00:00,3,88528,379,0.7,0.01,0,0.01,0
1945714,2024-08-16 00:00:00,4,88501,309,1.81,0.07,0,0.07,0
1945715,2024-08-16 00:00:00,4,89396,374,0.63,0.05,0,0.05,0
1945716,2024-08-16 00:00:00,6,87136,374,0.63,0.23,0,0.23,0
1945717,2024-08-16 00:00:00,8,90382,374,0.66,0,0,0,0
1945718,2024-08-16 00:00:00,8,86797,341,3.53,2.56,0,2.56,0
1945719,2024-08-16 00:00:00,8,88502,290,0.21,0.07,0,0.07,0
1945720,2024-08-16 00:00:00,9,88001,290,0.53,0,0,0,0
1945721,2024-08-16 00:00:00,9,87211,378,2.08,0.83,0.83,0,0
1945722,2024-08-16 00:00:00,9,87759,358,0.66,0.02,0,0.02,0
1945723,2024-08-16 00:00:00,10,89300,358,1.01,0.38,0,0.38,0
1945724,2024-08-16 00:00:00,10,86789,327,0.15,0.01,0,0.01,0
1945725,2024-08-16 00:00:00,10,86709,336,0.55,1.83,0,0,1.83
1945726,2024-08-16 00:00:00,10,88513,320,58.6,39.5,20,10,9.5
1945727,2024-08-16 00:00:00,11,89134,322,5.43,2.62,0,2.54,0.07
1945728,2024-08-16 00:00:00,11,87059,375,5.95,85.12,46.69,25.82,12.61
1945729,2024-08-16 00:00:00,11,89647,379,0.95,0.02,0,0.02,0
1945730,2024-08-16 00:00:00,11,87726,376,0.75,0.04,0,0,0.04
1945731,2024-08-16 00:00:00,12,88659,376,0.85,0.04,0,0,0.04
1945732,2024-08-16 00:00:00,13,86630,378,2.46,10.71,0,0.06,10.65
1945733,2024-08-16 00:00:00,13,89942,379,2.06,0.06,0,0.06,0
1945734,2024-08-16 00:00:00,13,90147,375,2.46,0.53,0.5,0.03,0
1945735,2024-08-16 00:00:00,13,89233,379,1.2,1,0,1,0
1945736,2024-08-16 00:00:00,13,88087,375,1.6,0.05,0,0.05,0
1945737,2024-08-16 00:00:00,13,88659,372,0.16,0,0,0,0
1945738,2024-08-16 00:00:00,14,87678,374,0.7,0.03,0,0.03,0
1945739,2024-08-16 00:00:00,14,89407,375,0.65,0.15,0,0.15,0
1945740,2024-08-16 00:00:00,14,86809,368,0.6,0.14,0,0.14,0
1945741,2024-08-16 00:00:00,14,87954,378,16.93,308.39,186.49,118.66,3.24
1945742,2024-08-16 00:00:00,14,87858,379,,0.02,0,0.02,0
1945743,2024-08-16 00:00:00,14,88341,345,0.1,0,0,0,0
1945744,2024-08-16 00:00:00,15,90117,352,0.93,0.42,0,0,0.42
1945745,2024-08-16 00:00:00,15,86478,375,0.28,0,0,0,0
1945746,2024-08-16 00:00:00,15,87858,379,2.15,0.5,0,0.5,0
1945747,2024-08-16 00:00:00,15,89442,314,0.08,0.01,0,0,0.01
1945748,2024-08-16 00:00:00,16,89464,379,1.1,0.05,0,0.05,0
1945749,2024-08-16 00:00:00,16,88412,376,0.35,0.05,0,0,0.05
1945750,2024-08-16 00:00:00,16,89068,345,1.13,0.08,0,0,0.08
1945751,2024-08-16 00:00:00,16,88748,357,0.28,0.06,0,0,0.06
1945752,2024-08-16 00:00:00,16,89905,378,0.31,0,0,0,0
1945753,2024-08-16 00:00:00,16,89287,313,4.75,9.52,9.52,0,0
1945754,2024-08-16 00:00:00,16,86777,290,0.25,0.05,0,0,0.05
1945755,2024-08-16 00:00:00,16,88287,378,1.4,2.24,0.04,2.19,0
1945756,2024-08-16 00:00:00,16,88469,378,0.41,0.01,0,0.01,0
1945757,2024-08-16 00:00:00,16,87246,290,1.78,0.02,0.02,0,0
1945758,2024-08-16 00:00:00,16,87294,374,0.15,0,0,0,0
1945759,2024-08-16 00:00:00,17,90153,317,0.55,0.5,0,0.5,0
1945760,2024-08-16 00:00:00,17,89372,379,1.71,0.03,0,0.03,0
1945761,2024-08-16 00:00:00,18,89998,318,0.53,0.02,0,0,0.02
1945762,2024-08-16 00:00:00,18,87879,334,0.58,0.03,0,0.03,0
1945763,2024-08-16 00:00:00,18,88329,378,0.7,0.33,0,0.33,0
1945764,2024-08-16 00:00:00,18,89784,328,0.75,0.01,0,0.01,0
1945765,2024-08-16 00:00:00,18,88196,333,0.5,0,0,0,0
1945766,2024-08-16 00:00:00,18,88520,378,0.36,0.15,0,0,0.15
1945767,2024-08-16 00:00:00,18,86897,317,0.6,0.01,0,0.01,0
1945768,2024-08-16 00:00:00,19,88319,374,28.35,1.47,0.65,0.82,0
1945769,2024-08-16 00:00:00,19,86652,376,0.53,0.02,0.02,0,0
1945770,2024-08-16 00:00:00,19,87897,343,0.61,1.38,0,1.38,0
1945771,2024-08-16 00:00:00,19,90065,376,1.01,0.1,0,0.1,0
1945772,2024-08-16 00:00:00,20,87858,379,4.08,0.06,0.01,0.05,0
1945773,2024-08-16 00:00:00,20,87035,378,1.18,0.02,0,0.02,0
1945774,2024-08-16 00:00:00,20,87608,288,0.7,0.05,0,0.05,0
1945775,2024-08-16 00:00:00,21,89240,326,0.66,0,0,0,0
1945776,2024-08-16 00:00:00,21,88124,375,0.63,0.01,0,0.01,0
1945777,2024-08-16 00:00:00,21,87349,374,6.48,24.48,19.36,5.12,0
1945778,2024-08-16 00:00:00,22,89563,378,0.55,0,0,0,0
1945779,2024-08-16 00:00:00,22,89713,375,2.2,0.1,0.03,0.07,0
1945780,2024-08-16 00:00:00,23,89949,317,3.1,0.43,0,0.43,0
1945781,2024-08-16 00:00:00,23,88088,290,0.45,0,0,0,0
1945782,2024-08-16 00:00:00,23,87150,378,0.46,0,0,0,0
1945783,2024-08-16 00:00:00,23,90047,376,0.6,0.03,0,0.03,0
1945784,2024-08-16 00:00:00,23,87739,378,2.53,0.6,0.6,0,0
1945785,2024-08-16 00:00:00,23,90065,376,1.13,0.05,0,0.05,0
1945786,2024-08-17 00:00:00,0,90041,374,7.06,9.58,9.58,0,0
1945787,2024-08-16 00:00:00,23,87489,376,1.01,0.05,0,0.05,0
1945788,2024-08-17 00:00:00,0,87913,375,0.46,0.01,0,0.01,0
1945789,2024-08-17 00:00:00,0,88213,375,0.53,0.2,0.2,0,0
1945790,2024-08-17 00:00:00,0,87668,374,1,0.01,0,0.01,0
1945791,2024-08-17 00:00:00,0,89253,374,4.73,2.5,0.5,2,0
1945792,2024-08-17 00:00:00,0,89870,365,0.43,0.07,0.07,0,0
1945793,2024-08-17 00:00:00,0,90078,375,0.93,0.5,0,0.5,0
1945794,2024-08-17 00:00:00,0,88809,375,2.6,1.91,1.03,0.6,0.27
1945795,2024-08-17 00:00:00,1,87801,374,1.41,0.76,0.72,0,0.03
1945796,2024-08-17 00:00:00,1,87678,374,2.1,0.1,0,0.1,0
1945797,2024-08-17 00:00:00,1,90343,378,0.26,0,0,0,0
1945798,2024-08-17 00:00:00,2,87794,378,0.41,0.01,0,0.01,0
1945799,2024-08-17 00:00:00,1,89287,378,0.5,0,0,0,0
1945800,2024-08-17 00:00:00,2,88432,320,15.35,34.83,3.82,31,0
1945801,2024-08-17 00:00:00,3,90071,378,1.23,0,0,0,0
1945802,2024-08-17 00:00:00,3,87858,379,1.21,0.01,0,0.01,0
1945803,2024-08-17 00:00:00,4,87986,309,3.8,0.06,0.06,0,0
1945804,2024-08-17 00:00:00,4,87553,299,2.93,0.87,0,0.87,0
1945805,2024-08-17 00:00:00,5,87739,378,0.4,0.05,0,0.05,0
1945806,2024-08-17 00:00:00,5,90102,375,3.8,2,1,1,0
1945807,2024-08-17 00:00:00,6,87858,317,1.35,0,0,0,0
1945808,2024-08-17 00:00:00,8,89504,374,1.16,1,0,1,0
1945809,2024-08-17 00:00:00,8,89453,290,0.81,0,0,0,0
1945810,2024-08-17 00:00:00,9,89253,379,1.5,0.01,0,0.01,0
1945811,2024-08-17 00:00:00,9,89233,320,14.55,78.74,9.75,68.99,0
1945812,2024-08-17 00:00:00,9,88319,379,1.86,0.89,0.17,0.71,0
1945813,2024-08-17 00:00:00,10,87349,379,0.83,0.1,0.05,0.05,0
1945814,2024-08-17 00:00:00,11,90460,334,0.31,0,0,0,0
1945815,2024-08-17 00:00:00,11,89504,374,0.91,5,0,5,0
1945816,2024-08-17 00:00:00,11,89971,346,4.53,0.5,0,0,0.5
1945817,2024-08-17 00:00:00,12,88533,378,0.83,0.02,0,0.02,0
1945818,2024-08-17 00:00:00,12,88139,334,2.75,31.69,0,0,31.69
1945819,2024-08-17 00:00:00,12,87407,317,1.31,0.44,0.01,0.43,0
1945820,2024-08-17 00:00:00,13,89287,378,1.06,0.01,0,0.01,0
1945821,2024-08-17 00:00:00,13,87732,374,3.73,2.67,2.67,0,0
1945822,2024-08-17 00:00:00,13,89889,374,0.91,0.5,0.02,0.02,0.46
1945823,2024-08-17 00:00:00,14,86606,376,0.9,0.01,0,0.01,0
1945824,2024-08-17 00:00:00,14,87291,376,0.5,0,0,0,0
1945825,2024-08-17 00:00:00,14,89287,379,5.58,0.01,0,0.01,0
1945826,2024-08-17 00:00:00,14,87249,375,1.46,0.05,0,0.05,0
1945827,2024-08-17 00:00:00,14,87664,374,8.53,13.85,13.17,0,0.67
1945828,2024-08-17 00:00:00,14,88423,376,2.83,9.83,1.01,0.04,8.78
1945829,2024-08-17 00:00:00,14,90059,346,0.5,0.51,0,0,0.51
1945830,2024-08-17 00:00:00,14,87491,376,0.13,0,0,0,0
1945831,2024-08-17 00:00:00,15,87398,374,0.35,0.06,0,0.06,0
1945832,2024-08-17 00:00:00,15,88213,375,0.25,0,0,0,0
1945833,2024-08-17 00:00:00,15,88263,374,4.83,0.2,0,0.2,0
1945834,2024-08-17 00:00:00,15,88328,374,2.1,0.7,0.08,0.62,0
1945835,2024-08-17 00:00:00,15,90145,374,0.21,0.07,0,0.07,0
1945836,2024-08-17 00:00:00,15,89058,375,0.2,0,0,0,0
1945837,2024-08-17 00:00:00,15,89852,374,0.98,4.8,1,1.8,2
1945838,2024-08-17 00:00:00,15,88158,319,0.73,0.01,0,0,0.01
1945839,2024-08-17 00:00:00,15,87708,378,1.86,0.02,0,0.02,0
1945840,2024-08-17 00:00:00,16,87257,378,2.25,0.37,0,0.37,0
1945841,2024-08-17 00:00:00,16,88588,375,3.55,8.78,3.99,1.65,3.12
1945842,2024-08-17 00:00:00,16,87272,375,1.16,0.87,0.87,0,0
1945843,2024-08-17 00:00:00,16,88678,375,1.23,0.01,0,0,0.01
1945844,2024-08-17 00:00:00,16,88278,357,6.81,21.34,1.34,20,0
1945845,2024-08-17 00:00:00,17,86993,378,0.4,0.01,0,0,0.01
1945846,2024-08-17 00:00:00,17,89399,378,0.31,0.02,0,0.02,0
1945847,2024-08-17 00:00:00,17,87387,375,0.61,0.07,0,0.07,0
1945848,2024-08-17 00:00:00,17,90405,376,2.5,3.06,1.55,0,1.51
1945849,2024-08-17 00:00:00,17,88952,345,0.48,0,0,0,0
1945850,2024-08-17 00:00:00,17,89159,341,0.45,0.01,0,0,0.01
1945851,2024-08-17 00:00:00,17,89791,375,0.41,0.11,0,0.11,0
1945852,2024-08-17 00:00:00,18,89871,375,1.71,0.16,0.16,0,0
1945853,2024-08-17 00:00:00,18,88825,375,1.18,0.01,0,0.01,0
1945854,2024-08-17 00:00:00,18,90212,290,3.01,0.34,0,0.34,0
1945855,2024-08-17 00:00:00,18,89441,376,1.55,25.08,19.34,3.9,1.84
1945856,2024-08-17 00:00:00,19,87291,376,0.55,0,0,0,0
1945857,2024-08-17 00:00:00,19,89693,378,0.36,0.01,0,0.01,0
1945858,2024-08-17 00:00:00,19,89058,375,0.01,0,0,0,0
1945859,2024-08-17 00:00:00,20,88929,376,1.55,0.37,0.34,0.02,0
1945860,2024-08-17 00:00:00,20,89859,317,0.26,0,0,0,0
1945861,2024-08-17 00:00:00,20,89287,377,0.98,0,0,0,0
1945862,2024-08-17 00:00:00,20,89504,374,0.18,0.03,0,0.03,0
1945863,2024-08-17 00:00:00,22,88258,290,0.48,0.01,0,0.01,0
1945864,2024-08-17 00:00:00,23,90048,361,1.25,0.1,0.1,0,0
1945865,2024-08-17 00:00:00,23,89902,374,1.05,0.01,0,0,0.01
1945866,2024-08-17 00:00:00,23,88964,378,0.35,0.02,0,0,0.02
1945867,2024-08-18 00:00:00,0,87678,374,1.21,0.3,0.2,0.1,0
1945868,2024-08-18 00:00:00,0,87662,341,0.75,0,0,0,0
1945869,2024-08-18 00:00:00,1,89187,375,0.4,0.01,0,0.01,0
1945870,2024-08-18 00:00:00,2,87119,375,0.05,0,0,0,0
1945871,2024-08-18 00:00:00,2,88128,374,5.23,7.33,2.47,4.28,0.57
1945872,2024-08-18 00:00:00,4,87817,376,0.96,0,0,0,0
1945873,2024-08-18 00:00:00,7,87778,374,0.28,0,0,0,0
1945874,2024-08-18 00:00:00,9,88263,379,4.65,0.25,0,0.25,0
1945875,2024-08-18 00:00:00,10,87211,378,1.4,0.29,0.29,0,0
1945876,2024-08-18 00:00:00,10,89058,375,1.11,0.32,0.04,0.25,0.02
1945877,2024-08-18 00:00:00,11,88071,367,0.63,0.12,0,0,0.12
1945878,2024-08-18 00:00:00,11,89889,379,0.55,0.5,0,0,0.5
1945879,2024-08-18 00:00:00,12,89611,374,4.03,2,2,0,0
1945880,2024-08-18 00:00:00,12,89611,375,8.45,0.57,0.57,0,0
1945881,2024-08-18 00:00:00,12,88412,376,0.28,0,0,0,0
1945882,2024-08-18 00:00:00,12,89677,375,6.48,5.5,1.8,3.7,0
1945883,2024-08-18 00:00:00,12,88328,374,0.51,0,0,0,0
1945884,2024-08-18 00:00:00,12,89024,334,0.21,0,0,0,0
1945885,2024-08-18 00:00:00,13,87348,376,0.91,0.41,0,0,0.41
1945886,2024-08-18 00:00:00,13,87869,326,0.81,0,0,0,0
1945887,2024-08-18 00:00:00,13,88037,374,1.98,0.45,0,0,0.45
1945888,2024-08-18 00:00:00,13,89798,375,0.36,0.08,0.08,0,0
1945889,2024-08-18 00:00:00,13,88484,325,0.26,0,0,0,0
1945890,2024-08-18 00:00:00,13,89178,375,1.45,0.16,0.16,0,0
1945891,2024-08-18 00:00:00,14,89697,316,0.68,0.44,0,0,0.44
1945892,2024-08-18 00:00:00,14,87097,375,1.13,0.14,0,0.14,0
1945893,2024-08-18 00:00:00,14,88896,375,1.93,0.13,0.13,0,0
1945894,2024-08-18 00:00:00,14,90149,344,1.7,0.2,0,0.2,0
1945895,2024-08-18 00:00:00,15,88813,345,0.3,0.03,0,0,0.03
1945896,2024-08-18 00:00:00,15,90078,378,0.66,0,0,0,0
1945897,2024-08-18 00:00:00,15,88691,375,3.58,0.48,0.48,0,0
1945898,2024-08-18 00:00:00,15,88605,376,0.75,0.1,0,0.1,0
1945899,2024-08-18 00:00:00,16,88158,316,0.76,0.65,0.62,0,0.02
1945900,2024-08-18 00:00:00,16,89596,379,4.91,0.34,0,0,0.34
1945901,2024-08-18 00:00:00,16,88128,379,2.18,0.35,0,0.35,0
1945902,2024-08-18 00:00:00,16,86897,320,1.4,0,0,0,0
1945903,2024-08-18 00:00:00,17,88471,359,1.31,0.52,0.52,0,0
1945904,2024-08-18 00:00:00,17,86954,341,2.03,0.54,0.23,0,0.3
1945905,2024-08-18 00:00:00,18,87398,374,0.61,0.01,0,0.01,0
1945906,2024-08-18 00:00:00,18,87627,375,7.2,1.52,0.75,0.65,0.12
1945907,2024-08-18 00:00:00,18,87320,374,6.55,13.08,6.24,6.83,0
1945908,2024-08-18 00:00:00,18,88964,376,0.43,0.08,0,0,0.08
1945909,2024-08-18 00:00:00,18,86748,377,1.15,0.13,0.04,0.08,0
1945910,2024-08-18 00:00:00,19,90131,375,4.43,10.29,3.46,5.37,1.45
1945911,2024-08-18 00:00:00,19,88266,334,1.01,0,0,0,0
1945912,2024-08-18 00:00:00,19,87380,307,0.6,0.01,0,0.01,0
1945913,2024-08-18 00:00:00,19,87627,375,0.3,0,0,0,0
1945914,2024-08-18 00:00:00,21,88809,320,4.06,2.37,0,1.96,0.4
1945915,2024-08-18 00:00:00,21,89287,313,0.81,0.01,0,0.01,0
1945916,2024-08-18 00:00:00,21,88891,375,5.05,30.2,17.35,9.3,3.55
1945917,2024-08-18 00:00:00,21,89611,374,0.18,0,0,0,0
1945918,2024-08-18 00:00:00,21,87913,374,0.6,0.11,0,0,0.11
1945919,2024-08-18 00:00:00,21,87380,379,1.65,0,0,0,0
1945920,2024-08-18 00:00:00,21,90229,334,0.75,0.11,0,0.11,0
1945921,2024-08-18 00:00:00,21,89815,376,0.45,0.76,0,0,0.76
1945922,2024-08-18 00:00:00,22,89870,359,1.1,0.02,0.02,0,0
1945923,2024-08-18 00:00:00,23,86562,375,0.98,0.02,0,0.02,0
1945924,2024-08-18 00:00:00,23,87515,376,0.46,0.06,0.06,0,0
1945925,2024-08-18 00:00:00,23,88298,374,0.21,0,0,0,0
1945926,2024-08-18 00:00:00,23,87627,375,0.61,0.1,0,0.1,0
1945927,2024-08-19 00:00:00,0,89719,376,0.18,0,0,0,0
1945928,2024-08-19 00:00:00,0,86767,375,0.56,0.26,0.26,0,0
1945929,2024-08-19 00:00:00,0,88298,374,0.38,0,0,0,0
1945930,2024-08-19 00:00:00,0,89105,288,0.48,0,0,0,0
1945931,2024-08-19 00:00:00,0,88298,374,0.13,0.01,0,0.01,0
1945932,2024-08-19 00:00:00,1,88298,374,0.5,0.14,0.08,0.05,0
1945933,2024-08-19 00:00:00,1,89940,374,0.5,0.01,0,0.01,0
1945934,2024-08-19 00:00:00,1,88605,378,0.45,0,0,0,0
1945935,2024-08-19 00:00:00,2,88158,318,1.11,0.01,0,0.01,0
1945936,2024-08-19 00:00:00,3,89940,374,0.88,0.1,0.1,0,0
1945937,2024-08-19 00:00:00,3,90249,374,1.11,0.12,0,0.12,0
1945938,2024-08-19 00:00:00,4,90463,378,0.66,0.14,0.14,0,0
1945939,2024-08-19 00:00:00,5,87380,379,1.23,0.01,0,0.01,0
1945940,2024-08-19 00:00:00,9,90247,334,0.28,0,0,0,0
1945941,2024-08-19 00:00:00,10,87050,320,0.95,0.01,0,0.01,0
1945942,2024-08-19 00:00:00,11,90208,321,0.4,0,0,0,0
1945943,2024-08-19 00:00:00,11,89325,375,0.46,0,0,0,0
1945944,2024-08-19 00:00:00,11,87139,379,0.75,0.02,0.02,0,0
1945945,2024-08-19 00:00:00,11,87967,341,0.45,0,0,0,0
1945946,2024-08-19 00:00:00,12,88916,299,0.56,1,0,0,1
1945947,2024-08-19 00:00:00,12,90131,375,0.71,0.5,0.5,0,0
1945948,2024-08-19 00:00:00,13,90065,376,0.58,0,0,0,0
1945949,2024-08-19 00:00:00,14,89673,378,1.9,0.02,0,0.02,0
1945950,2024-08-19 00:00:00,14,86553,348,3.61,0.61,0,0.61,0
1945951,2024-08-19 00:00:00,14,88499,341,0.21,0.05,0,0,0.05
1945952,2024-08-19 00:00:00,15,86907,374,0.8,0.05,0,0.05,0
1945953,2024-08-19 00:00:00,15,89858,376,0.18,0,0,0,0
1945954,2024-08-19 00:00:00,15,87111,345,2.7,55.85,41.08,11.07,3.68
1945955,2024-08-19 00:00:00,15,90344,375,,0.45,0,0.45,0
1945956,2024-08-19 00:00:00,16,89094,358,2.08,3.2,0.8,2.4,0
1945957,2024-08-19 00:00:00,17,88055,334,0.23,0.02,0,0,0.02
1945958,2024-08-19 00:00:00,17,87372,374,0.36,0,0,0,0
1945959,2024-08-19 00:00:00,18,90303,376,0.68,0,0,0,0
1945960,2024-08-19 00:00:00,18,88304,378,0.56,0.04,0,0.04,0
1945961,2024-08-19 00:00:00,19,88998,370,0.23,0,0,0,0
1945962,2024-08-19 00:00:00,20,86953,375,0.51,0.2,0.1,0.1,0
1945963,2024-08-19 00:00:00,20,86947,376,0.26,0.01,0,0,0.01
1945964,2024-08-19 00:00:00,20,88648,378,0.61,0.02,0,0.02,0
1945965,2024-08-19 00:00:00,20,88490,374,5.35,1.49,0,1.49,0
1945966,2024-08-19 00:00:00,21,90131,379,0.43,0.01,0,0.01,0
1945967,2024-08-19 00:00:00,21,87097,375,0.16,0,0,0,0
1945968,2024-08-19 00:00:00,21,89267,288,0.43,0.01,0,0.01,0
1945969,2024-08-19 00:00:00,21,87664,379,1.56,0.01,0,0.01,0
1945970,2024-08-19 00:00:00,22,87144,376,0.63,0.01,0,0.01,0
1945971,2024-08-19 00:00:00,22,88719,374,2.86,2,0,2,0
1945972,2024-08-19 00:00:00,22,88213,375,2.03,0.1,0.1,0,0
1945973,2024-08-19 00:00:00,22,88090,378,1.2,0.29,0,0.29,0
1945974,2024-08-19 00:00:00,22,89362,374,1.43,0.03,0.02,0.01,0
1945975,2024-08-19 00:00:00,22,89445,378,0.45,0.01,0,0.01,0
1945976,2024-08-19 00:00:00,23,89816,290,0.63,0,0,0,0
1945977,2024-08-20 00:00:00,0,90216,313,0.68,0.03,0.01,0.01,0
1945978,2024-08-20 00:00:00,0,90176,375,0.81,0.45,0.45,0,0
1945979,2024-08-20 00:00:00,0,88588,379,0.25,0.01,0,0.01,0
1945980,2024-08-20 00:00:00,0,90078,375,0.55,0,0,0,0
1945981,2024-08-20 00:00:00,0,86688,374,3.83,0.97,0.8,0.17,0
1945982,2024-08-20 00:00:00,0,90148,320,19.48,0.01,0,0.01,0
1945983,2024-08-20 00:00:00,1,88201,375,0.16,0,0,0,0
1945984,2024-08-20 00:00:00,1,89253,374,0.98,0.05,0.01,0.04,0
1945985,2024-08-20 00:00:00,2,87350,374,1.25,0.21,0.21,0,0
1945986,2024-08-20 00:00:00,10,90400,319,0.88,0.39,0.3,0,0.08
1945987,2024-08-20 00:00:00,10,86744,379,0.46,0.01,0,0.01,0
1945988,2024-08-20 00:00:00,10,89147,320,0.96,0.1,0,0.1,0
1945989,2024-08-20 00:00:00,11,90236,375,2.4,0.03,0.03,0,0
1945990,2024-08-20 00:00:00,11,88875,341,0.31,0.05,0,0,0.05
1945991,2024-08-20 00:00:00,11,87144,379,0.75,0,0,0,0
1945992,2024-08-20 00:00:00,12,89014,375,1.86,0.16,0.01,0.15,0
1945993,2024-08-20 00:00:00,12,88322,341,2.28,22.22,0,22.22,0
1945994,2024-08-20 00:00:00,12,88998,376,0.65,0.02,0,0,0.02
1945995,2024-08-20 00:00:00,12,88298,374,0.3,0.41,0,0.41,0
1945996,2024-08-20 00:00:00,12,88496,379,0.83,0.15,0.07,0.07,0
1945997,2024-08-20 00:00:00,12,89381,329,0.08,0.01,0,0.01,0
1945998,2024-08-20 00:00:00,13,88263,379,0.11,0.01,0,0.01,0
1945999,2024-08-20 00:00:00,13,87187,366,1.66,0,0,0,0
1946000,2024-08-20 00:00:00,13,86768,379,0.5,0,0,0,0
1946001,2024-08-20 00:00:00,14,90055,374,1.86,0.3,0,0.3,0
1946002,2024-08-19 00:00:00,20,87627,375,0.83,0.56,0.25,0.31,0
1946003,2024-08-20 00:00:00,14,88263,379,0.73,0.2,0,0.2,0
1946004,2024-08-20 00:00:00,14,88252,345,0.4,0.04,0,0,0.04
1946005,2024-08-20 00:00:00,14,88487,378,0.51,0.59,0.25,0.33,0
1946006,2024-08-20 00:00:00,15,87866,290,3.43,5.42,5.42,0,0
1946007,2024-08-20 00:00:00,15,87050,320,1.08,4.33,0,0.33,4
1946008,2024-08-20 00:00:00,16,90463,379,1.3,0.04,0.04,0,0
1946009,2024-08-20 00:00:00,16,86589,375,,1.78,1.72,0.05,0
1946010,2024-08-20 00:00:00,16,88954,319,1.26,0.05,0,0.05,0
1946011,2024-08-20 00:00:00,16,90085,378,1.56,0.01,0,0.01,0
1946012,2024-08-20 00:00:00,16,89293,374,0.31,0,0,0,0
1946013,2024-08-20 00:00:00,16,87738,376,0.58,0.02,0,0,0.02
1946014,2024-08-20 00:00:00,17,89287,379,0.38,0.05,0,0.05,0
1946015,2024-08-20 00:00:00,17,90262,341,0.53,0.78,0,0,0.78
1946016,2024-08-20 00:00:00,17,89851,376,2.36,3.09,2.55,0.52,0.01
1946017,2024-08-20 00:00:00,17,86953,374,1.16,0.02,0,0.02,0
1946018,2024-08-20 00:00:00,17,87351,374,1.3,2.58,0,2.58,0
1946019,2024-08-20 00:00:00,17,90441,376,0.25,0.03,0,0,0.03
1946020,2024-08-20 00:00:00,18,89596,379,2.75,0.43,0,0,0.43
1946021,2024-08-20 00:00:00,18,88217,375,,1.75,0.73,1.02,0
1946022,2024-08-20 00:00:00,19,89600,314,1.63,0.03,0,0.03,0
1946023,2024-08-20 00:00:00,19,89399,376,0.68,0.02,0,0.02,0
1946024,2024-08-20 00:00:00,19,87934,309,0.56,1.11,0,0.17,0.94
1946025,2024-08-20 00:00:00,20,87249,375,1.08,0.01,0.01,0,0
1946026,2024-08-20 00:00:00,20,90040,341,0.81,0.2,0,0.2,0
1946027,2024-08-20 00:00:00,20,86562,375,0.86,0.1,0,0,0.1
1946028,2024-08-20 00:00:00,20,89758,374,18.51,388.22,210.02,174.8,3.39
1946029,2024-08-20 00:00:00,20,88490,375,22.41,5.5,5.5,0,0
1946030,2024-08-20 00:00:00,20,87050,379,0.5,0.01,0,0.01,0
1946031,2024-08-20 00:00:00,20,87148,317,3.1,1.5,1,0.5,0
1946032,2024-08-20 00:00:00,21,88061,375,0.63,0.02,0,0.01,0
1946033,2024-08-20 00:00:00,21,89595,307,2.08,0.08,0,0.08,0
1946034,2024-08-20 00:00:00,21,87136,375,5.33,11.71,5.96,4.31,1.43
1946035,2024-08-20 00:00:00,21,86562,375,0.56,0.58,0,0,0.58
1946036,2024-08-20 00:00:00,21,88860,374,0.18,0.01,0,0.01,0
1946037,2024-08-20 00:00:00,21,87211,376,0.4,0.04,0,0.04,0
1946038,2024-08-20 00:00:00,22,90378,375,0.4,0.01,0,0.01,0
1946039,2024-08-20 00:00:00,22,86663,342,0.81,0.12,0,0.12,0
1946040,2024-08-20 00:00:00,22,90310,290,0.31,0,0,0,0
1946041,2024-08-20 00:00:00,22,88497,372,0.98,0.01,0.01,0,0
1946042,2024-08-20 00:00:00,22,87476,290,0.3,0.01,0,0,0.01
1946043,2024-08-20 00:00:00,23,88190,374,0.46,0,0,0,0
1946044,2024-08-20 00:00:00,23,89334,375,0.7,0.01,0,0.01,0
1946045,2024-08-20 00:00:00,23,88213,375,0.8,0.05,0,0.05,0
1946046,2024-08-21 00:00:00,0,88535,320,1.31,0.32,0.02,0.3,0
1946047,2024-08-21 00:00:00,0,88860,374,1.1,0,0,0,0
1946048,2024-08-21 00:00:00,0,87952,290,0.36,0,0,0,0
1946049,2024-08-21 00:00:00,0,89569,358,0.55,0.15,0,0,0.15
1946050,2024-08-21 00:00:00,0,90395,288,1.1,0,0,0,0
1946051,2024-08-21 00:00:00,0,88515,376,0.88,0.05,0,0.05,0
1946052,2024-08-21 00:00:00,1,90256,374,0.61,0.03,0.01,0.01,0
1946053,2024-08-21 00:00:00,1,86963,378,0.41,0,0,0,0
1946054,2024-08-21 00:00:00,2,89904,322,0.33,0.02,0,0.02,0
1946055,2024-08-21 00:00:00,2,90202,375,0.51,0.02,0.02,0,0
1946056,2024-08-21 00:00:00,3,89515,374,0.4,0.01,0,0.01,0
1946057,2024-08-21 00:00:00,3,89515,374,0.16,0,0,0,0
1946058,2024-08-21 00:00:00,4,89597,316,0.53,0.01,0,0.01,0
1946059,2024-08-21 00:00:00,4,87249,375,0.98,0.38,0.38,0,0
1946060,2024-08-21 00:00:00,4,86758,374,1.16,0.65,0,0.65,0
1946061,2024-08-21 00:00:00,4,86622,374,1.36,0.96,0.96,0,0
1946062,2024-08-21 00:00:00,5,90217,375,0.61,0.18,0.18,0,0
1946063,2024-08-21 00:00:00,6,89986,376,1.33,0.03,0,0.03,0
1946064,2024-08-21 00:00:00,6,86622,374,2.6,3.28,3.28,0,0
1946065,2024-08-21 00:00:00,6,89319,374,1.21,0.1,0,0.1,0
1946066,2024-08-21 00:00:00,8,87903,374,2.4,0,0,0,0
1946067,2024-08-21 00:00:00,9,88001,290,0.93,0,0,0,0
1946068,2024-08-21 00:00:00,9,87866,379,1.25,1,0,1,0
1946069,2024-08-21 00:00:00,10,90056,378,1.15,0.25,0.25,0,0
1946070,2024-08-21 00:00:00,10,90062,376,0.81,0.03,0,0.03,0
1946071,2024-08-21 00:00:00,10,90340,376,1.9,0.25,0,0.25,0
1946072,2024-08-21 00:00:00,11,87148,379,0.65,2,0,2,0
1946073,2024-08-21 00:00:00,11,87692,378,0.48,0.08,0.08,0,0
1946074,2024-08-21 00:00:00,11,86562,375,0.98,0.02,0,0,0.02
1946075,2024-08-21 00:00:00,11,87272,376,1.2,0.32,0,0.32,0
1946076,2024-08-21 00:00:00,12,90305,378,1,0.01,0,0.01,0
1946077,2024-08-21 00:00:00,12,89538,376,0.51,0.01,0,0.01,0
1946078,2024-08-21 00:00:00,12,89790,334,1.48,0.05,0,0.05,0
1946079,2024-08-21 00:00:00,12,86740,374,0.55,0.05,0.05,0,0
1946080,2024-08-21 00:00:00,12,89253,379,1.01,0.1,0.1,0,0
1946081,2024-08-21 00:00:00,12,87858,374,1.03,0.03,0,0.03,0
1946082,2024-08-21 00:00:00,12,89240,379,0.28,0.01,0,0.01,0
1946083,2024-08-21 00:00:00,12,87238,347,0.53,0,0,0,0
1946084,2024-08-21 00:00:00,13,87963,316,0.33,0.3,0.01,0.06,0.23
1946085,2024-08-21 00:00:00,13,90344,375,1.28,0.25,0,0.25,0
1946086,2024-08-21 00:00:00,13,88844,375,1.2,0.1,0.1,0,0
1946087,2024-08-21 00:00:00,13,89063,375,1.16,1.19,1.19,0,0
1946088,2024-08-21 00:00:00,13,89394,329,1.28,1.2,1.1,0,0.1
1946089,2024-08-21 00:00:00,13,88715,374,0.95,0.12,0.02,0.1,0
1946090,2024-08-21 00:00:00,13,89024,333,0.15,0,0,0,0
1946091,2024-08-21 00:00:00,13,88640,375,2.01,0.16,0.06,0.1,0
1946092,2024-08-21 00:00:00,14,89423,378,0.63,0.25,0,0.25,0
1946093,2024-08-21 00:00:00,14,89940,374,1.1,0.2,0.2,0,0
1946094,2024-08-21 00:00:00,14,89015,378,8.11,35.13,35.13,0,0
1946095,2024-08-21 00:00:00,15,89230,375,0.7,0.01,0.01,0,0
1946096,2024-08-21 00:00:00,15,89340,375,0.78,0.16,0.16,0,0
1946097,2024-08-21 00:00:00,15,87349,320,12.25,97.97,14.15,82.42,1.39
1946098,2024-08-21 00:00:00,15,89425,309,1.7,2.68,0,0.06,2.62
1946099,2024-08-21 00:00:00,15,87136,379,1.25,1.88,0,1.88,0
1946100,2024-08-21 00:00:00,15,90344,290,0.91,0,0,0,0
1946101,2024-08-21 00:00:00,16,87272,376,0.21,0,0,0,0
1946102,2024-08-21 00:00:00,16,86562,375,,0.09,0,0,0.09
1946103,2024-08-21 00:00:00,16,88799,290,1.26,0,0,0,0
1946104,2024-08-21 00:00:00,16,88799,319,0.28,0.06,0,0.06,0
1946105,2024-08-21 00:00:00,16,88885,288,0.83,0,0,0,0
1946106,2024-08-21 00:00:00,16,89705,374,0.5,0.12,0,0.12,0
1946107,2024-08-21 00:00:00,17,90344,290,0.26,0,0,0,0
1946108,2024-08-21 00:00:00,17,88045,378,0.6,0,0,0,0
1946109,2024-08-21 00:00:00,17,89756,290,0.31,0,0,0,0
1946110,2024-08-21 00:00:00,18,86663,345,0.4,0,0,0,0
1946111,2024-08-21 00:00:00,18,87097,375,0.46,0.02,0.02,0,0
1946112,2024-08-21 00:00:00,19,88019,378,1.23,0.03,0,0.03,0
1946113,2024-08-21 00:00:00,19,89058,375,0.38,0,0,0,0
1946114,2024-08-21 00:00:00,19,87712,376,0.63,0,0,0,0
1946115,2024-08-21 00:00:00,19,88690,309,0.33,0.01,0,0,0.01
1946116,2024-08-21 00:00:00,19,89362,374,0.38,0,0,0,0
1946117,2024-08-21 00:00:00,20,89063,379,0.4,0.01,0,0.01,0
1946118,2024-08-21 00:00:00,20,88326,375,1.03,0.17,0.17,0,0
1946119,2024-08-21 00:00:00,20,87368,378,1.13,0.03,0,0.03,0
1946120,2024-08-21 00:00:00,21,87272,376,1.55,0.12,0,0.12,0
1946121,2024-08-21 00:00:00,21,90048,375,0.85,0,0,0,0
1946122,2024-08-21 00:00:00,21,89240,334,0.23,0,0,0,0
1946123,2024-08-21 00:00:00,21,89155,376,0.7,0,0,0,0
1946124,2024-08-21 00:00:00,22,88019,378,0.93,0.23,0,0.23,0
1946125,2024-08-21 00:00:00,22,88043,374,0.16,0.03,0,0,0.03
1946126,2024-08-21 00:00:00,22,88014,378,0.51,0,0,0,0
1946127,2024-08-21 00:00:00,22,88497,372,1.01,0.12,0.12,0,0
1946128,2024-08-21 00:00:00,22,89147,374,0.93,0.02,0.01,0.01,0
1946129,2024-08-21 00:00:00,23,86562,375,1.31,0.02,0,0.02,0
1946130,2024-08-21 00:00:00,23,89788,374,0.8,0.11,0,0.11,0
1946131,2024-08-21 00:00:00,23,89401,288,2.21,0.04,0.03,0.01,0
1946132,2024-08-21 00:00:00,23,90303,376,1.03,0.01,0,0.01,0
1946133,2024-08-21 00:00:00,23,87136,375,0.9,0.5,0,0.5,0
1946134,2024-08-22 00:00:00,0,86529,374,1.45,0.02,0,0.02,0
1946135,2024-08-22 00:00:00,0,87350,375,0.68,0.05,0.05,0,0
1946136,2024-08-22 00:00:00,1,86789,358,0.43,0,0,0,0
1946137,2024-08-22 00:00:00,2,87386,374,0.71,0,0,0,0
1946138,2024-08-22 00:00:00,2,89212,358,0.51,0.08,0,0.08,0
1946139,2024-08-22 00:00:00,2,88099,317,0.63,0.03,0,0.03,0
1946140,2024-08-22 00:00:00,4,90232,290,0.43,0,0,0,0
1946141,2024-08-22 00:00:00,4,89063,379,0.65,0.02,0,0.02,0
1946142,2024-08-22 00:00:00,8,88014,378,2.8,0.49,0.48,0,0.01
1946143,2024-08-22 00:00:00,10,89401,379,0.7,0.1,0,0.1,0
1946144,2024-08-22 00:00:00,10,89086,309,0.65,0.29,0,0.29,0
1946145,2024-08-22 00:00:00,10,87998,376,4.15,0.46,0.45,0,0
1946146,2024-08-22 00:00:00,10,87222,309,1.15,0.15,0,0,0.15
1946147,2024-08-22 00:00:00,11,87972,320,3.66,7.14,0.03,7.09,0
1946148,2024-08-22 00:00:00,11,89269,378,2.9,0.73,0.73,0,0
1946149,2024-08-22 00:00:00,11,89422,346,1.68,2.18,0.6,1.36,0.21
1946150,2024-08-22 00:00:00,11,86797,328,0.68,0.03,0,0.03,0
1946151,2024-08-22 00:00:00,11,89989,309,0.33,0,0,0,0
1946152,2024-08-22 00:00:00,12,90333,375,6.7,17.81,0.19,17.29,0.32
1946153,2024-08-22 00:00:00,12,88715,374,1.11,0.18,0.1,0.08,0
1946154,2024-08-22 00:00:00,12,88999,343,0.53,0.01,0,0.01,0
1946155,2024-08-22 00:00:00,13,88999,343,0.08,0.15,0,0.15,0
1946156,2024-08-22 00:00:00,13,90134,343,0.23,0.36,0,0.36,0
1946157,2024-08-22 00:00:00,13,90134,343,0.31,0,0,0,0
1946158,2024-08-22 00:00:00,13,89854,374,1.81,0.6,0.6,0,0
1946159,2024-08-22 00:00:00,14,86893,378,1.43,2.16,0,0,2.16
1946160,2024-08-22 00:00:00,14,89697,372,3.2,2.3,2.3,0,0
1946161,2024-08-22 00:00:00,14,87540,334,0.73,0,0,0,0
1946162,2024-08-22 00:00:00,14,87866,379,1.01,0.5,0,0.5,0
1946163,2024-08-22 00:00:00,14,87629,374,1.1,0.02,0,0.02,0
1946164,2024-08-22 00:00:00,14,87249,375,0.56,0.02,0,0.02,0
1946165,2024-08-22 00:00:00,15,89063,379,0.63,0.02,0,0.02,0
1946166,2024-08-22 00:00:00,16,87943,290,1.11,0.08,0,0.08,0
1946167,2024-08-22 00:00:00,16,88487,378,1.05,0.01,0,0.01,0
1946168,2024-08-22 00:00:00,16,89162,376,0.2,0,0,0,0
1946169,2024-08-22 00:00:00,16,89018,341,0.51,0.72,0,0,0.72
1946170,2024-08-22 00:00:00,16,88125,374,1.06,0.51,0,0.51,0
1946171,2024-08-22 00:00:00,17,89611,379,0.33,0.2,0,0,0.2
1946172,2024-08-22 00:00:00,18,88113,376,0.28,0,0,0,0
1946173,2024-08-22 00:00:00,18,88004,375,3.86,14.7,0,14.7,0
1946174,2024-08-22 00:00:00,18,89486,343,2.03,2.11,2.11,0,0
1946175,2024-08-22 00:00:00,19,87101,290,0.11,0.01,0,0.01,0
1946176,2024-08-22 00:00:00,19,88055,341,0.23,0,0,0,0
1946177,2024-08-22 00:00:00,20,86726,375,4.28,20.9,0,20.9,0
1946178,2024-08-22 00:00:00,20,88162,320,0.7,0.8,0,0.8,0
1946179,2024-08-22 00:00:00,20,88162,374,0.05,0.1,0.1,0,0
1946180,2024-08-22 00:00:00,21,87136,375,1.03,0.2,0.2,0,0
1946181,2024-08-22 00:00:00,22,88107,320,2.25,1.55,0.05,1.5,0
1946182,2024-08-22 00:00:00,22,90208,322,0.71,0.2,0,0.2,0
1946183,2024-08-22 00:00:00,22,86500,341,2.41,1.43,0,1.43,0
1946184,2024-08-22 00:00:00,22,89904,322,0.51,0.01,0,0.01,0
1946185,2024-08-22 00:00:00,23,88917,334,2.51,2.31,0,2.31,0
1946186,2024-08-22 00:00:00,23,90424,378,1.41,0.58,0.58,0,0
1946187,2024-08-22 00:00:00,23,88612,320,1.21,0.01,0,0.01,0
1946188,2024-08-23 00:00:00,0,89120,378,2.33,0.05,0,0.05,0
1946189,2024-08-23 00:00:00,0,88160,372,1.21,0.04,0.04,0,0
1946190,2024-08-23 00:00:00,0,87910,290,0.7,0,0,0,0
1946191,2024-08-23 00:00:00,0,88239,376,1.01,0.05,0,0.05,0
1946192,2024-08-23 00:00:00,0,88076,334,0.86,0.14,0,0.14,0
1946193,2024-08-23 00:00:00,0,88065,376,0.95,0.02,0,0.02,0
1946194,2024-08-23 00:00:00,1,88704,376,0.2,0,0,0,0
1946195,2024-08-23 00:00:00,1,87611,376,0.68,0.01,0,0.01,0
1946196,2024-08-23 00:00:00,3,89267,288,0.66,0.14,0,0.14,0
1946197,2024-08-23 00:00:00,9,88879,374,0.35,0.02,0.02,0,0
1946198,2024-08-23 00:00:00,9,89132,360,0.63,0.18,0,0,0.18
1946199,2024-08-23 00:00:00,10,88195,374,3.35,5,5,0,0
1946200,2024-08-23 00:00:00,11,89446,313,0.96,0.19,0,0,0.19
1946201,2024-08-23 00:00:00,11,88865,313,1.23,4.97,0,0,4.97
1946202,2024-08-23 00:00:00,11,90131,379,0.53,0.01,0,0.01,0
1946203,2024-08-23 00:00:00,11,89081,376,0.4,0.15,0,0.15,0
1946204,2024-08-23 00:00:00,12,87444,317,0.81,0,0,0,0
1946205,2024-08-23 00:00:00,12,87313,378,0.43,0,0,0,0
1946206,2024-08-23 00:00:00,12,89154,376,0.51,0,0,0,0
1946207,2024-08-23 00:00:00,13,89158,378,0.4,0.01,0,0.01,0
1946208,2024-08-23 00:00:00,13,90405,368,1.05,0.21,0.21,0,0
1946209,2024-08-23 00:00:00,13,89600,288,1.6,0.02,0,0.02,0
1946210,2024-08-23 00:00:00,14,90392,359,1.25,0.53,0,0.53,0
1946211,2024-08-23 00:00:00,14,87611,376,,4.4,2.64,1.76,0
1946212,2024-08-23 00:00:00,15,87936,329,0.78,0.13,0,0.13,0
1946213,2024-08-23 00:00:00,15,90001,376,1.35,0.06,0,0.06,0
1946214,2024-08-23 00:00:00,15,89045,374,1.01,0.1,0,0.1,0
1946215,2024-08-23 00:00:00,15,89120,377,0.83,0,0,0,0
1946216,2024-08-23 00:00:00,15,88729,316,0.51,0,0,0,0
1946217,2024-08-23 00:00:00,15,88918,341,0.33,0,0,0,0
1946218,2024-08-23 00:00:00,16,89120,311,3.93,2,1.8,0.2,0
1946219,2024-08-23 00:00:00,16,89697,379,0.61,0.06,0,0.06,0
1946220,2024-08-23 00:00:00,16,88516,374,0.2,0.02,0,0,0.02
1946221,2024-08-23 00:00:00,16,90040,358,1.61,0.03,0,0.03,0
1946222,2024-08-23 00:00:00,17,86777,290,0.75,0.03,0,0.03,0
1946223,2024-08-23 00:00:00,17,86559,378,1.86,1.27,1.27,0,0
1946224,2024-08-23 00:00:00,17,88105,316,0.5,0.43,0,0,0.43
1946225,2024-08-23 00:00:00,17,89191,359,2.23,5.1,0,5.1,0
1946226,2024-08-23 00:00:00,17,88220,333,2.78,0.53,0.53,0,0
1946227,2024-08-23 00:00:00,18,89917,379,0.9,1.91,1.91,0,0
1946228,2024-08-23 00:00:00,18,87556,374,0.15,0.01,0,0,0.01
1946229,2024-08-23 00:00:00,18,87636,374,0.61,0.09,0,0.09,0
1946230,2024-08-23 00:00:00,19,86503,375,0.55,0.05,0,0.05,0
1946231,2024-08-23 00:00:00,19,89421,341,0.48,0,0,0,0
1946232,2024-08-23 00:00:00,21,86839,375,2.23,0,0,0,0
1946233,2024-08-23 00:00:00,22,89253,320,1.61,0.06,0,0.06,0
1946234,2024-08-23 00:00:00,22,89063,379,0.41,0.01,0,0.01,0
1946235,2024-08-23 00:00:00,22,88809,379,2.21,0.01,0,0.01,0
1946236,2024-08-23 00:00:00,22,88978,320,0.5,0.05,0,0.05,0
1946237,2024-08-23 00:00:00,23,89579,376,0.63,0.1,0,0.1,0
1946238,2024-08-23 00:00:00,23,86796,320,0.8,0.05,0,0.05,0
1946239,2024-08-24 00:00:00,0,87849,374,5.1,1.15,0,1.08,0.06
1946240,2024-08-24 00:00:00,0,87832,375,0.83,0.01,0,0.01,0
1946241,2024-08-24 00:00:00,0,89376,376,0.6,0.02,0,0.02,0
1946242,2024-08-24 00:00:00,0,86839,375,1.65,0.39,0.39,0,0
1946243,2024-08-24 00:00:00,0,88259,374,0.31,0,0,0,0
1946244,2024-08-24 00:00:00,1,86825,375,1.18,0.01,0,0.01,0
1946245,2024-08-24 00:00:00,2,88195,374,1.63,0.01,0,0.01,0
1946246,2024-08-24 00:00:00,3,88491,375,0.75,0,0,0,0
1946247,2024-08-24 00:00:00,5,87337,317,1.45,0.05,0.03,0.02,0
1946248,2024-08-24 00:00:00,6,86572,378,4.03,2.57,2.52,0.05,0
1946249,2024-08-24 00:00:00,9,87865,374,1.4,0.07,0,0.07,0
1946250,2024-08-24 00:00:00,9,87862,320,1.03,0.2,0,0.2,0
1946251,2024-08-24 00:00:00,9,87849,379,1.46,0.5,0,0.5,0
1946252,2024-08-24 00:00:00,9,86572,373,0.98,2.45,0,2.45,0
1946253,2024-08-24 00:00:00,11,90292,334,0.2,0,0,0,0
1946254,2024-08-24 00:00:00,11,87460,311,1.01,0.1,0,0.1,0
1946255,2024-08-24 00:00:00,11,89565,344,0.51,0,0,0,0
1946256,2024-08-24 00:00:00,11,89832,319,0.56,0,0,0,0
1946257,2024-08-24 00:00:00,12,90065,376,0.41,0.15,0.15,0,0
1946258,2024-08-24 00:00:00,13,89307,374,0.55,0.01,0,0.01,0
1946259,2024-08-24 00:00:00,14,89459,319,0.48,0,0,0,0
1946260,2024-08-24 00:00:00,14,89167,378,2.03,0.25,0,0,0.25
1946261,2024-08-24 00:00:00,15,87738,376,0.45,0,0,0,0
1946262,2024-08-24 00:00:00,16,87933,334,0.13,0,0,0,0
1946263,2024-08-24 00:00:00,16,88046,375,2.85,0.57,0.02,0.55,0
1946264,2024-08-24 00:00:00,16,90024,376,0.3,0.12,0,0.12,0
1946265,2024-08-24 00:00:00,16,88776,378,0.28,0,0,0,0
1946266,2024-08-24 00:00:00,16,89287,378,0.73,0.01,0,0.01,0
1946267,2024-08-24 00:00:00,17,87043,290,0.63,0,0,0,0
1946268,2024-08-24 00:00:00,18,89238,316,0.4,0,0,0,0
1946269,2024-08-24 00:00:00,18,89447,316,0.51,0.01,0,0,0.01
1946270,2024-08-24 00:00:00,19,88619,345,0.95,0.62,0,0,0.62
1946271,2024-08-24 00:00:00,19,89058,375,0.3,0,0,0,0
1946272,2024-08-24 00:00:00,20,89329,378,0.4,0.94,0,0,0.94
1946273,2024-08-24 00:00:00,21,89889,320,0.93,0.01,0,0.01,0
1946274,2024-08-24 00:00:00,22,87096,376,0.21,0,0,0,0
1946275,2024-08-24 00:00:00,22,88475,375,14.03,11.72,11.22,0.5,0
1946276,2024-08-24 00:00:00,22,87337,317,0.61,0.01,0,0.01,0
1946277,2024-08-24 00:00:00,23,88801,375,3.03,2.03,0.03,2,0
1946278,2024-08-25 00:00:00,0,86883,325,0.15,0,0,0,0
1946279,2024-08-25 00:00:00,0,86883,325,0.03,0,0,0,0
1946280,2024-08-25 00:00:00,0,89661,376,0.36,0,0,0,0
1946281,2024-08-25 00:00:00,0,89402,368,1.18,0.05,0.01,0.04,0
1946282,2024-08-25 00:00:00,1,89563,376,0.6,0.01,0,0.01,0
1946283,2024-08-25 00:00:00,1,88055,329,0.51,0.07,0,0.07,0
1946284,2024-08-25 00:00:00,1,86883,325,0.28,0,0,0,0
1946285,2024-08-25 00:00:00,2,87406,375,0.51,0.02,0.02,0,0
1946286,2024-08-25 00:00:00,2,87998,378,1.26,0.2,0,0.2,0
1946287,2024-08-25 00:00:00,2,87875,374,14.38,5,3,2,0
1946288,2024-08-25 00:00:00,3,88391,374,1.01,0,0,0,0
1946289,2024-08-25 00:00:00,4,87350,375,0.38,0.01,0.01,0,0
1946290,2024-08-25 00:00:00,4,87350,375,0.3,0.07,0,0.07,0
1946291,2024-08-25 00:00:00,5,89331,376,0.31,0.01,0,0,0.01
1946292,2024-08-25 00:00:00,5,87774,374,0.53,0,0,0,0
1946293,2024-08-25 00:00:00,6,87407,374,0.33,0,0,0,0
1946294,2024-08-25 00:00:00,7,89959,375,0.71,0.01,0,0.01,0
1946295,2024-08-25 00:00:00,7,87629,374,1.3,0.12,0.02,0.1,0
1946296,2024-08-25 00:00:00,7,87778,374,0.18,0,0,0,0
1946297,2024-08-25 00:00:00,9,87892,378,0.33,0.04,0,0,0.04
1946298,2024-08-25 00:00:00,9,88648,378,0.9,0.01,0,0.01,0
1946299,2024-08-25 00:00:00,10,88860,344,0.18,0,0,0,0
1946300,2024-08-25 00:00:00,10,87357,341,0.2,0.03,0,0,0.03
1946301,2024-08-25 00:00:00,10,89079,320,0.3,0.02,0,0.02,0
1946302,2024-08-25 00:00:00,11,89753,309,1.13,0,0,0,0
1946303,2024-08-25 00:00:00,11,88107,320,1.25,1,0,1,0
1946304,2024-08-25 00:00:00,12,89063,379,0.85,0.03,0.03,0,0
1946305,2024-08-25 00:00:00,12,89120,378,1.2,0,0,0,0
1946306,2024-08-25 00:00:00,13,86907,374,0.86,0.01,0,0.01,0
1946307,2024-08-25 00:00:00,13,88850,374,0.66,0,0,0,0
1946308,2024-08-25 00:00:00,13,89537,379,0.48,0.04,0.04,0,0
1946309,2024-08-25 00:00:00,14,88160,372,3.25,0.01,0.01,0,0
1946310,2024-08-25 00:00:00,14,89313,378,0.5,0.22,0,0,0.22
1946311,2024-08-25 00:00:00,14,87556,374,0.43,0.01,0,0,0.01
1946312,2024-08-25 00:00:00,14,89971,288,0.35,0,0,0,0
1946313,2024-08-25 00:00:00,14,88801,379,6.21,19.91,5.47,14.44,0
1946314,2024-08-25 00:00:00,14,89504,375,0.6,0.02,0,0.02,0
1946315,2024-08-25 00:00:00,15,89761,376,2.21,1.24,0,0.08,1.15
1946316,2024-08-25 00:00:00,15,89986,375,6.3,15.9,10.5,5.4,0
1946317,2024-08-25 00:00:00,15,89120,376,1.53,0.05,0,0.05,0
1946318,2024-08-25 00:00:00,15,89267,379,1.1,0.01,0,0.01,0
1946319,2024-08-25 00:00:00,15,87325,374,0.53,0.01,0,0.01,0
1946320,2024-08-25 00:00:00,15,86622,379,0.5,0.01,0,0.01,0
1946321,2024-08-25 00:00:00,15,89612,352,0.86,0.71,0,0.71,0
1946322,2024-08-25 00:00:00,16,88553,374,4.75,0.74,0.74,0,0
1946323,2024-08-25 00:00:00,16,90399,375,0.76,5.27,0.48,4.77,0.01
1946324,2024-08-25 00:00:00,16,86632,378,0.38,0.01,0,0.01,0
1946325,2024-08-25 00:00:00,17,88718,358,0.8,0.35,0.2,0.15,0
1946326,2024-08-25 00:00:00,17,89071,343,0.83,0.47,0.33,0.14,0
1946327,2024-08-25 00:00:00,18,88708,376,1.31,0.05,0,0.05,0
1946328,2024-08-25 00:00:00,18,89796,372,1.23,1.39,1.12,0.27,0
1946329,2024-08-25 00:00:00,18,87617,343,1.25,4.98,1.63,3.35,0
1946330,2024-08-25 00:00:00,19,90399,375,3.16,0,0,0,0
1946331,2024-08-25 00:00:00,19,89401,372,1.08,0.4,0.4,0,0
1946332,2024-08-25 00:00:00,19,87150,333,0.95,3.91,0,3.91,0
1946333,2024-08-25 00:00:00,20,90144,319,0.48,0,0,0,0
1946334,2024-08-25 00:00:00,20,88798,376,0.81,0.04,0,0.04,0
1946335,2024-08-25 00:00:00,21,89931,320,2.61,1,0,1,0
1946336,2024-08-25 00:00:00,21,86499,374,0.3,0.01,0,0.01,0
1946337,2024-08-25 00:00:00,21,88977,378,0.98,0.2,0,0.2,0
1946338,2024-08-25 00:00:00,21,89604,376,0.51,0,0,0,0
1946339,2024-08-25 00:00:00,21,87910,290,0.43,0,0,0,0
1946340,2024-08-25 00:00:00,21,89058,316,0.38,0.01,0.01,0,0
1946341,2024-08-25 00:00:00,21,86562,375,0.9,0.02,0,0.02,0
1946342,2024-08-25 00:00:00,21,88487,378,0.23,0,0,0,0
1946343,2024-08-25 00:00:00,21,88579,317,1.85,0.03,0,0.03,0
1946344,2024-08-25 00:00:00,22,87050,320,0.31,0,0,0,0
1946345,2024-08-25 00:00:00,22,86656,320,1.35,2,0,2,0
1946346,2024-08-25 00:00:00,22,87313,374,0.28,0.1,0,0.1,0
1946347,2024-08-25 00:00:00,23,87410,374,0.55,0.11,0.11,0,0
1946348,2024-08-25 00:00:00,23,87704,374,0.41,0,0,0,0
1946349,2024-08-26 00:00:00,0,87866,290,0.86,0,0,0,0
1946350,2024-08-26 00:00:00,0,87778,374,0.26,0,0,0,0
1946351,2024-08-26 00:00:00,0,86912,376,0.68,0,0,0,0
1946352,2024-08-26 00:00:00,0,86883,325,0.21,0,0,0,0
1946353,2024-08-26 00:00:00,0,86883,325,0.03,0,0,0,0
1946354,2024-08-26 00:00:00,0,87139,378,0.41,0.01,0,0.01,0
1946355,2024-08-26 00:00:00,1,88546,293,0.45,0,0,0,0
1946356,2024-08-26 00:00:00,1,90161,290,0.45,0.01,0,0.01,0
1946357,2024-08-26 00:00:00,1,89684,375,0.78,0,0,0,0
1946358,2024-08-26 00:00:00,3,89369,375,1.71,0.01,0,0.01,0
1946359,2024-08-26 00:00:00,4,87201,369,0.21,0.02,0,0,0.02
1946360,2024-08-26 00:00:00,4,87428,317,1,0.03,0,0.03,0
1946361,2024-08-26 00:00:00,4,89683,374,4.33,11.35,0,11.35,0
1946362,2024-08-26 00:00:00,4,89683,374,1.76,0.65,0,0.65,0
1946363,2024-08-26 00:00:00,6,88195,374,1.18,0.1,0,0.1,0
1946364,2024-08-26 00:00:00,7,89015,378,0.3,0.02,0,0.02,0
1946365,2024-08-26 00:00:00,8,87444,320,0.91,1,0,1,0
1946366,2024-08-26 00:00:00,8,88649,318,0.95,0.02,0,0.02,0
1946367,2024-08-26 00:00:00,9,87858,317,0.56,0.01,0,0.01,0
1946368,2024-08-26 00:00:00,10,89504,374,0.85,0.1,0,0.1,0
1946369,2024-08-26 00:00:00,10,86520,376,0.26,0,0,0,0
1946370,2024-08-26 00:00:00,11,89731,376,0.75,0.22,0,0.22,0
1946371,2024-08-26 00:00:00,11,87443,376,2.6,0.39,0.39,0,0
1946372,2024-08-26 00:00:00,11,89802,290,0.45,0.01,0,0,0.01
1946373,2024-08-26 00:00:00,11,89120,378,2.25,0.1,0,0.1,0
1946374,2024-08-26 00:00:00,12,87272,376,1.26,0.15,0,0.15,0
1946375,2024-08-26 00:00:00,12,89110,369,10.3,29.76,9.7,10.21,9.85
1946376,2024-08-26 00:00:00,12,90346,374,0.78,0.05,0,0.05,0
1946377,2024-08-26 00:00:00,12,87150,378,0.71,0,0,0,0
1946378,2024-08-26 00:00:00,13,88791,376,0.43,0.01,0,0,0.01
1946379,2024-08-26 00:00:00,13,87444,320,0.93,0.5,0,0.5,0
1946380,2024-08-26 00:00:00,13,90219,375,1.28,0.03,0,0.03,0
1946381,2024-08-26 00:00:00,13,90182,345,0.6,0.22,0,0,0.22
1946382,2024-08-26 00:00:00,14,88391,317,0.21,0.02,0,0.02,0
1946383,2024-08-26 00:00:00,14,86640,374,1.85,0.35,0.35,0,0
1946384,2024-08-26 00:00:00,14,89479,379,0.66,0.1,0,0.1,0
1946385,2024-08-26 00:00:00,14,86918,374,0.78,0.08,0,0.08,0
1946386,2024-08-26 00:00:00,14,88386,288,1.01,0.26,0,0.26,0
1946387,2024-08-26 00:00:00,14,88769,372,0.8,0.35,0.35,0,0
1946388,2024-08-26 00:00:00,14,89185,375,0.45,0.06,0,0,0.06
1946389,2024-08-26 00:00:00,15,87664,379,0.63,0.01,0.01,0,0
1946390,2024-08-26 00:00:00,15,86590,376,0.4,0.02,0,0.02,0
1946391,2024-08-26 00:00:00,15,88304,378,0.46,0.02,0,0.02,0
1946392,2024-08-26 00:00:00,15,90463,378,0.66,0.48,0.48,0,0
1946393,2024-08-26 00:00:00,15,88526,316,1.13,0.65,0.15,0.1,0.4
1946394,2024-08-26 00:00:00,15,90287,333,0.38,0,0,0,0
1946395,2024-08-26 00:00:00,15,88082,368,1.01,0.89,0,0,0.89
1946396,2024-08-26 00:00:00,15,89175,309,2.16,4.43,0,2.42,2.01
1946397,2024-08-26 00:00:00,17,88956,376,0.25,0,0,0,0
1946398,2024-08-26 00:00:00,17,87318,378,0.65,0.07,0.07,0,0
1946399,2024-08-26 00:00:00,17,90443,341,0.33,0.4,0,0,0.4
1946400,2024-08-26 00:00:00,17,90399,375,,0,0,0,0
1946401,2024-08-26 00:00:00,17,88497,379,1.5,1.61,1.61,0,0
1946402,2024-08-26 00:00:00,18,90399,376,6.5,0,0,0,0
1946403,2024-08-26 00:00:00,18,88801,379,5.88,4,1.5,2.5,0
1946404,2024-08-26 00:00:00,19,87148,379,0.86,0,0,0,0
1946405,2024-08-26 00:00:00,19,90281,288,1.5,0.17,0,0.17,0
1946406,2024-08-26 00:00:00,19,87407,374,1.33,1.75,0,1.75,0
1946407,2024-08-26 00:00:00,19,87954,378,0.51,0.07,0,0.07,0
1946408,2024-08-26 00:00:00,20,88998,376,1.81,0.59,0,0,0.59
1946409,2024-08-26 00:00:00,21,89706,375,0.95,0.39,0,0,0.39
1946410,2024-08-26 00:00:00,21,87444,320,0.96,0,0,0,0
1946411,2024-08-26 00:00:00,22,87503,317,0.63,0.01,0,0.01,0
1946412,2024-08-26 00:00:00,22,89815,368,2.71,0.65,0,0.65,0
1946413,2024-08-26 00:00:00,22,89015,378,0.8,0.06,0,0.06,0
1946414,2024-08-26 00:00:00,22,89152,378,0.71,0.03,0,0.03,0
1946415,2024-08-26 00:00:00,22,87147,375,1.96,1.3,0.8,0.5,0
1946416,2024-08-26 00:00:00,22,88082,368,0.25,0.02,0,0,0.02
1946417,2024-08-26 00:00:00,23,88813,341,1.76,4.3,0,0,4.29
1946418,2024-08-26 00:00:00,23,89479,374,1.6,0.5,0,0.5,0
1946419,2024-08-26 00:00:00,23,87341,374,0.41,0.03,0,0.03,0
1946420,2024-08-27 00:00:00,2,87326,375,0.46,0,0,0,0
1946421,2024-08-27 00:00:00,5,87774,374,1.41,0.25,0,0.25,0
1946422,2024-08-27 00:00:00,6,86553,379,1.4,1.47,1,0.47,0
1946423,2024-08-27 00:00:00,6,89156,375,1.71,0.5,0.1,0.4,0
1946424,2024-08-27 00:00:00,6,88162,320,1.5,0.01,0,0.01,0
1946425,2024-08-27 00:00:00,7,87148,379,2.53,0.5,0,0.5,0
1946426,2024-08-27 00:00:00,9,87961,378,0.93,0,0,0,0
1946427,2024-08-27 00:00:00,11,88211,316,1.33,0.1,0,0,0.1
1946428,2024-08-27 00:00:00,11,90056,378,0.31,0,0,0,0
1946429,2024-08-27 00:00:00,12,88496,379,0.38,0,0,0,0
1946430,2024-08-27 00:00:00,12,89022,359,6.45,43.25,2.59,36.68,3.97
1946431,2024-08-27 00:00:00,13,88319,374,1.45,0.01,0,0,0.01
1946432,2024-08-27 00:00:00,13,87171,317,7.4,6.5,0,6.5,0
1946433,2024-08-27 00:00:00,13,87904,322,1.38,0.18,0,0,0.18
1946434,2024-08-27 00:00:00,13,88286,375,0.35,0.01,0,0.01,0
1946435,2024-08-27 00:00:00,13,87625,347,0.16,0.03,0,0,0.03
1946436,2024-08-27 00:00:00,14,87148,379,0.98,0.01,0,0.01,0
1946437,2024-08-27 00:00:00,14,88447,378,2.61,0.34,0,0.34,0
1946438,2024-08-27 00:00:00,14,89287,378,0.85,0,0,0,0
1946439,2024-08-27 00:00:00,14,87360,358,2,1.03,0,0,1.03
1946440,2024-08-27 00:00:00,14,90399,375,0.76,0.03,0,0.03,0
1946441,2024-08-27 00:00:00,14,89828,345,0.46,0.03,0,0.03,0
1946442,2024-08-27 00:00:00,14,90112,341,1,3.23,0.08,2.85,0.29
1946443,2024-08-27 00:00:00,14,89441,319,11.46,117,92.13,23.32,1.54
1946444,2024-08-27 00:00:00,15,89007,329,0.6,0.02,0,0.02,0
1946445,2024-08-27 00:00:00,15,89991,375,1.63,1,0.56,0,0.44
1946446,2024-08-27 00:00:00,15,90468,374,0.46,0.01,0,0.01,0
1946447,2024-08-27 00:00:00,16,89058,346,0.61,0.17,0,0,0.17
1946448,2024-08-27 00:00:00,16,89341,376,0.56,0,0,0,0
1946449,2024-08-27 00:00:00,16,89683,374,2.26,1.7,0,1.7,0
1946450,2024-08-27 00:00:00,17,88868,375,0.66,0,0,0,0
1946451,2024-08-27 00:00:00,17,88082,375,0.21,0.13,0,0,0.13
1946452,2024-08-27 00:00:00,17,86986,376,,0.1,0,0.1,0
1946453,2024-08-27 00:00:00,17,89280,368,0.63,0,0,0,0
1946454,2024-08-27 00:00:00,17,88850,374,0.58,0.01,0,0.01,0
1946455,2024-08-27 00:00:00,17,89729,320,8.48,76.53,36.36,23.66,16.49
1946456,2024-08-27 00:00:00,17,89600,379,0.4,0,0,0,0
1946457,2024-08-27 00:00:00,18,89729,309,0.75,0.1,0,0.1,0
1946458,2024-08-27 00:00:00,18,87375,318,0.41,0,0,0,0
1946459,2024-08-27 00:00:00,18,90231,345,0.18,0,0,0,0
1946460,2024-08-27 00:00:00,19,87592,376,0.2,0,0,0,0
1946461,2024-08-27 00:00:00,20,86688,374,0.8,0.01,0.01,0,0
1946462,2024-08-27 00:00:00,20,87148,320,2.81,9,0,9,0
1946463,2024-08-27 00:00:00,21,90117,341,3.45,0.43,0.35,0,0.07
1946464,2024-08-27 00:00:00,21,87962,290,0.5,0,0,0,0
1946465,2024-08-27 00:00:00,21,88217,375,2.08,0.1,0,0.1,0
1946466,2024-08-27 00:00:00,22,87796,374,0.51,0.05,0,0.05,0
1946467,2024-08-27 00:00:00,22,88107,317,0.78,0.02,0.02,0,0
1946468,2024-08-27 00:00:00,22,86667,374,0.38,0,0,0,0
1946469,2024-08-27 00:00:00,22,89159,378,0.16,0.1,0,0,0.1
1946470,2024-08-27 00:00:00,22,87150,378,0.93,0.01,0,0.01,0
1946471,2024-08-27 00:00:00,23,89443,376,0.68,0.05,0,0.05,0
1946472,2024-08-28 00:00:00,0,90394,309,0.75,0,0,0,0
1946473,2024-08-28 00:00:00,0,89335,374,5.66,4.56,0,4.56,0
1946474,2024-08-28 00:00:00,3,89267,288,0.61,0,0,0,0
1946475,2024-08-28 00:00:00,3,87386,374,1.13,0.02,0,0.02,0
1946476,2024-08-28 00:00:00,3,87168,330,0.6,0,0,0,0
1946477,2024-08-28 00:00:00,3,89267,368,0.51,0,0,0,0
1946478,2024-08-28 00:00:00,6,90232,290,0.75,0.03,0,0.03,0
1946479,2024-08-28 00:00:00,6,88286,375,2.18,0.03,0,0,0.03
1946480,2024-08-28 00:00:00,8,88349,320,0.06,0.03,0,0.03,0
1946481,2024-08-28 00:00:00,10,88950,376,1.58,0.26,0.26,0,0
1946482,2024-08-28 00:00:00,10,89462,378,0.81,0.17,0,0,0.17
1946483,2024-08-28 00:00:00,10,88487,376,1.6,0.1,0.07,0.03,0
1946484,2024-08-28 00:00:00,10,88014,376,3.16,17.57,17.1,0.47,0
1946485,2024-08-28 00:00:00,11,88613,345,1.2,0.65,0.65,0,0
1946486,2024-08-28 00:00:00,11,88998,376,0.81,0.08,0,0,0.08
1946487,2024-08-28 00:00:00,12,90399,375,1.91,0,0,0,0
1946488,2024-08-28 00:00:00,12,87866,317,1.21,0.04,0,0.04,0
1946489,2024-08-28 00:00:00,13,89152,376,0.55,0.01,0,0.01,0
1946490,2024-08-28 00:00:00,13,89022,379,1.23,0.5,0,0.5,0
1946491,2024-08-28 00:00:00,14,88067,374,0.85,0,0,0,0
1946492,2024-08-28 00:00:00,15,87194,376,1.56,0.07,0,0.07,0
1946493,2024-08-28 00:00:00,15,88181,375,0.85,0.1,0.1,0,0
1946494,2024-08-28 00:00:00,16,89663,374,0.4,0.12,0,0.12,0
1946495,2024-08-28 00:00:00,16,90344,290,0.43,0,0,0,0
1946496,2024-08-28 00:00:00,18,89705,376,0.33,0.04,0,0,0.04
1946497,2024-08-28 00:00:00,18,89810,374,0.48,0,0,0,0
1946498,2024-08-28 00:00:00,19,87148,379,0.7,1,0,1,0
1946499,2024-08-28 00:00:00,19,89120,378,0.7,0,0,0,0
1946500,2024-08-28 00:00:00,19,87600,313,0.15,0,0,0,0
1946501,2024-08-28 00:00:00,19,89788,375,2.45,0.5,0,0.5,0
1946502,2024-08-28 00:00:00,20,89625,374,0.38,0.02,0,0,0.02
1946503,2024-08-28 00:00:00,20,87189,317,9.51,17.3,0,17.3,0
1946504,2024-08-28 00:00:00,21,88957,376,2.18,0.02,0,0.02,0
1946505,2024-08-28 00:00:00,21,86593,378,1.03,0.07,0,0.07,0
1946506,2024-08-28 00:00:00,22,86562,375,1.28,0.03,0,0.03,0
1946507,2024-08-28 00:00:00,22,87942,290,0.4,0.02,0,0.02,0
1946508,2024-08-28 00:00:00,22,89925,376,24.46,0.01,0,0.01,0
1946509,2024-08-28 00:00:00,23,89763,313,0.33,0.05,0,0.05,0
1946510,2024-08-28 00:00:00,23,88874,320,22.73,19.34,0,19.34,0
1946511,2024-08-28 00:00:00,23,87406,375,3.8,0.74,0.74,0,0
1946512,2024-08-29 00:00:00,7,89540,316,0.85,0.01,0,0,0.01
1946513,2024-08-29 00:00:00,10,87998,378,1.73,1.79,0,1.79,0
1946514,2024-08-29 00:00:00,10,88502,376,0.25,0,0,0,0
1946515,2024-08-29 00:00:00,12,86520,376,0.31,0.1,0,0,0.1
1946516,2024-08-29 00:00:00,12,87257,378,0.33,0.01,0,0.01,0
1946517,2024-08-29 00:00:00,12,87444,317,1.93,1,0,1,0
1946518,2024-08-29 00:00:00,12,90181,348,7.91,55.82,48.29,1.86,5.65
1946519,2024-08-29 00:00:00,12,86664,334,0.5,0.01,0,0,0.01
1946520,2024-08-29 00:00:00,12,87448,341,0.56,2.15,0,2.15,0
1946521,2024-08-29 00:00:00,13,90269,347,11.35,61.1,3,31.1,27
1946522,2024-08-29 00:00:00,13,87028,316,0.96,0.3,0,0.3,0
1946523,2024-08-29 00:00:00,14,87096,290,0.46,0.03,0,0.03,0
1946524,2024-08-29 00:00:00,15,86804,375,0.88,0.4,0,0.3,0.1
1946525,2024-08-29 00:00:00,16,88195,317,0.36,1,0,1,0
1946526,2024-08-29 00:00:00,16,89829,369,0.2,0,0,0,0
1946527,2024-08-29 00:00:00,16,87476,290,0.36,0.06,0,0.06,0
1946528,2024-08-29 00:00:00,16,90399,375,,0,0,0,0
1946529,2024-08-29 00:00:00,15,88014,378,,1.81,1.81,0,0
1946530,2024-08-29 00:00:00,16,89120,378,1.08,0.01,0,0.01,0
1946531,2024-08-29 00:00:00,15,87998,378,,22.22,10.56,11.65,0
1946532,2024-08-29 00:00:00,17,87515,378,2.53,2.05,2.05,0,0
1946533,2024-08-29 00:00:00,17,88535,375,1.1,0.03,0,0.03,0
1946534,2024-08-29 00:00:00,17,89105,290,2.18,0.15,0,0.15,0
1946535,2024-08-29 00:00:00,18,86777,290,1.28,0.02,0,0.02,0
1946536,2024-08-29 00:00:00,18,89909,316,0.68,0.1,0,0,0.1
1946537,2024-08-29 00:00:00,18,90287,374,0.5,0.73,0,0.12,0.6
1946538,2024-08-29 00:00:00,18,88501,320,1.75,5.18,0.04,5.13,0.01
1946539,2024-08-29 00:00:00,18,87972,378,1.48,0.04,0.03,0.01,0
1946540,2024-08-29 00:00:00,18,88664,375,0.36,0.04,0,0.04,0
1946541,2024-08-29 00:00:00,19,89633,374,0.46,0,0,0,0
1946542,2024-08-29 00:00:00,19,86655,378,1.61,0.12,0,0.12,0
1946543,2024-08-29 00:00:00,20,88381,374,0.41,0.02,0.02,0,0
1946544,2024-08-29 00:00:00,21,87150,375,0.75,0,0,0,0
1946545,2024-08-29 00:00:00,22,87023,376,0.36,0.07,0,0.07,0
1946546,2024-08-29 00:00:00,22,90062,376,0.53,0.03,0,0.03,0
1946547,2024-08-29 00:00:00,22,89889,320,0.95,0.01,0,0.01,0
1946548,2024-08-29 00:00:00,23,90341,378,0.65,0.02,0,0.02,0
1946549,2024-08-29 00:00:00,23,86690,374,4.3,1.1,1.1,0,0
1946550,2024-08-30 00:00:00,0,89084,320,7.68,38.09,1.48,36.61,0
1946551,2024-08-30 00:00:00,2,89796,372,0.98,0.1,0,0.1,0
1946552,2024-08-30 00:00:00,4,87786,378,0.55,0,0,0,0
1946553,2024-08-30 00:00:00,4,87666,375,0.95,0.22,0,0.22,0
1946554,2024-08-30 00:00:00,6,86828,333,1.16,0,0,0,0
1946555,2024-08-30 00:00:00,7,87934,341,0.43,0,0,0,0
1946556,2024-08-30 00:00:00,7,86573,341,0.23,0,0,0,0
1946557,2024-08-30 00:00:00,7,89501,378,0.5,0,0,0,0
1946558,2024-08-30 00:00:00,10,87866,317,0.86,0.01,0,0.01,0
1946559,2024-08-30 00:00:00,11,89607,316,0.73,0.03,0,0,0.03
1946560,2024-08-30 00:00:00,12,90399,375,9.63,0,0,0,0
1946561,2024-08-30 00:00:00,12,87284,301,1.28,0.05,0,0.05,0
1946562,2024-08-30 00:00:00,12,89015,378,1.75,0.01,0,0.01,0
1946563,2024-08-30 00:00:00,12,89257,329,1.86,0.53,0,0,0.53
1946564,2024-08-30 00:00:00,13,87921,374,0.76,0.01,0,0,0.01
1946565,2024-08-30 00:00:00,12,87786,378,1.11,0,0,0,0
1946566,2024-08-30 00:00:00,13,89208,375,0.73,0.4,0.4,0,0
1946567,2024-08-30 00:00:00,13,86885,374,12.86,220.54,17.56,179.24,23.73
1946568,2024-08-30 00:00:00,14,88122,375,0.36,0,0,0,0
1946569,2024-08-30 00:00:00,14,90144,376,0.5,0,0,0,0
1946570,2024-08-30 00:00:00,14,88038,290,0.56,0.01,0,0,0.01
1946571,2024-08-30 00:00:00,14,89084,374,1.98,1,0,1,0
1946572,2024-08-30 00:00:00,15,90327,372,0.75,0,0,0,0
1946573,2024-08-30 00:00:00,15,89857,372,1.1,0.09,0.03,0.05,0
1946574,2024-08-30 00:00:00,16,87848,358,0.2,0,0,0,0
1946575,2024-08-30 00:00:00,16,89015,378,0.66,0.01,0,0.01,0
1946576,2024-08-30 00:00:00,16,87299,309,0.45,0.04,0,0.04,0
1946577,2024-08-30 00:00:00,16,87489,378,1.33,1.7,0.02,1.67,0
1946578,2024-08-30 00:00:00,16,87435,316,0.55,0.03,0,0.03,0
1946579,2024-08-30 00:00:00,16,88487,378,0.5,0,0,0,0
1946580,2024-08-30 00:00:00,16,89690,334,2.86,0.91,0,0.91,0
1946581,2024-08-30 00:00:00,17,89794,314,0.48,0.05,0,0,0.05
1946582,2024-08-30 00:00:00,17,86562,375,0.68,0.01,0,0.01,0
1946583,2024-08-30 00:00:00,18,87181,341,0.5,0.02,0,0.02,0
1946584,2024-08-30 00:00:00,19,89253,320,0.9,0.01,0.01,0,0
1946585,2024-08-30 00:00:00,19,90319,375,0.78,0.08,0,0,0.08
1946586,2024-08-30 00:00:00,20,86740,374,0.43,0.01,0,0.01,0
1946587,2024-08-30 00:00:00,20,90055,374,2.03,2,0.5,1.5,0
1946588,2024-08-30 00:00:00,20,88954,376,0.75,0,0,0,0
1946589,2024-08-30 00:00:00,20,90055,374,,0.05,0,0.05,0
1946590,2024-08-30 00:00:00,20,88020,290,0.43,0,0,0,0
1946591,2024-08-30 00:00:00,21,89162,376,0.63,0,0,0,0
1946592,2024-08-30 00:00:00,21,89377,320,4.68,6,0,6,0
1946593,2024-08-30 00:00:00,21,87786,378,1.86,0.02,0,0.02,0
1946594,2024-08-30 00:00:00,21,87600,367,0.2,0.02,0,0,0.02
1946595,2024-08-30 00:00:00,22,89120,378,1.45,0.1,0,0.1,0
1946596,2024-08-30 00:00:00,22,88493,374,0.73,0.12,0,0.12,0
1946597,2024-08-30 00:00:00,22,87789,322,0.71,0.03,0,0.03,0
1946598,2024-08-31 00:00:00,0,89162,376,0.73,0,0,0,0
1946599,2024-08-31 00:00:00,0,90093,376,0.63,0.02,0,0.02,0
1946600,2024-08-31 00:00:00,1,89641,378,0.45,0.01,0,0,0.01
1946601,2024-08-31 00:00:00,1,89286,376,0.51,0.03,0,0.03,0
1946602,2024-08-31 00:00:00,2,90344,290,0.51,0,0,0,0
1946603,2024-08-31 00:00:00,3,88954,378,1.75,0,0,0,0
1946604,2024-08-31 00:00:00,4,88798,376,2.23,0.07,0,0.07,0
1946605,2024-08-31 00:00:00,5,87708,376,0.61,0,0,0,0
1946606,2024-08-31 00:00:00,5,89683,317,1.61,1,0,1,0
1946607,2024-08-31 00:00:00,6,86713,369,0.66,0.01,0,0.01,0
1946608,2024-08-31 00:00:00,6,90310,290,0.51,0.3,0,0.3,0
1946609,2024-08-31 00:00:00,8,89087,378,0.61,0.03,0,0.03,0
1946610,2024-08-31 00:00:00,9,86726,375,12.33,1.49,0,1.49,0
1946611,2024-08-31 00:00:00,11,87025,376,0.43,0.01,0,0.01,0
1946612,2024-08-31 00:00:00,11,89909,376,2.4,0.05,0,0.05,0
1946613,2024-08-31 00:00:00,11,87025,376,0.61,0.01,0,0.01,0
1946614,2024-08-31 00:00:00,13,89063,379,0.96,0.03,0.01,0.01,0
1946615,2024-08-31 00:00:00,13,88620,378,0.46,0.05,0,0.05,0
1946616,2024-08-31 00:00:00,14,87859,374,0.75,0.01,0,0.01,0
1946617,2024-08-31 00:00:00,16,89933,378,0.71,0.73,0.73,0,0
1946618,2024-08-31 00:00:00,16,89729,374,0.31,0.01,0.01,0,0
1946619,2024-08-31 00:00:00,16,89253,320,0.81,0.04,0.04,0,0
1946620,2024-08-31 00:00:00,17,88078,288,0.76,0,0,0,0
1946621,2024-08-31 00:00:00,17,87189,379,4,15.5,0,15.5,0
1946622,2024-08-31 00:00:00,17,86746,288,0.61,0,0,0,0
1946623,2024-08-31 00:00:00,17,88874,379,1.9,2.17,0.15,2.02,0
1946624,2024-08-31 00:00:00,17,88357,376,0.7,0.11,0,0.11,0
1946625,2024-08-31 00:00:00,18,90055,379,1.71,1,1,0,0
1946626,2024-08-31 00:00:00,19,87272,376,0.88,2,0,2,0
1946627,2024-08-31 00:00:00,20,89084,379,1.53,2,0,2,0
1946628,2024-08-31 00:00:00,21,89100,320,1.25,1.9,0,1.9,0
1946629,2024-08-31 00:00:00,21,89120,378,1.45,0.1,0,0.1,0
1946630,2024-08-31 00:00:00,22,89241,313,0.45,0.17,0,0,0.17
1946631,2024-08-31 00:00:00,22,88382,288,1.36,0.02,0,0.02,0
1946632,2024-08-31 00:00:00,23,89152,376,0.45,0,0,0,0
1946633,2024-09-01 00:00:00,0,86777,290,0.45,0,0,0,0
1946634,2024-09-01 00:00:00,0,88014,325,0.58,0.01,0.01,0,0
1946635,2024-09-01 00:00:00,2,87074,320,2.66,0.5,0.5,0,0
1946636,2024-09-01 00:00:00,2,88884,374,0.38,0,0,0,0
1946637,2024-09-01 00:00:00,7,89287,376,1.33,0.19,0,0.19,0
1946638,2024-09-01 00:00:00,8,89120,378,1.25,0,0,0,0
1946639,2024-09-01 00:00:00,8,88879,374,1.13,0,0,0,0
1946640,2024-09-01 00:00:00,10,86532,341,0.58,0.03,0,0.03,0
1946641,2024-09-01 00:00:00,12,89068,376,1.15,1.47,0,1.47,0
1946642,2024-09-01 00:00:00,14,89015,376,0.81,0.06,0,0.06,0
1946643,2024-09-01 00:00:00,14,87189,379,2.68,11.27,0,11.27,0
1946644,2024-09-01 00:00:00,14,88579,317,2.16,1,0,1,0
1946645,2024-09-01 00:00:00,14,90163,309,0.51,0.14,0,0.14,0
1946646,2024-09-01 00:00:00,15,88879,379,2,0.02,0,0.02,0
1946647,2024-09-01 00:00:00,15,87474,374,0.36,0.02,0,0.02,0
1946648,2024-09-01 00:00:00,15,90212,290,1.03,0.01,0,0.01,0
1946649,2024-09-01 00:00:00,16,89851,378,0.63,0.11,0,0.11,0
1946650,2024-09-01 00:00:00,16,90168,316,1.3,1.63,0.04,0,1.58
1946651,2024-09-01 00:00:00,15,86963,376,0.55,0,0,0,0
1946652,2024-09-01 00:00:00,16,88998,376,0.3,0.09,0,0,0.09
1946653,2024-09-01 00:00:00,16,87444,317,1.63,1,0,1,0
1946654,2024-09-01 00:00:00,16,90041,374,34.26,813.56,303.05,434.79,75.72
1946655,2024-09-01 00:00:00,16,89731,376,0.85,0.02,0,0,0.02
1946656,2024-09-01 00:00:00,16,87866,317,1.63,0.01,0,0.01,0
1946657,2024-09-01 00:00:00,16,89120,378,0.9,0,0,0,0
1946658,2024-09-01 00:00:00,16,89299,374,2.18,1.39,0,1.39,0
1946659,2024-09-01 00:00:00,16,86654,375,0.51,0,0,0,0
1946660,2024-09-01 00:00:00,16,86560,290,0.3,0.05,0,0,0.05
1946661,2024-09-01 00:00:00,17,87936,329,0.63,0.06,0,0,0.06
1946662,2024-09-01 00:00:00,17,89611,379,0.25,0.02,0,0.02,0
1946663,2024-09-01 00:00:00,17,87074,379,1.26,0.05,0,0.05,0
1946664,2024-09-01 00:00:00,17,87035,344,4.96,7.3,0,7.3,0
1946665,2024-09-01 00:00:00,18,87372,374,1.2,0.1,0.1,0,0
1946666,2024-09-01 00:00:00,18,88046,375,1.31,0.03,0.03,0,0
1946667,2024-09-01 00:00:00,19,87009,375,0.33,0.05,0,0.05,0
1946668,2024-09-01 00:00:00,19,89591,309,0.21,0,0,0,0
1946669,2024-09-01 00:00:00,20,86746,290,0.5,0,0,0,0
1946670,2024-09-01 00:00:00,20,89761,376,0.68,0.01,0,0.01,0
1946671,2024-09-01 00:00:00,21,89587,322,0.33,0.17,0,0.17,0
1946672,2024-09-01 00:00:00,21,88801,375,2.23,0.8,0.4,0.4,0
1946673,2024-09-01 00:00:00,22,90424,378,0.75,0.08,0,0.08,0
1946674,2024-09-01 00:00:00,22,87492,374,0.16,0,0,0,0
1946675,2024-09-01 00:00:00,22,89549,309,3.46,0.03,0,0.03,0
1946676,2024-09-01 00:00:00,23,88602,320,20.83,0.62,0,0.62,0
1946677,2024-09-01 00:00:00,23,89241,309,0.45,0.04,0,0.04,0
1946678,2024-09-01 00:00:00,23,86589,375,0.53,0.01,0,0.01,0
1946679,2024-09-02 00:00:00,0,88875,333,0.5,0,0,0,0
1946680,2024-09-02 00:00:00,0,90399,375,,0.4,0,0.4,0
1946681,2024-09-02 00:00:00,0,88924,314,1.03,0.04,0.02,0.02,0
1946682,2024-09-02 00:00:00,0,89275,325,0.13,0.01,0,0.01,0
1946683,2024-09-02 00:00:00,0,87139,378,0.56,0.05,0,0.05,0
1946684,2024-09-02 00:00:00,1,90178,374,1.5,0.05,0,0.05,0
1946685,2024-09-02 00:00:00,1,89501,378,0.81,0.02,0,0.02,0
1946686,2024-09-02 00:00:00,1,86918,374,1.1,0.2,0,0.2,0
1946687,2024-09-02 00:00:00,2,87354,374,0.61,0.04,0,0.04,0
1946688,2024-09-02 00:00:00,3,88874,320,3.4,11.67,8.7,2.97,0
1946689,2024-09-02 00:00:00,3,87378,378,1.45,0,0,0,0
1946690,2024-09-02 00:00:00,5,86658,341,0.93,0,0,0,0
1946691,2024-09-02 00:00:00,9,88239,378,1.01,0.01,0,0.01,0
1946692,2024-09-02 00:00:00,10,89410,374,0.9,0.32,0,0.32,0
1946693,2024-09-02 00:00:00,13,86972,341,2.76,0.1,0,0.1,0
1946694,2024-09-02 00:00:00,13,89729,374,2.98,1,1,0,0
1946695,2024-09-02 00:00:00,13,89056,378,0.61,0.08,0,0.08,0
1946696,2024-09-02 00:00:00,14,89587,322,0.78,0.29,0,0.29,0
1946697,2024-09-02 00:00:00,14,89591,309,0.3,0,0,0,0
1946698,2024-09-02 00:00:00,14,88469,376,0.48,0,0,0,0
1946699,2024-09-02 00:00:00,15,86615,373,0.58,0.14,0,0.14,0
1946700,2024-09-02 00:00:00,15,88423,346,1.23,3.23,3.23,0,0
1946701,2024-09-02 00:00:00,16,88817,348,1.71,12.38,0,2.17,10.2
1946702,2024-09-02 00:00:00,16,88304,378,0.21,0,0,0,0
1946703,2024-09-02 00:00:00,16,88515,376,0.35,0,0,0,0
1946704,2024-09-02 00:00:00,16,88228,288,1.48,3.12,1.24,1.88,0
1946705,2024-09-02 00:00:00,16,88698,290,0.38,0.01,0,0.01,0
1946706,2024-09-02 00:00:00,17,88876,316,1.15,0.02,0,0.02,0
1946707,2024-09-02 00:00:00,17,87023,341,0.66,2.08,0.17,0,1.9
1946708,2024-09-02 00:00:00,17,86740,374,0.58,0.23,0.15,0.08,0
1946709,2024-09-02 00:00:00,17,89191,359,4.28,8.8,0.01,8.79,0
1946710,2024-09-02 00:00:00,18,89306,376,0.4,0,0,0,0
1946711,2024-09-02 00:00:00,18,86532,332,0.4,0,0,0,0
1946712,2024-09-02 00:00:00,18,89185,378,0.51,0.03,0,0.03,0
1946713,2024-09-02 00:00:00,18,89399,378,0.26,0,0,0,0
1946714,2024-09-02 00:00:00,19,87249,375,0.36,0,0,0,0
1946715,2024-09-02 00:00:00,19,87734,374,1.4,0.05,0,0,0.05
1946716,2024-09-02 00:00:00,19,87691,290,2.46,6.47,0,6.47,0
1946717,2024-09-02 00:00:00,19,88874,320,8.2,21,5,16,0
1946718,2024-09-02 00:00:00,21,89788,375,1.98,3,0,3,0
1946719,2024-09-02 00:00:00,21,89928,374,1.11,0.1,0.05,0.05,0
1946720,2024-09-02 00:00:00,21,88071,376,0.36,0,0,0,0
1946721,2024-09-02 00:00:00,21,89366,319,1.23,0.19,0,0.19,0
1946722,2024-09-02 00:00:00,21,88627,320,23.1,81.07,4.83,75.52,0.7
1946723,2024-09-02 00:00:00,22,88496,374,0.58,0.05,0,0,0.05
1946724,2024-09-02 00:00:00,22,89879,320,2.76,2.6,0,2.6,0
1946725,2024-09-02 00:00:00,23,87786,378,0.61,0,0,0,0
1946726,2024-09-02 00:00:00,23,88304,376,0.26,0,0,0,0
1946727,2024-09-03 00:00:00,0,89136,329,0.6,0.09,0,0,0.09
1946728,2024-09-03 00:00:00,0,88502,375,0.81,0.04,0,0.04,0
1946729,2024-09-03 00:00:00,0,89191,359,2.46,14.74,0.65,13.98,0.1
1946730,2024-09-03 00:00:00,6,88014,378,1.4,0.01,0.01,0,0
1946731,2024-09-03 00:00:00,7,89320,374,0.46,0,0,0,0
1946732,2024-09-03 00:00:00,7,87260,320,1.13,0.36,0,0.16,0.2
1946733,2024-09-03 00:00:00,9,89352,378,1.06,0,0,0,0
1946734,2024-09-03 00:00:00,10,88161,374,0.16,0.01,0,0.01,0
1946735,2024-09-03 00:00:00,10,88239,378,1.43,0.01,0,0.01,0
1946736,2024-09-03 00:00:00,11,88789,378,0.81,0.74,0.22,0.52,0
1946737,2024-09-03 00:00:00,12,90055,374,1.81,1,0.03,0.97,0
1946738,2024-09-03 00:00:00,12,90055,320,4,0.02,0,0.02,0
1946739,2024-09-03 00:00:00,12,86503,288,0.63,0.45,0.45,0,0
1946740,2024-09-03 00:00:00,12,89879,379,0.95,0,0,0,0
1946741,2024-09-03 00:00:00,12,88874,320,0.43,0.5,0,0.5,0
1946742,2024-09-03 00:00:00,13,89043,358,1.55,0.02,0,0.02,0
1946743,2024-09-03 00:00:00,14,87892,374,0.2,0.05,0,0,0.05
1946744,2024-09-03 00:00:00,14,88328,374,2.66,1.79,1.79,0,0
1946745,2024-09-03 00:00:00,14,89591,309,0.53,0.01,0,0,0.01
1946746,2024-09-03 00:00:00,14,86773,286,0.51,0.11,0,0.11,0
1946747,2024-09-03 00:00:00,14,89121,320,2.26,2.8,0,2.8,0
1946748,2024-09-03 00:00:00,14,89928,374,1.1,0.04,0,0.04,0
1946749,2024-09-03 00:00:00,15,89707,290,0.66,0.03,0,0.03,0
1946750,2024-09-03 00:00:00,15,89191,379,4.26,3.69,0.85,2.83,0
1946751,2024-09-03 00:00:00,15,89707,290,0.46,0.04,0,0.04,0
1946752,2024-09-03 00:00:00,15,90319,324,0.18,0,0,0,0
1946753,2024-09-03 00:00:00,15,89313,376,0.46,0.02,0.02,0,0
1946754,2024-09-03 00:00:00,15,86666,375,0.7,0.08,0.08,0,0
1946755,2024-09-03 00:00:00,16,89220,334,0.21,0.03,0,0,0.03
1946756,2024-09-03 00:00:00,16,90212,290,0.48,0.01,0,0.01,0
1946757,2024-09-03 00:00:00,16,90055,379,2.5,1.5,1.5,0,0
1946758,2024-09-03 00:00:00,16,87219,358,0.28,0.01,0,0.01,0
1946759,2024-09-03 00:00:00,17,87139,378,0.33,0.03,0,0.03,0
1946760,2024-09-03 00:00:00,17,87797,375,0.68,0.5,0,0,0.5
1946761,2024-09-03 00:00:00,17,86746,288,0.78,0,0,0,0
1946762,2024-09-03 00:00:00,18,87360,354,0.7,0.03,0,0.03,0
1946763,2024-09-03 00:00:00,18,88078,375,1.3,0.06,0.05,0.01,0
1946764,2024-09-03 00:00:00,19,87786,378,0.51,0.01,0.01,0,0
1946765,2024-09-03 00:00:00,19,88694,288,0.65,0,0,0,0
1946766,2024-09-03 00:00:00,19,87220,376,0.45,0.06,0,0,0.06
1946767,2024-09-03 00:00:00,20,89479,320,34.7,1238.73,84.85,1152.61,1.26
1946768,2024-09-03 00:00:00,20,88935,358,0.71,0,0,0,0
1946769,2024-09-03 00:00:00,21,88071,366,0.23,0.07,0,0,0.07
1946770,2024-09-03 00:00:00,22,88305,374,0.63,0.05,0.01,0.04,0
1946771,2024-09-03 00:00:00,23,86794,320,4.7,6,0,6,0
1946772,2024-09-03 00:00:00,23,89191,359,1.33,0.34,0,0.34,0
1946773,2024-09-04 00:00:00,0,88305,374,1.65,0.04,0.03,0.01,0
1946774,2024-09-04 00:00:00,0,89749,376,0.36,0,0,0,0
1946775,2024-09-04 00:00:00,0,89313,379,0.25,0,0,0,0
1946776,2024-09-04 00:00:00,0,87349,374,3.66,1,1,0,0
1946777,2024-09-04 00:00:00,1,89377,320,4.05,8,0,8,0
1946778,2024-09-04 00:00:00,2,87428,317,0.65,0.04,0,0.04,0
1946779,2024-09-04 00:00:00,4,89928,374,2.11,0.08,0.08,0,0
1946780,2024-09-04 00:00:00,5,88703,290,0.36,0.01,0,0.01,0
1946781,2024-09-04 00:00:00,7,88287,374,1.43,0.01,0.01,0,0
1946782,2024-09-04 00:00:00,8,89920,375,1.56,14.71,4.95,9.7,0.04
1946783,2024-09-04 00:00:00,10,88584,345,7.13,0,0,0,0
1946784,2024-09-04 00:00:00,10,89997,320,0.91,0.08,0,0.08,0
1946785,2024-09-04 00:00:00,11,87786,378,0.7,0.36,0.36,0,0
1946786,2024-09-04 00:00:00,11,87795,374,0.75,0.5,0,0.5,0
1946787,2024-09-04 00:00:00,12,86498,374,8.73,59.07,53.2,0.56,5.31
1946788,2024-09-04 00:00:00,11,89377,320,14.91,212.02,3.61,207.07,1.33
1946789,2024-09-04 00:00:00,12,89167,358,0.63,0.03,0,0,0.03
1946790,2024-09-04 00:00:00,12,88322,319,0.26,0.01,0,0,0.01
1946791,2024-09-04 00:00:00,12,89402,375,1.41,1.16,0.58,0.58,0
1946792,2024-09-04 00:00:00,12,87096,290,0.23,0.05,0,0,0.05
1946793,2024-09-04 00:00:00,12,88969,375,0.75,0,0,0,0
1946794,2024-09-04 00:00:00,12,88995,374,1.66,0.02,0,0,0.02
1946795,2024-09-04 00:00:00,13,88897,329,0.4,0,0,0,0
1946796,2024-09-04 00:00:00,13,87866,317,2.16,0,0,0,0
1946797,2024-09-04 00:00:00,13,86894,375,0.78,0.01,0,0.01,0
1946798,2024-09-04 00:00:00,13,87867,319,2.06,0.16,0,0.16,0
1946799,2024-09-04 00:00:00,14,88553,374,5.43,12.09,11.56,0,0.53
1946800,2024-09-04 00:00:00,14,90331,358,1.31,0,0,0,0
1946801,2024-09-04 00:00:00,14,88823,316,0.05,0,0,0,0
1946802,2024-09-04 00:00:00,14,88014,378,2.05,2.13,1.94,0,0.18
1946803,2024-09-04 00:00:00,14,89530,346,0.78,0.01,0,0.01,0
1946804,2024-09-04 00:00:00,15,86723,374,3.08,0.88,0.88,0,0
1946805,2024-09-04 00:00:00,15,86560,290,1.7,0.33,0,0.33,0
1946806,2024-09-04 00:00:00,15,89159,378,0.4,0.04,0,0.04,0
1946807,2024-09-04 00:00:00,15,88579,375,2.68,369.13,0.79,368.34,0
1946808,2024-09-04 00:00:00,15,88078,379,21.6,194.29,23.24,170.14,0.9
1946809,2024-09-04 00:00:00,15,88874,379,1.71,0.01,0,0.01,0
1946810,2024-09-04 00:00:00,16,86603,349,4.51,25.11,25.11,0,0
1946811,2024-09-04 00:00:00,16,86729,374,5.53,4.75,4.75,0,0
1946812,2024-09-04 00:00:00,16,87867,378,0.75,0.09,0,0.09,0
1946813,2024-09-04 00:00:00,16,89951,320,2.55,0.2,0,0.2,0
1946814,2024-09-04 00:00:00,16,89809,374,2.08,0.4,0.3,0,0.1
1946815,2024-09-04 00:00:00,16,87794,378,1.45,0.5,0.03,0.4,0.05
1946816,2024-09-04 00:00:00,16,88195,374,0.5,0,0,0,0
1946817,2024-09-04 00:00:00,16,89214,313,0.96,0.05,0.05,0,0
1946818,2024-09-04 00:00:00,16,89191,379,0.7,0.2,0.2,0,0
1946819,2024-09-04 00:00:00,16,89557,375,4.81,0.45,0,0.45,0
1946820,2024-09-04 00:00:00,17,87712,376,0.61,0,0,0,0
1946821,2024-09-04 00:00:00,17,89928,379,1.31,0.25,0.25,0,0
1946822,2024-09-04 00:00:00,17,87907,314,0.5,0.04,0,0.04,0
1946823,2024-09-04 00:00:00,17,89218,316,1.85,1.76,0.02,0,1.73
1946824,2024-09-04 00:00:00,17,87859,374,1.01,0.1,0,0.1,0
1946825,2024-09-04 00:00:00,17,90388,324,0.51,0.02,0,0,0.02
1946826,2024-09-04 00:00:00,17,89463,328,0.26,0,0,0,0
1946827,2024-09-04 00:00:00,18,88891,334,0.6,0.19,0,0,0.19
1946828,2024-09-04 00:00:00,18,89121,379,2.31,2,0,2,0
1946829,2024-09-04 00:00:00,18,86744,379,0.33,0,0,0,0
1946830,2024-09-04 00:00:00,18,89120,376,0.68,0.05,0,0.05,0
1946831,2024-09-04 00:00:00,18,87096,290,0.46,0.01,0,0.01,0
1946832,2024-09-04 00:00:00,18,86551,378,0.53,0.02,0,0.02,0
1946833,2024-09-04 00:00:00,19,90055,317,1.1,0.05,0,0.05,0
1946834,2024-09-04 00:00:00,19,87950,376,0.63,13.03,0,0.11,12.92
1946835,2024-09-04 00:00:00,19,87040,375,1.3,0.25,0.25,0,0
1946836,2024-09-04 00:00:00,19,89318,376,0.78,0.05,0,0.05,0
1946837,2024-09-04 00:00:00,20,87294,374,8.95,22.27,21.09,0,1.18
1946838,2024-09-04 00:00:00,20,90001,313,2.88,2.97,2.53,0.38,0.05
1946839,2024-09-04 00:00:00,20,87831,378,0.45,0.1,0,0.1,0
1946840,2024-09-04 00:00:00,20,89341,376,0.31,0.01,0,0.01,0
1946841,2024-09-04 00:00:00,20,89450,376,0.28,0.01,0,0.01,0
1946842,2024-09-04 00:00:00,21,87290,375,2.38,0.03,0,0.03,0
1946843,2024-09-04 00:00:00,21,89928,379,5.15,8,8,0,0
1946844,2024-09-04 00:00:00,22,87419,374,0.78,0.04,0,0.04,0
1946845,2024-09-04 00:00:00,22,87310,374,1.05,0.45,0,0.45,0
1946846,2024-09-04 00:00:00,22,87139,378,0.73,0.03,0,0.03,0
1946847,2024-09-04 00:00:00,22,88535,359,10.4,13.37,0.64,12.72,0
1946848,2024-09-04 00:00:00,23,88199,375,0.98,0.02,0,0.02,0
1946849,2024-09-04 00:00:00,23,89729,320,1.66,0.7,0,0.7,0
1946850,2024-09-04 00:00:00,23,88696,374,1.81,0.38,0.38,0,0
1946851,2024-09-04 00:00:00,23,86723,379,2.08,0.51,0.51,0,0
1946852,2024-09-05 00:00:00,0,87428,317,1.96,0.01,0,0.01,0
1946853,2024-09-05 00:00:00,1,90434,376,0.4,0,0,0,0
1946854,2024-09-05 00:00:00,1,90031,376,1.26,0.08,0,0.08,0
1946855,2024-09-05 00:00:00,1,89472,288,1.11,0.03,0,0.03,0
1946856,2024-09-05 00:00:00,2,87303,319,7.05,33.28,1.29,31.99,0
1946857,2024-09-05 00:00:00,2,88706,320,3.51,4.4,0,4.4,0
1946858,2024-09-05 00:00:00,3,89313,376,0.95,0.03,0.03,0,0
1946859,2024-09-05 00:00:00,3,89156,375,31.08,110.26,1.4,108.85,0
1946860,2024-09-05 00:00:00,4,89313,376,0.26,0,0,0,0
1946861,2024-09-05 00:00:00,5,89015,378,0.85,0.02,0.02,0,0
1946862,2024-09-05 00:00:00,5,88415,374,2.68,1,0.35,0.65,0
1946863,2024-09-05 00:00:00,6,86689,288,3.2,0.73,0,0.73,0
1946864,2024-09-05 00:00:00,6,87974,374,2.98,1.99,1.99,0,0
1946865,2024-09-05 00:00:00,7,89450,376,0.6,0.01,0,0.01,0
1946866,2024-09-05 00:00:00,7,87136,375,1.15,0.5,0,0.5,0
1946867,2024-09-05 00:00:00,8,90151,376,1.16,0,0,0,0
1946868,2024-09-05 00:00:00,8,88304,379,0.41,0,0,0,0
1946869,2024-09-05 00:00:00,8,89267,288,0.45,0.02,0,0.02,0
1946870,2024-09-05 00:00:00,9,87148,379,1.36,1,0,1,0
1946871,2024-09-05 00:00:00,9,87893,322,0.51,0.01,0,0.01,0
1946872,2024-09-05 00:00:00,9,86813,341,0.58,0,0,0,0
1946873,2024-09-05 00:00:00,10,87350,375,0.48,0.04,0.04,0,0
1946874,2024-09-05 00:00:00,10,87460,376,0.85,0.03,0,0.03,0
1946875,2024-09-05 00:00:00,11,87283,334,0.46,0,0,0,0
1946876,2024-09-05 00:00:00,11,87188,341,0.81,0,0,0,0
1946877,2024-09-05 00:00:00,11,87349,379,0.73,0.03,0.02,0.01,0
1946878,2024-09-05 00:00:00,12,87139,378,0.33,0.02,0,0.02,0
1946879,2024-09-05 00:00:00,12,87664,379,0.3,0,0,0,0
1946880,2024-09-05 00:00:00,12,87056,290,0.66,0,0,0,0
1946881,2024-09-05 00:00:00,13,87795,379,1.06,0.02,0,0.02,0
1946882,2024-09-05 00:00:00,13,90017,378,0.7,0.36,0,0,0.36
1946883,2024-09-05 00:00:00,14,87629,374,0.8,0.3,0.3,0,0
1946884,2024-09-05 00:00:00,14,90279,316,1.11,2.88,0,2.81,0.06
1946885,2024-09-05 00:00:00,14,87428,317,0.7,0.01,0,0.01,0
1946886,2024-09-05 00:00:00,15,88044,317,0.93,0.3,0,0.3,0
1946887,2024-09-05 00:00:00,15,89313,378,0.16,0,0,0,0
1946888,2024-09-05 00:00:00,15,88527,317,1.18,0.5,0,0.5,0
1946889,2024-09-05 00:00:00,15,89538,376,1.31,0.08,0,0.08,0
1946890,2024-09-05 00:00:00,15,90077,375,1.35,0,0,0,0
1946891,2024-09-05 00:00:00,16,89821,318,0.68,0.03,0,0.03,0
1946892,2024-09-05 00:00:00,16,87096,290,0.51,0.06,0,0,0.06
1946893,2024-09-05 00:00:00,16,86807,379,0.51,0,0,0,0
1946894,2024-09-05 00:00:00,16,89601,329,1.6,0.05,0,0,0.05
1946895,2024-09-05 00:00:00,16,89196,290,1.28,0.13,0,0,0.13
1946896,2024-09-05 00:00:00,17,88158,317,1.55,1,1,0,0
1946897,2024-09-05 00:00:00,17,89762,376,0.56,0.25,0,0.25,0
1946898,2024-09-05 00:00:00,17,90161,290,1,0.01,0,0,0.01
1946899,2024-09-05 00:00:00,17,87246,290,1.18,0.3,0,0.3,0
1946900,2024-09-05 00:00:00,17,87734,376,7.43,15.51,11.86,1.16,2.49
1946901,2024-09-05 00:00:00,18,88254,376,1.48,0.35,0,0.25,0.09
1946902,2024-09-05 00:00:00,17,88304,376,0.76,0,0,0,0
1946903,2024-09-05 00:00:00,18,88714,317,1.7,0.66,0,0.66,0
1946904,2024-09-05 00:00:00,18,88404,375,0.25,0.05,0,0.05,0
1946905,2024-09-05 00:00:00,18,87272,375,1.15,0.25,0,0.25,0
1946906,2024-09-05 00:00:00,18,89286,375,1.01,0.03,0,0.03,0
1946907,2024-09-05 00:00:00,18,87786,378,0.86,0.05,0.05,0,0
1946908,2024-09-05 00:00:00,18,87204,290,0.5,0.01,0,0.01,0
1946909,2024-09-05 00:00:00,19,87049,374,1.31,0,0,0,0
1946910,2024-09-05 00:00:00,19,87540,375,1.38,0,0,0,0
1946911,2024-09-05 00:00:00,19,87847,378,0.33,0,0,0,0
1946912,2024-09-05 00:00:00,19,87972,378,0.83,0.1,0,0.1,0
1946913,2024-09-05 00:00:00,19,89501,378,1.96,0.33,0,0,0.33
1946914,2024-09-05 00:00:00,19,87972,378,1.56,0,0,0,0
1946915,2024-09-05 00:00:00,19,87900,366,0.36,0,0,0,0
1946916,2024-09-05 00:00:00,20,87025,376,0.78,0.03,0,0.03,0
1946917,2024-09-05 00:00:00,20,88049,319,0.95,0.01,0,0,0.01
1946918,2024-09-05 00:00:00,20,86911,376,0.91,0.58,0,0.58,0
1946919,2024-09-05 00:00:00,20,90378,375,3.51,1.4,1.35,0,0.04
1946920,2024-09-05 00:00:00,20,88686,376,0.65,0.01,0,0.01,0
1946921,2024-09-05 00:00:00,21,90097,341,0.35,0,0,0,0
1946922,2024-09-05 00:00:00,21,86546,374,7.23,18.5,5.83,12.66,0
1946923,2024-09-05 00:00:00,21,87150,378,0.38,0,0,0,0
1946924,2024-09-05 00:00:00,21,89612,345,1.56,7.51,0,7.51,0
1946925,2024-09-05 00:00:00,21,88978,374,0.53,0,0,0,0
1946926,2024-09-05 00:00:00,22,88748,376,0.95,0.03,0,0,0.03
1946927,2024-09-05 00:00:00,22,88038,290,0.28,0,0,0,0
1946928,2024-09-05 00:00:00,22,89796,288,2.75,0.7,0,0.7,0
1946929,2024-09-05 00:00:00,22,88750,319,0.76,0,0,0,0
1946930,2024-09-05 00:00:00,22,88769,359,11.45,39.06,7.29,31.76,0
1946931,2024-09-05 00:00:00,22,87305,378,1.26,0.06,0,0.06,0
1946932,2024-09-05 00:00:00,23,87629,379,0.6,0,0,0,0
1946933,2024-09-05 00:00:00,23,89081,375,1.55,0.07,0,0.07,0
1946934,2024-09-05 00:00:00,23,87139,378,0.43,0.01,0,0.01,0
1946935,2024-09-06 00:00:00,0,87859,374,0.66,0,0,0,0
1946936,2024-09-06 00:00:00,0,90239,372,0.53,0.39,0.39,0,0
1946937,2024-09-06 00:00:00,1,86572,378,2.35,1.87,1.87,0,0
1946938,2024-09-06 00:00:00,2,89538,376,1.43,0.07,0,0.07,0
1946939,2024-09-06 00:00:00,4,89226,374,2.35,0.33,0.2,0.13,0
1946940,2024-09-06 00:00:00,7,88305,376,0.63,0.03,0,0.03,0
1946941,2024-09-06 00:00:00,10,90049,341,0.88,0,0,0,0
1946942,2024-09-06 00:00:00,11,87460,379,1.16,0.04,0,0.04,0
1946943,2024-09-06 00:00:00,12,89749,333,0.3,0,0,0,0
1946944,2024-09-06 00:00:00,12,89989,309,0.45,1.02,0,0,1.02
1946945,2024-09-06 00:00:00,13,89910,376,0.6,0.9,0,0.32,0.57
1946946,2024-09-06 00:00:00,14,90340,376,0.45,0.06,0,0.06,0
1946947,2024-09-06 00:00:00,14,88619,345,0.86,0.11,0,0,0.11
1946948,2024-09-06 00:00:00,14,90329,309,1.15,0.07,0,0,0.07
1946949,2024-09-06 00:00:00,14,86810,306,0.91,0.01,0,0.01,0
1946950,2024-09-06 00:00:00,15,87933,333,1.15,0.02,0,0,0.02
1946951,2024-09-06 00:00:00,14,89139,376,0.93,0.59,0,0.59,0
1946952,2024-09-06 00:00:00,15,89715,352,1.4,0.07,0,0.07,0
1946953,2024-09-06 00:00:00,15,86807,379,0.68,0.28,0.1,0.18,0
1946954,2024-09-06 00:00:00,15,89540,316,0.66,1,0,1,0
1946955,2024-09-06 00:00:00,17,88977,376,0.2,0.1,0,0.1,0
1946956,2024-09-06 00:00:00,17,88750,374,0.01,0.3,0.27,0,0.02
1946957,2024-09-06 00:00:00,18,89346,374,0.35,0.01,0,0.01,0
1946958,2024-09-06 00:00:00,18,86993,376,3.46,3.16,0,3.16,0
1946959,2024-09-06 00:00:00,19,87204,291,0.28,0,0,0,0
1946960,2024-09-06 00:00:00,19,89639,374,0.33,0.02,0,0,0.02
1946961,2024-09-06 00:00:00,19,87249,375,0.68,0.16,0.13,0,0.03
1946962,2024-09-06 00:00:00,19,89135,376,0.43,0.03,0,0.03,0
1946963,2024-09-06 00:00:00,20,86998,376,0.25,0,0,0,0
1946964,2024-09-06 00:00:00,20,88852,373,0.91,0.1,0,0,0.1
1946965,2024-09-06 00:00:00,20,87781,374,6.91,22,0,22,0
1946966,2024-09-06 00:00:00,21,88809,375,0.91,0.01,0,0.01,0
1946967,2024-09-06 00:00:00,22,89178,375,0.78,0.19,0.19,0,0
1946968,2024-09-06 00:00:00,23,89635,374,0.23,0,0,0,0
1946969,2024-09-06 00:00:00,23,89063,379,0.46,0.01,0,0.01,0
1946970,2024-09-06 00:00:00,23,87023,375,0.38,0.02,0.02,0,0
1946971,2024-09-07 00:00:00,0,90144,378,0.83,0,0,0,0
1946972,2024-09-07 00:00:00,2,87628,376,1.36,0,0,0,0
1946973,2024-09-07 00:00:00,2,89267,288,1.05,0,0,0,0
1946974,2024-09-07 00:00:00,3,87310,374,1.03,0.01,0,0.01,0
1946975,2024-09-07 00:00:00,4,87774,374,1.03,0.31,0.31,0,0
1946976,2024-09-07 00:00:00,8,88635,309,0.78,0,0,0,0
1946977,2024-09-07 00:00:00,10,87937,347,0.31,0,0,0,0
1946978,2024-09-07 00:00:00,12,87338,314,0.51,0.03,0,0,0.03
1946979,2024-09-07 00:00:00,13,87451,309,0.01,0,0,0,0
1946980,2024-09-07 00:00:00,13,86993,379,1.33,0.02,0,0.02,0
1946981,2024-09-07 00:00:00,14,87914,352,0.31,0.01,0,0,0.01
1946982,2024-09-07 00:00:00,14,88408,334,0.55,0.01,0,0.01,0
1946983,2024-09-07 00:00:00,16,87877,319,0.25,0.2,0,0,0.2
1946984,2024-09-07 00:00:00,17,90270,375,0.31,0.1,0,0,0.1
1946985,2024-09-07 00:00:00,17,88071,341,0.53,0.13,0,0,0.13
1946986,2024-09-07 00:00:00,17,87897,378,0.8,0,0,0,0
1946987,2024-09-07 00:00:00,17,89261,317,0.41,0,0,0,0
1946988,2024-09-07 00:00:00,18,90097,374,0.88,0.19,0,0.19,0
1946989,2024-09-07 00:00:00,18,89757,375,0.45,0.01,0,0.01,0
1946990,2024-09-07 00:00:00,18,90345,317,3.05,0.16,0,0.16,0
1946991,2024-09-07 00:00:00,19,87713,378,0.4,0.06,0,0,0.06
1946992,2024-09-07 00:00:00,19,87950,341,0.68,7.76,0,0.91,6.84
1946993,2024-09-07 00:00:00,19,88105,375,0.46,0.01,0,0,0.01
1946994,2024-09-07 00:00:00,19,88533,378,0.28,0,0,0,0
1946995,2024-09-07 00:00:00,20,89757,333,1.08,0,0,0,0
1946996,2024-09-07 00:00:00,21,90394,375,0.65,0.08,0,0,0.08
1946997,2024-09-07 00:00:00,23,88071,367,0.16,0.03,0,0,0.03
1946998,2024-09-07 00:00:00,23,86716,378,1.11,0.02,0,0.02,0
1946999,2024-09-08 00:00:00,1,86527,375,2.55,0.01,0.01,0,0
1947000,2024-09-08 00:00:00,3,86620,375,0.3,0.05,0,0.05,0
1947001,2024-09-08 00:00:00,3,86746,290,1.01,0.05,0,0,0.05
1947002,2024-09-08 00:00:00,10,88369,376,0.18,0,0,0,0
1947003,2024-09-08 00:00:00,11,89987,334,1.18,0.04,0,0.04,0
1947004,2024-09-08 00:00:00,11,89079,320,0.51,0.1,0,0.1,0
1947005,2024-09-08 00:00:00,11,87447,375,1.1,1.07,0,1.07,0
1947006,2024-09-08 00:00:00,11,87979,376,0.6,0.1,0.1,0,0
1947007,2024-09-08 00:00:00,12,89526,376,0.63,0.1,0,0.1,0
1947008,2024-09-08 00:00:00,12,89420,344,0.26,0.03,0,0.03,0
1947009,2024-09-08 00:00:00,13,90345,379,0.71,0.2,0,0.2,0
1947010,2024-09-08 00:00:00,14,86673,311,0.75,0.23,0,0.23,0
1947011,2024-09-08 00:00:00,14,89859,358,0.65,0.09,0,0.09,0
1947012,2024-09-08 00:00:00,14,90235,375,3.66,63.24,39.4,5.95,17.88
1947013,2024-09-08 00:00:00,15,88892,376,0.81,0.09,0,0.09,0
1947014,2024-09-08 00:00:00,15,87157,376,0.61,1.53,1.53,0,0
1947015,2024-09-08 00:00:00,15,87350,334,0.08,0,0,0,0
1947016,2024-09-08 00:00:00,15,89094,374,0.35,0.02,0.02,0,0
1947017,2024-09-08 00:00:00,15,87325,374,1.33,0.21,0,0.21,0
1947018,2024-09-08 00:00:00,16,87357,341,0.18,0.02,0,0,0.02
1947019,2024-09-08 00:00:00,16,88487,378,1.28,0,0,0,0
1947020,2024-09-08 00:00:00,16,89349,358,0.33,0.03,0,0.03,0
1947021,2024-09-08 00:00:00,17,88497,372,1.13,0.04,0.04,0,0
1947022,2024-09-08 00:00:00,17,86835,376,0.43,0.36,0,0.36,0
1947023,2024-09-08 00:00:00,17,86947,376,0.36,0.01,0,0.01,0
1947024,2024-09-08 00:00:00,17,90327,359,0.95,0.01,0.01,0,0
1947025,2024-09-08 00:00:00,17,86898,341,0.43,0.05,0,0,0.05
1947026,2024-09-08 00:00:00,17,88098,378,0.48,0.01,0,0.01,0
1947027,2024-09-08 00:00:00,18,90238,322,1.23,0.1,0,0.1,0
1947028,2024-09-08 00:00:00,18,87963,374,1.01,0.2,0,0.2,0
1947029,2024-09-08 00:00:00,18,86934,374,0.66,0.01,0,0.01,0
1947030,2024-09-08 00:00:00,18,87233,374,0.81,0.08,0,0,0.08
1947031,2024-09-08 00:00:00,19,88018,374,0.15,0,0,0,0
1947032,2024-09-08 00:00:00,21,88071,376,0.5,0.67,0,0,0.67
1947033,2024-09-09 00:00:00,1,87010,375,0.78,1.3,0,0.61,0.69
1947034,2024-09-09 00:00:00,1,88638,375,0.6,0.22,0,0.02,0.2
1947035,2024-09-09 00:00:00,2,87629,374,0.98,0.01,0,0.01,0
1947036,2024-09-09 00:00:00,2,87928,375,1.61,1.69,0,1.68,0
1947037,2024-09-09 00:00:00,3,88533,378,0.8,0,0,0,0
1947038,2024-09-09 00:00:00,5,87388,299,2.05,0,0,0,0
1947039,2024-09-09 00:00:00,6,87753,317,1.98,0,0,0,0
1947040,2024-09-09 00:00:00,8,88243,378,1.25,0.02,0.02,0,0
1947041,2024-09-09 00:00:00,10,88046,319,1.58,0.12,0,0,0.12
1947042,2024-09-09 00:00:00,10,88892,375,0.41,0,0,0,0
1947043,2024-09-09 00:00:00,12,89295,309,0.38,0.06,0,0,0.06
1947044,2024-09-09 00:00:00,12,90223,374,1.36,0,0,0,0
1947045,2024-09-09 00:00:00,12,88071,366,0.2,0.39,0,0,0.39
1947046,2024-09-09 00:00:00,13,89458,316,0.36,0.01,0,0,0.01
1947047,2024-09-09 00:00:00,13,88714,317,0.96,0.01,0,0.01,0
1947048,2024-09-09 00:00:00,13,88527,374,1.21,0,0,0,0
1947049,2024-09-09 00:00:00,13,88406,358,0.48,0.02,0,0.02,0
1947050,2024-09-09 00:00:00,14,87942,376,0.28,0.01,0,0.01,0
1947051,2024-09-09 00:00:00,14,86840,319,1.21,0.1,0,0.1,0
1947052,2024-09-09 00:00:00,14,86547,374,0.78,0,0,0,0
1947053,2024-09-09 00:00:00,14,89019,319,1.65,0.18,0,0,0.18
1947054,2024-09-09 00:00:00,15,86807,379,1.55,0.35,0,0.35,0
1947055,2024-09-09 00:00:00,16,86545,372,0.55,0.04,0,0.04,0
1947056,2024-09-09 00:00:00,16,88158,379,0.35,0.11,0.11,0,0
1947057,2024-09-09 00:00:00,16,87129,374,0.43,0.01,0,0.01,0
1947058,2024-09-09 00:00:00,16,89252,319,0.78,0,0,0,0
1947059,2024-09-09 00:00:00,16,89152,376,0.31,0.01,0,0.01,0
1947060,2024-09-09 00:00:00,17,88708,376,1.16,0.22,0,0.22,0
1947061,2024-09-09 00:00:00,17,88992,378,0.26,0.03,0,0,0.03
1947062,2024-09-09 00:00:00,17,86547,317,1.05,0,0,0,0
1947063,2024-09-09 00:00:00,17,87025,376,0.48,0.01,0,0.01,0
1947064,2024-09-09 00:00:00,18,87233,375,0.91,0.44,0,0,0.44
1947065,2024-09-09 00:00:00,18,89951,320,1.18,0.5,0,0.5,0
1947066,2024-09-09 00:00:00,19,87557,378,0.91,0,0,0,0
1947067,2024-09-09 00:00:00,21,87338,375,0.25,0,0,0,0
1947068,2024-09-09 00:00:00,21,87668,375,1.05,0.2,0,0.2,0
1947069,2024-09-09 00:00:00,23,87170,332,0.56,0,0,0,0
1947070,2024-09-10 00:00:00,0,89254,378,1.11,0,0,0,0
1947071,2024-09-10 00:00:00,8,89493,378,0.46,0,0,0,0
1947072,2024-09-10 00:00:00,10,89153,378,0.88,0.05,0,0.05,0
1947073,2024-09-10 00:00:00,11,87816,319,0.43,0.05,0,0,0.05
1947074,2024-09-10 00:00:00,11,89912,316,0.38,0.1,0,0.1,0
1947075,2024-09-10 00:00:00,11,88884,374,1.38,0.85,0.2,0.65,0
1947076,2024-09-10 00:00:00,13,87183,320,0.7,0.9,0,0.9,0
1947077,2024-09-10 00:00:00,14,90192,374,0.18,0,0,0,0
1947078,2024-09-10 00:00:00,14,88238,374,0.38,0,0,0,0
1947079,2024-09-10 00:00:00,14,90357,300,2.55,1.35,0.63,0,0.71
1947080,2024-09-10 00:00:00,14,86482,309,1.26,0.61,0,0.6,0
1947081,2024-09-10 00:00:00,15,88243,379,1.21,0.22,0.22,0,0
1947082,2024-09-10 00:00:00,15,89755,351,0.53,0.22,0,0,0.22
1947083,2024-09-10 00:00:00,15,87867,379,0.53,0.06,0,0.06,0
1947084,2024-09-10 00:00:00,15,90127,374,0.61,0.1,0,0,0.1
1947085,2024-09-10 00:00:00,15,88078,375,0.28,0,0,0,0
1947086,2024-09-10 00:00:00,16,87126,288,0.45,0.01,0,0.01,0
1947087,2024-09-10 00:00:00,16,87914,376,1.18,0.02,0,0,0.02
1947088,2024-09-10 00:00:00,16,89678,368,4.65,11.8,7.48,4.31,0
1947089,2024-09-10 00:00:00,16,86989,319,0.2,0.07,0,0,0.07
1947090,2024-09-10 00:00:00,16,87299,374,0.46,0.05,0.05,0,0
1947091,2024-09-10 00:00:00,17,86664,333,0.26,0,0,0,0
1947092,2024-09-10 00:00:00,17,88381,378,0.6,0.06,0,0.06,0
1947093,2024-09-10 00:00:00,17,87783,374,0.35,0.38,0,0,0.38
1947094,2024-09-10 00:00:00,17,89122,288,1.36,0.14,0,0,0.14
1947095,2024-09-10 00:00:00,18,89678,359,5.78,12.26,8,4.26,0
1947096,2024-09-10 00:00:00,18,89678,302,3.03,0.7,0.7,0,0
1947097,2024-09-10 00:00:00,18,89147,378,0.48,0.02,0,0.02,0
1947098,2024-09-10 00:00:00,18,87049,321,0.48,0.09,0,0,0.09
1947099,2024-09-10 00:00:00,18,88648,378,0.41,1,0,1,0
1947100,2024-09-10 00:00:00,19,89944,375,0.6,0.03,0.02,0.01,0
1947101,2024-09-10 00:00:00,19,86986,376,1.5,0,0,0,0
1947102,2024-09-10 00:00:00,21,88972,378,0.46,0,0,0,0
1947103,2024-09-10 00:00:00,21,87893,374,0.83,1.5,0,1.5,0
1947104,2024-09-10 00:00:00,23,87349,374,0.38,0.03,0.03,0,0
1947105,2024-09-10 00:00:00,23,89567,317,2.1,1.36,1.36,0,0
1947106,2024-09-10 00:00:00,23,90341,319,0.78,0.01,0,0,0.01
1947107,2024-09-11 00:00:00,1,90005,372,1.08,0.64,0.64,0,0
1947108,2024-09-11 00:00:00,2,88696,374,0.71,0.01,0,0.01,0
1947109,2024-09-11 00:00:00,10,87858,374,2.3,1,0.5,0.5,0
1947110,2024-09-11 00:00:00,11,88461,319,0.76,0.1,0,0.1,0
1947111,2024-09-11 00:00:00,11,89293,374,0.26,0.14,0,0.14,0
1947112,2024-09-11 00:00:00,11,88194,374,0.75,0,0,0,0
1947113,2024-09-11 00:00:00,11,88022,378,1.63,0,0,0,0
1947114,2024-09-11 00:00:00,11,87867,379,0.93,0,0,0,0
1947115,2024-09-11 00:00:00,12,88457,378,0.41,0.1,0,0.1,0
1947116,2024-09-11 00:00:00,12,90212,290,0.4,0.01,0,0.01,0
1947117,2024-09-11 00:00:00,12,89729,379,0.6,0.05,0.05,0,0
1947118,2024-09-11 00:00:00,12,88383,345,31.13,813.9,803.3,7.53,3.06
1947119,2024-09-11 00:00:00,13,88242,374,1.7,0,0,0,0
1947120,2024-09-11 00:00:00,13,86962,374,1.46,0.14,0.14,0,0
1947121,2024-09-11 00:00:00,13,88304,376,0.55,0.02,0,0,0.02
1947122,2024-09-11 00:00:00,13,89821,373,2.43,0.1,0.1,0,0
1947123,2024-09-11 00:00:00,13,88187,374,1.03,0.85,0,0.85,0
1947124,2024-09-11 00:00:00,13,88520,367,0.8,0.13,0,0,0.13
1947125,2024-09-11 00:00:00,14,87359,348,2,3.51,1.92,1.58,0
1947126,2024-09-11 00:00:00,14,89402,375,2.91,1.8,0.6,1,0.2
1947127,2024-09-11 00:00:00,14,89862,333,0.35,0.02,0,0,0.02
1947128,2024-09-11 00:00:00,14,87349,379,1.36,0.5,0,0.5,0
1947129,2024-09-11 00:00:00,14,89538,341,1.16,0.05,0,0.05,0
1947130,2024-09-11 00:00:00,14,90403,378,0.23,0.1,0,0.1,0
1947131,2024-09-11 00:00:00,14,88406,376,1.7,0.11,0,0,0.11
1947132,2024-09-11 00:00:00,15,87909,375,0.68,0.2,0.2,0,0
1947133,2024-09-11 00:00:00,15,90048,370,8.93,50.86,47.04,0,3.82
1947134,2024-09-11 00:00:00,15,89072,316,1.08,0.05,0,0,0.05
1947135,2024-09-11 00:00:00,15,88702,350,6.48,40.8,40.8,0,0
1947136,2024-09-11 00:00:00,15,87827,319,0.33,0,0,0,0
1947137,2024-09-11 00:00:00,16,87656,347,0.43,0.02,0,0,0.02
1947138,2024-09-11 00:00:00,16,89796,372,1.15,0.24,0,0.24,0
1947139,2024-09-11 00:00:00,16,87648,313,2.51,0.34,0,0.34,0
1947140,2024-09-11 00:00:00,16,88690,309,0.58,0.11,0,0,0.11
1947141,2024-09-11 00:00:00,16,88648,378,0.81,0.1,0,0.1,0
1947142,2024-09-11 00:00:00,16,88992,348,4,3.89,3.89,0,0
1947143,2024-09-11 00:00:00,17,89892,378,0.6,0.1,0,0.1,0
1947144,2024-09-11 00:00:00,17,89134,322,1.26,1.13,0,0.66,0.46
1947145,2024-09-11 00:00:00,17,86562,375,3.68,5.83,5.76,0,0.06
1947146,2024-09-11 00:00:00,17,87330,375,1.6,0.38,0,0,0.38
1947147,2024-09-11 00:00:00,18,89644,333,1.46,0.66,0.66,0,0
1947148,2024-09-11 00:00:00,19,89571,375,1.8,0.42,0.31,0.11,0
1947149,2024-09-11 00:00:00,19,89737,345,3.16,18.6,18.6,0,0
1947150,2024-09-11 00:00:00,19,88118,377,0.81,0.01,0.01,0,0
1947151,2024-09-11 00:00:00,19,89340,375,1.83,0.03,0,0,0.03
1947152,2024-09-11 00:00:00,20,88562,309,0.28,0.01,0,0.01,0
1947153,2024-09-11 00:00:00,20,87178,309,1.81,0.24,0,0.24,0
1947154,2024-09-11 00:00:00,20,87828,375,0.5,0.05,0.02,0.02,0
1947155,2024-09-11 00:00:00,20,87993,378,0.63,0.05,0,0,0.05
1947156,2024-09-11 00:00:00,21,89072,288,0.61,0.02,0,0.02,0
1947157,2024-09-11 00:00:00,21,88605,377,0.23,0,0,0,0
1947158,2024-09-11 00:00:00,21,87936,345,0.66,0.06,0,0.06,0
1947159,2024-09-11 00:00:00,22,87209,290,1.38,0.4,0.4,0,0
1947160,2024-09-11 00:00:00,22,89648,320,15.3,100.88,7.2,89.24,4.43
1947161,2024-09-11 00:00:00,22,86937,378,1.78,0.64,0.64,0,0
1947162,2024-09-11 00:00:00,23,86766,375,1.06,2.46,0,0,2.46
1947163,2024-09-11 00:00:00,23,88305,374,0.43,0,0,0,0
1947164,2024-09-11 00:00:00,23,89851,378,0.78,0.01,0.01,0,0
1947165,2024-09-11 00:00:00,23,90116,376,,0.01,0,0.01,0
1947166,2024-09-12 00:00:00,0,90238,320,2.46,1.5,0,1.5,0
1947167,2024-09-12 00:00:00,0,87484,376,0.41,0.07,0,0.07,0
1947168,2024-09-12 00:00:00,1,87139,378,1.16,0.03,0,0.03,0
1947169,2024-09-12 00:00:00,2,88055,375,1.25,0.02,0,0,0.02
1947170,2024-09-12 00:00:00,2,89801,341,0.6,0.08,0,0.08,0
1947171,2024-09-12 00:00:00,6,89997,320,0.78,0.01,0,0.01,0
1947172,2024-09-12 00:00:00,7,89555,375,0.35,0.06,0.04,0.02,0
1947173,2024-09-12 00:00:00,7,87862,320,0.91,0.01,0,0,0.01
1947174,2024-09-12 00:00:00,10,88500,378,0.13,0,0,0,0
1947175,2024-09-12 00:00:00,10,89898,376,0.56,0.3,0,0,0.3
1947176,2024-09-12 00:00:00,10,88442,378,0.28,0,0,0,0
1947177,2024-09-12 00:00:00,11,87600,334,0.33,0,0,0,0
1947178,2024-09-12 00:00:00,11,86611,316,1.08,0.1,0,0,0.1
1947179,2024-09-12 00:00:00,11,88844,375,2.3,1.3,0.3,1,0
1947180,2024-09-12 00:00:00,11,87378,319,0.38,0.05,0,0,0.05
1947181,2024-09-12 00:00:00,11,88907,345,1.16,12.98,10.62,2.35,0
1947182,2024-09-12 00:00:00,12,88298,374,0.08,0.01,0,0.01,0
1947183,2024-09-12 00:00:00,12,87795,374,0.68,0.01,0,0.01,0
1947184,2024-09-12 00:00:00,13,87082,359,0.7,0.02,0.02,0,0
1947185,2024-09-12 00:00:00,13,86962,379,1.53,0.02,0,0.02,0
1947186,2024-09-12 00:00:00,13,90405,378,1.1,0.03,0.03,0,0
1947187,2024-09-12 00:00:00,14,88046,375,1.38,0.65,0.06,0.59,0
1947188,2024-09-12 00:00:00,14,88025,374,1.16,3.15,3.15,0,0
1947189,2024-09-12 00:00:00,14,89851,378,,3.06,3.06,0,0
1947190,2024-09-12 00:00:00,14,87738,378,1.06,0.14,0,0,0.14
1947191,2024-09-12 00:00:00,14,88362,374,1.08,0.33,0.1,0,0.22
1947192,2024-09-12 00:00:00,14,86937,379,0.75,0.02,0,0.02,0
1947193,2024-09-12 00:00:00,14,89267,379,0.13,0,0,0,0
1947194,2024-09-12 00:00:00,14,87349,379,0.63,0.11,0.05,0.06,0
1947195,2024-09-12 00:00:00,15,89555,374,0.46,0.12,0,0.12,0
1947196,2024-09-12 00:00:00,15,89108,319,0.2,0,0,0,0
1947197,2024-09-12 00:00:00,16,88328,374,9,61,59.78,1.22,0
1947198,2024-09-12 00:00:00,16,88328,374,2.78,6.3,6.3,0,0
1947199,2024-09-12 00:00:00,16,87043,316,0.35,0,0,0,0
1947200,2024-09-12 00:00:00,16,87160,320,1.43,8.26,0.45,2.85,4.96
1947201,2024-09-12 00:00:00,18,86726,359,1.5,3.58,1.18,2.4,0
1947202,2024-09-12 00:00:00,17,90147,378,1.78,2.1,0,2.1,0
1947203,2024-09-12 00:00:00,17,89218,316,1.15,0.1,0,0,0.1
1947204,2024-09-12 00:00:00,16,88298,374,0.26,0,0,0,0
1947205,2024-09-12 00:00:00,18,88497,379,1.36,1.2,1.2,0,0
1947206,2024-09-12 00:00:00,18,86807,378,1.2,0.19,0,0.19,0
1947207,2024-09-12 00:00:00,19,88024,374,2.38,0,0,0,0
1947208,2024-09-12 00:00:00,20,87292,359,3.1,1.06,0,1.06,0
1947209,2024-09-12 00:00:00,20,90130,376,0.81,0.05,0,0.05,0
1947210,2024-09-12 00:00:00,20,87963,359,0.26,0,0,0,0
1947211,2024-09-12 00:00:00,20,87183,320,3.86,5.3,0,5.3,0
1947212,2024-09-12 00:00:00,20,90303,378,0.73,0.02,0,0.02,0
1947213,2024-09-12 00:00:00,20,87289,374,0.61,0.01,0,0.01,0
1947214,2024-09-12 00:00:00,21,87069,375,0.61,0,0,0,0
1947215,2024-09-12 00:00:00,21,88638,375,0.65,0.25,0,0.25,0
1947216,2024-09-12 00:00:00,21,87349,374,1.41,0.5,0,0.5,0
1947217,2024-09-12 00:00:00,21,88591,375,1.05,0.1,0,0.1,0
1947218,2024-09-12 00:00:00,21,90153,317,0.31,0.01,0,0.01,0
1947219,2024-09-12 00:00:00,22,88221,317,2.5,0.03,0,0.03,0
1947220,2024-09-12 00:00:00,22,87149,374,1.11,0.2,0,0.2,0
1947221,2024-09-12 00:00:00,22,89929,317,2.91,98.63,21.95,72.45,4.22
1947222,2024-09-12 00:00:00,22,90143,375,0.63,0.22,0.22,0,0
1947223,2024-09-12 00:00:00,22,87054,374,1.31,0.1,0,0.1,0
1947224,2024-09-13 00:00:00,2,87773,372,0.71,0.04,0.04,0,0
1947225,2024-09-13 00:00:00,3,88332,374,11.85,0.28,0,0.28,0
1947226,2024-09-13 00:00:00,3,89555,375,0.41,0.05,0,0.05,0
1947227,2024-09-13 00:00:00,3,87704,374,0.68,0.03,0,0.03,0
1947228,2024-09-13 00:00:00,4,87704,374,0.08,0.01,0,0.01,0
1947229,2024-09-13 00:00:00,4,87828,375,1.23,0.25,0,0.25,0
1947230,2024-09-13 00:00:00,8,86559,374,5.58,0.05,0.05,0,0
1947231,2024-09-13 00:00:00,8,88498,319,0.33,0,0,0,0
1947232,2024-09-13 00:00:00,9,86937,379,0.61,0.02,0,0.02,0
1947233,2024-09-13 00:00:00,10,89555,379,1.73,0.6,0.1,0.5,0
1947234,2024-09-13 00:00:00,10,88025,374,0.9,0,0,0,0
1947235,2024-09-13 00:00:00,10,89648,379,0.73,0.1,0,0.1,0
1947236,2024-09-13 00:00:00,11,89851,378,1.61,1.97,1.13,0.83,0
1947237,2024-09-13 00:00:00,11,88298,374,0.13,0.01,0,0.01,0
1947238,2024-09-13 00:00:00,11,87139,378,0.85,0.01,0,0.01,0
1947239,2024-09-13 00:00:00,12,89980,375,2.73,0.4,0.4,0,0
1947240,2024-09-13 00:00:00,12,87775,346,0.88,0.15,0,0,0.15
1947241,2024-09-13 00:00:00,12,88234,375,35.9,935.31,785.77,81.87,67.66
1947242,2024-09-13 00:00:00,12,88693,375,0.8,0.1,0,0.1,0
1947243,2024-09-13 00:00:00,12,87096,290,0.26,0,0,0,0
1947244,2024-09-13 00:00:00,12,89894,316,1.43,0.01,0,0.01,0
1947245,2024-09-13 00:00:00,12,90336,375,0.68,0.95,0.43,0.52,0
1947246,2024-09-13 00:00:00,13,87082,374,1.48,0.11,0.1,0.01,0
1947247,2024-09-13 00:00:00,13,86559,374,0.43,0,0,0,0
1947248,2024-09-13 00:00:00,13,86840,290,1.23,0.13,0,0.13,0
1947249,2024-09-13 00:00:00,13,88025,374,0.46,0.01,0,0.01,0
1947250,2024-09-13 00:00:00,13,90062,376,,2.55,1.5,1.05,0
1947251,2024-09-13 00:00:00,13,87029,374,0.45,0,0,0,0
1947252,2024-09-13 00:00:00,13,87664,316,0.58,1,0,0,1
1947253,2024-09-13 00:00:00,13,87795,379,1.16,1,0,1,0
1947254,2024-09-13 00:00:00,13,87541,375,1.05,0,0,0,0
1947255,2024-09-13 00:00:00,13,90367,374,0.53,0.02,0,0.02,0
1947256,2024-09-13 00:00:00,13,90460,352,0.53,0.31,0,0.31,0
1947257,2024-09-13 00:00:00,14,87096,290,0.73,0.14,0,0.14,0
1947258,2024-09-13 00:00:00,14,90120,378,,0,0,0,0
1947259,2024-09-13 00:00:00,14,89147,374,1.4,0.01,0,0.01,0
1947260,2024-09-13 00:00:00,14,87121,290,0.83,0.6,0,0.6,0
1947261,2024-09-13 00:00:00,14,89366,368,1.5,2.21,0.62,0,1.58
1947262,2024-09-13 00:00:00,14,90145,374,0.46,0.04,0,0,0.04
1947263,2024-09-13 00:00:00,14,88211,316,0.61,0.01,0,0,0.01
1947264,2024-09-13 00:00:00,15,89123,374,0.58,0.2,0,0.2,0
1947265,2024-09-13 00:00:00,15,89402,379,2.63,0.1,0.05,0.05,0
1947266,2024-09-13 00:00:00,15,87986,334,2.63,2.64,2.64,0,0
1947267,2024-09-13 00:00:00,15,88469,288,,78.25,77.52,0.42,0.3
1947268,2024-09-13 00:00:00,15,89329,376,0.33,0.03,0,0,0.03
1947269,2024-09-13 00:00:00,15,87842,374,4.31,4.05,3.05,1,0
1947270,2024-09-13 00:00:00,15,87963,288,0.65,0.58,0,0.57,0
1947271,2024-09-13 00:00:00,15,86777,290,1.21,0.05,0,0.05,0
1947272,2024-09-13 00:00:00,15,88553,374,0.86,0.37,0.37,0,0
1947273,2024-09-13 00:00:00,15,89168,376,0.4,0.02,0,0.02,0
1947274,2024-09-13 00:00:00,15,89863,320,1.21,0.15,0,0.15,0
1947275,2024-09-13 00:00:00,16,86760,317,0.5,0.01,0,0.01,0
1947276,2024-09-13 00:00:00,16,88591,375,0.95,0.15,0,0.15,0
1947277,2024-09-13 00:00:00,16,88816,378,0.51,0.48,0,0,0.48
1947278,2024-09-13 00:00:00,16,88711,346,2.96,85.36,55.91,29.45,0
1947279,2024-09-13 00:00:00,17,86723,374,11.08,19.28,15.13,4.15,0
1947280,2024-09-13 00:00:00,17,86681,317,0.51,1.2,1.2,0,0
1947281,2024-09-13 00:00:00,17,88648,378,0.88,0.25,0,0.25,0
1947282,2024-09-13 00:00:00,18,87910,290,0.73,0,0,0,0
1947283,2024-09-13 00:00:00,18,87305,378,0.4,0.55,0,0.55,0
1947284,2024-09-13 00:00:00,18,89063,379,1.3,0.02,0,0.02,0
1947285,2024-09-13 00:00:00,18,89168,376,0.86,0.01,0,0.01,0
1947286,2024-09-13 00:00:00,18,88447,341,0.96,0,0,0,0
1947287,2024-09-13 00:00:00,19,87690,374,9.18,7.88,0.82,6.61,0.45
1947288,2024-09-13 00:00:00,19,90352,320,7.56,34.85,2,30.85,2
1947289,2024-09-13 00:00:00,19,88457,313,0.8,0.1,0,0.1,0
1947290,2024-09-13 00:00:00,19,87039,319,0.76,0.2,0,0.2,0
1947291,2024-09-13 00:00:00,19,88571,346,2.5,2.17,0,1.99,0.18
1947292,2024-09-13 00:00:00,19,90157,334,0.35,0,0,0,0
1947293,2024-09-13 00:00:00,20,87294,374,0.76,0,0,0,0
1947294,2024-09-13 00:00:00,20,89163,376,1.31,0.05,0,0.05,0
1947295,2024-09-13 00:00:00,21,89164,374,1.68,0.1,0.1,0,0
1947296,2024-09-13 00:00:00,21,86528,375,3.86,10.4,0,8.26,2.13
1947297,2024-09-13 00:00:00,21,89051,375,0.45,0,0,0,0
1947298,2024-09-13 00:00:00,21,89912,375,0.85,1.02,1.02,0,0
1947299,2024-09-13 00:00:00,21,87489,378,0.56,0,0,0,0
1947300,2024-09-13 00:00:00,21,87772,368,1.6,1.42,1.3,0.12,0
1947301,2024-09-13 00:00:00,21,86562,375,3.23,0,0,0,0
1947302,2024-09-13 00:00:00,22,88211,317,0.43,0.01,0.01,0,0
1947303,2024-09-13 00:00:00,22,89894,316,0.48,0,0,0,0
1947304,2024-09-13 00:00:00,22,90054,375,10.71,32.61,0,32.61,0
1947305,2024-09-13 00:00:00,22,88798,376,1.16,0.01,0,0.01,0
1947306,2024-09-13 00:00:00,22,87842,374,0.9,0.02,0.02,0,0
1947307,2024-09-13 00:00:00,23,88627,320,2.7,2.14,0.03,2.1,0
1947308,2024-09-13 00:00:00,23,90047,375,1.68,0.22,0,0.22,0
1947309,2024-09-13 00:00:00,23,87144,376,2.45,0.57,0,0,0.57
1947310,2024-09-13 00:00:00,23,87632,375,0.9,0.01,0,0.01,0
1947311,2024-09-13 00:00:00,23,90065,377,1.08,0.01,0,0.01,0
1947312,2024-09-13 00:00:00,23,86612,345,0.31,0,0,0,0
1947313,2024-09-14 00:00:00,0,88710,374,1.6,0.05,0,0.05,0
1947314,2024-09-14 00:00:00,0,87414,378,5.26,2.81,2.81,0,0
1947315,2024-09-14 00:00:00,0,89720,322,3.66,3.33,3.33,0,0
1947316,2024-09-14 00:00:00,0,89472,375,18.16,44.29,41.53,1.22,1.53
1947317,2024-09-14 00:00:00,0,90136,320,13.16,438,209,149,80
1947318,2024-09-14 00:00:00,0,90062,379,0.6,0.01,0.01,0,0
1947319,2024-09-14 00:00:00,0,87708,378,0.36,0,0,0,0
1947320,2024-09-14 00:00:00,0,86560,290,0.66,0.01,0,0.01,0
1947321,2024-09-14 00:00:00,0,90120,290,0.63,0.01,0,0.01,0
1947322,2024-09-14 00:00:00,0,89430,378,1.36,0.02,0,0.02,0
1947323,2024-09-14 00:00:00,1,89994,374,0.38,0.02,0,0.02,0
1947324,2024-09-14 00:00:00,1,87489,379,1.1,0.01,0,0.01,0
1947325,2024-09-14 00:00:00,1,87611,378,0.7,0.02,0,0.02,0
1947326,2024-09-14 00:00:00,1,88706,320,12.38,57.32,6.42,50.89,0
1947327,2024-09-14 00:00:00,1,88605,376,1.93,0.17,0,0.17,0
1947328,2024-09-14 00:00:00,1,90130,376,0.66,0.15,0,0.15,0
1947329,2024-09-14 00:00:00,2,90078,375,0.85,0.1,0,0.1,0
1947330,2024-09-14 00:00:00,2,90434,376,1.03,0.02,0,0,0.02
1947331,2024-09-14 00:00:00,2,90382,341,0.26,0,0,0,0
1947332,2024-09-14 00:00:00,2,87073,376,0.98,0.01,0,0.01,0
1947333,2024-09-14 00:00:00,2,88135,317,0.85,0.23,0.23,0,0
1947334,2024-09-14 00:00:00,3,89287,376,3.53,3.24,2.42,0.81,0
1947335,2024-09-14 00:00:00,4,89102,368,1.9,0.4,0.4,0,0
1947336,2024-09-14 00:00:00,4,89602,375,17.63,75.5,13.2,61.5,0.8
1947337,2024-09-14 00:00:00,4,87305,378,0.9,0,0,0,0
1947338,2024-09-14 00:00:00,5,90239,373,0.45,0.02,0,0.02,0
1947339,2024-09-14 00:00:00,6,87998,378,5.35,9.26,6.73,2.52,0
1947340,2024-09-14 00:00:00,6,87198,313,0.23,0.05,0,0.05,0
1947341,2024-09-14 00:00:00,6,88191,376,0.65,0.06,0.06,0,0
1947342,2024-09-14 00:00:00,7,88202,290,0.41,0.3,0.3,0,0
1947343,2024-09-14 00:00:00,7,87948,378,1.15,0.06,0,0.06,0
1947344,2024-09-14 00:00:00,7,88977,378,10,73.17,26.65,43.62,2.89
1947345,2024-09-14 00:00:00,8,88293,375,2,0.31,0.31,0,0
1947346,2024-09-14 00:00:00,8,88223,378,1.15,0.26,0,0.26,0
1947347,2024-09-14 00:00:00,9,87608,316,1.23,0.03,0,0,0.03
1947348,2024-09-14 00:00:00,9,88934,375,0.7,0.89,0,0.89,0
1947349,2024-09-14 00:00:00,9,88332,379,1.96,0.17,0,0.17,0
1947350,2024-09-14 00:00:00,10,90400,316,0.53,0,0,0,0
1947351,2024-09-14 00:00:00,10,88328,374,4.33,1,0.9,0.1,0
1947352,2024-09-14 00:00:00,10,88681,375,37.35,24.5,13.05,11.45,0
1947353,2024-09-14 00:00:00,10,87026,376,0.93,0.01,0,0.01,0
1947354,2024-09-14 00:00:00,11,87795,379,1.05,0.05,0,0.05,0
1947355,2024-09-14 00:00:00,11,88976,347,0.7,0,0,0,0
1947356,2024-09-14 00:00:00,11,88648,378,10.25,121.86,87.01,33.69,1.15
1947357,2024-09-14 00:00:00,11,89648,320,12.31,106.25,18.37,64.39,23.48
1947358,2024-09-14 00:00:00,11,88674,291,0.31,0.15,0,0.15,0
1947359,2024-09-14 00:00:00,12,87576,346,1.88,1.75,1.75,0,0
1947360,2024-09-14 00:00:00,12,89396,376,0.21,0.01,0,0.01,0
1947361,2024-09-14 00:00:00,12,89120,378,0.95,0.73,0.73,0,0
1947362,2024-09-14 00:00:00,12,87690,379,1.81,62.51,14.87,47.31,0.31
1947363,2024-09-14 00:00:00,12,87544,375,0.6,0.01,0,0.01,0
1947364,2024-09-14 00:00:00,12,89773,349,1.8,0.05,0,0.05,0
1947365,2024-09-14 00:00:00,12,86745,374,0.55,0.01,0,0.01,0
1947366,2024-09-14 00:00:00,12,86478,374,2.25,0.57,0.57,0,0
1947367,2024-09-14 00:00:00,13,87665,374,0.5,0.02,0,0.02,0
1947368,2024-09-14 00:00:00,13,90392,360,0.06,0,0,0,0
1947369,2024-09-14 00:00:00,13,90055,379,0.65,0.02,0,0.02,0
1947370,2024-09-14 00:00:00,13,89931,316,0.2,0.4,0,0,0.4
1947371,2024-09-14 00:00:00,14,87056,374,6.68,17.47,17.32,0.14,0
1947372,2024-09-14 00:00:00,14,86507,368,29.73,209.78,142.24,60.3,7.23
1947373,2024-09-14 00:00:00,14,86723,379,7.38,61.04,39.51,21.52,0
1947374,2024-09-14 00:00:00,14,87126,368,1.31,0.1,0.03,0.07,0
1947375,2024-09-14 00:00:00,14,87867,379,0.43,0.07,0,0.07,0
1947376,2024-09-14 00:00:00,15,88328,379,0.21,0,0,0,0
1947377,2024-09-14 00:00:00,15,90054,379,3.21,0.01,0,0.01,0
1947378,2024-09-14 00:00:00,15,89837,358,0.46,0,0,0,0
1947379,2024-09-14 00:00:00,15,88099,378,1.31,0,0,0,0
1947380,2024-09-14 00:00:00,15,87327,348,0.93,0.1,0,0.1,0
1947381,2024-09-14 00:00:00,15,89054,288,12.75,36.66,34.81,0,1.85
1947382,2024-09-14 00:00:00,15,89980,374,6.5,28.18,28.18,0,0
1947383,2024-09-14 00:00:00,16,87294,317,0.75,0.02,0,0.02,0
1947384,2024-09-14 00:00:00,16,86629,368,3.03,295.36,255.35,39.6,0.4
1947385,2024-09-14 00:00:00,16,87398,374,0.2,0.02,0,0,0.02
1947386,2024-09-14 00:00:00,16,86922,374,2.55,1.85,1.85,0,0
1947387,2024-09-14 00:00:00,16,89569,316,0.75,0.01,0,0.01,0
1947388,2024-09-14 00:00:00,16,87663,344,0.11,0,0,0,0
1947389,2024-09-14 00:00:00,16,88417,319,0.95,0.08,0,0,0.08
1947390,2024-09-14 00:00:00,16,88611,316,0.38,0,0,0,0
1947391,2024-09-14 00:00:00,17,90374,376,,0.39,0.39,0,0
1947392,2024-09-14 00:00:00,17,87790,341,0.51,0.04,0,0,0.04
1947393,2024-09-14 00:00:00,17,87015,375,0.58,0.07,0.01,0.06,0
1947394,2024-09-14 00:00:00,17,87272,376,1.55,1.5,0,1.5,0
1947395,2024-09-14 00:00:00,17,87195,334,1.1,0.15,0.15,0,0
1947396,2024-09-14 00:00:00,17,87034,375,11.08,31.5,8.5,23,0
1947397,2024-09-14 00:00:00,17,89267,316,0.1,0,0,0,0
1947398,2024-09-14 00:00:00,17,87144,376,0.35,0.01,0,0.01,0
1947399,2024-09-14 00:00:00,18,88816,378,0.2,0,0,0,0
1947400,2024-09-14 00:00:00,18,87580,316,0.81,0.05,0,0,0.05
1947401,2024-09-14 00:00:00,18,89970,376,1.18,0.01,0,0.01,0
1947402,2024-09-14 00:00:00,19,90122,319,0.63,0.13,0.13,0,0
1947403,2024-09-14 00:00:00,19,88189,374,0.3,0,0,0,0
1947404,2024-09-14 00:00:00,19,88432,374,4.43,8,2,6,0
1947405,2024-09-14 00:00:00,20,90436,376,0.61,0,0,0,0
1947406,2024-09-14 00:00:00,20,88497,368,2.7,216.52,203.43,5.62,7.46
1947407,2024-09-14 00:00:00,20,89313,378,0.35,0,0,0,0
1947408,2024-09-14 00:00:00,20,87836,374,1.05,0.1,0.1,0,0
1947409,2024-09-14 00:00:00,20,90211,376,0.36,0.01,0,0.01,0
1947410,2024-09-14 00:00:00,20,89903,374,0.55,0,0,0,0
1947411,2024-09-14 00:00:00,21,87095,375,0.5,0.2,0,0,0.2
1947412,2024-09-14 00:00:00,21,86790,290,0.73,0,0,0,0
1947413,2024-09-14 00:00:00,21,88304,376,0.71,0,0,0,0
1947414,2024-09-14 00:00:00,21,89112,374,1.78,0.06,0,0.06,0
1947415,2024-09-14 00:00:00,21,89395,375,0.75,0.1,0,0,0.1
1947416,2024-09-14 00:00:00,21,90186,378,0.35,0,0,0,0
1947417,2024-09-14 00:00:00,22,89051,375,0.2,0.01,0,0,0.01
1947418,2024-09-14 00:00:00,22,87406,375,2.8,0.15,0.15,0,0
1947419,2024-09-14 00:00:00,22,87795,379,2.18,1.5,0.5,1,0
1947420,2024-09-14 00:00:00,22,87248,290,0.7,0.02,0,0.02,0
1947421,2024-09-14 00:00:00,22,87249,375,1.55,0.1,0,0.1,0
1947422,2024-09-14 00:00:00,22,90399,375,0.65,0,0,0,0
1947423,2024-09-14 00:00:00,22,89002,326,1.61,0.02,0,0.02,0
1947424,2024-09-14 00:00:00,22,89358,374,0.98,1,0,1,0
1947425,2024-09-14 00:00:00,22,87832,375,2.66,0.3,0,0.3,0
1947426,2024-09-14 00:00:00,22,90022,375,0.7,0.01,0,0,0.01
1947427,2024-09-14 00:00:00,23,89851,378,1.46,0.04,0,0.04,0
1947428,2024-09-14 00:00:00,23,87027,290,2.26,0.62,0.62,0,0
1947429,2024-09-14 00:00:00,23,87096,290,0.36,0,0,0,0
1947430,2024-09-14 00:00:00,23,89164,374,1.66,0.5,0.5,0,0
1947431,2024-09-14 00:00:00,23,89313,378,0.75,0.05,0.05,0,0
1947432,2024-09-14 00:00:00,23,88860,376,0.81,0.31,0.3,0,0
1947433,2024-09-14 00:00:00,23,89358,374,0.98,1,0,1,0
1947434,2024-09-15 00:00:00,0,90099,374,2.51,1.4,0.32,1.07,0
1947435,2024-09-15 00:00:00,0,87050,320,0.65,0.01,0,0.01,0
1947436,2024-09-15 00:00:00,0,90289,359,23.35,298.8,98.93,199.77,0.1
1947437,2024-09-15 00:00:00,0,86562,375,0.53,0.05,0,0,0.05
1947438,2024-09-15 00:00:00,0,89064,342,1,0.03,0,0.03,0
1947439,2024-09-15 00:00:00,1,88999,376,0.16,0,0,0,0
1947440,2024-09-15 00:00:00,1,86522,309,0.83,0.09,0,0.09,0
1947441,2024-09-15 00:00:00,2,86654,375,1.95,0.8,0,0.8,0
1947442,2024-09-15 00:00:00,2,87393,290,16.46,8161.94,7587.87,261.14,312.92
1947443,2024-09-15 00:00:00,2,88501,309,1.95,0.41,0,0.41,0
1947444,2024-09-15 00:00:00,3,87217,376,27.9,137.9,137.9,0,0
1947445,2024-09-15 00:00:00,3,89313,378,1.38,0.45,0.45,0,0
1947446,2024-09-15 00:00:00,4,87272,376,,0.18,0,0.18,0
1947447,2024-09-15 00:00:00,5,90223,374,1.76,0.39,0.3,0.09,0
1947448,2024-09-15 00:00:00,5,86922,379,4.6,1.97,1.97,0,0
1947449,2024-09-15 00:00:00,7,86746,291,0.41,0,0,0,0
1947450,2024-09-15 00:00:00,7,87027,290,1.15,0.08,0,0.08,0
1947451,2024-09-15 00:00:00,7,88706,320,1.88,0,0,0,0
1947452,2024-09-15 00:00:00,7,88648,378,1.05,0.05,0,0.05,0
1947453,2024-09-15 00:00:00,8,88553,379,1.35,0.66,0.66,0,0
1947454,2024-09-15 00:00:00,8,87444,320,1.91,0.5,0,0.5,0
1947455,2024-09-15 00:00:00,8,86794,374,1.13,0.02,0,0,0.02
1947456,2024-09-15 00:00:00,8,87515,378,2.33,0.02,0,0.02,0
1947457,2024-09-15 00:00:00,8,89015,378,,1.23,1.23,0,0
1947458,2024-09-15 00:00:00,8,89306,341,0.58,0.07,0,0.07,0
1947459,2024-09-15 00:00:00,9,86880,373,10.43,91.72,36.39,50.66,4.66
1947460,2024-09-15 00:00:00,9,88025,374,0.85,0,0,0,0
1947461,2024-09-15 00:00:00,9,88585,330,0.81,0.66,0,0,0.66
1947462,2024-09-15 00:00:00,9,89002,379,2.86,4.22,1.22,2.99,0
1947463,2024-09-15 00:00:00,9,87056,379,14.95,74.38,71.13,0.28,2.96
1947464,2024-09-15 00:00:00,10,87249,375,3.4,5.25,5.25,0,0
1947465,2024-09-15 00:00:00,10,88567,374,0.33,0.02,0.02,0,0
1947466,2024-09-15 00:00:00,10,89926,374,0.56,0,0,0,0
1947467,2024-09-15 00:00:00,10,87027,290,1.21,0.04,0,0.04,0
1947468,2024-09-15 00:00:00,10,88626,376,0.48,0.04,0,0.04,0
1947469,2024-09-15 00:00:00,10,90374,376,0.55,0.01,0,0.01,0
1947470,2024-09-15 00:00:00,11,88493,376,0.56,0.43,0.43,0,0
1947471,2024-09-15 00:00:00,11,87443,376,4.68,3.9,3.9,0,0
1947472,2024-09-15 00:00:00,11,87832,309,0.75,0,0,0,0
1947473,2024-09-15 00:00:00,11,89313,378,1.38,0.03,0.03,0,0
1947474,2024-09-15 00:00:00,11,87444,379,1.4,2,0,2,0
1947475,2024-09-15 00:00:00,11,89851,378,0.48,0.05,0.05,0,0
1947476,2024-09-15 00:00:00,11,86827,378,0.33,0.09,0,0,0.09
1947477,2024-09-15 00:00:00,11,89273,320,3.8,21,0.1,20.9,0
1947478,2024-09-15 00:00:00,11,87828,379,1.91,0.17,0.02,0.15,0
1947479,2024-09-15 00:00:00,12,87795,379,1.16,0.01,0,0.01,0
1947480,2024-09-15 00:00:00,12,87443,376,4.81,7.57,7.57,0,0
1947481,2024-09-15 00:00:00,12,89928,317,0.58,0,0,0,0
1947482,2024-09-15 00:00:00,13,89214,288,2.91,0.06,0.06,0,0
1947483,2024-09-15 00:00:00,13,89920,379,2.48,0.07,0.07,0,0
1947484,2024-09-15 00:00:00,12,87133,334,0.26,0.02,0,0,0.02
1947485,2024-09-15 00:00:00,13,87940,374,1.18,0.37,0.37,0,0
1947486,2024-09-15 00:00:00,13,89971,288,2.3,3.03,0,0,3.03
1947487,2024-09-15 00:00:00,13,86987,368,2.2,2.44,2.44,0,0
1947488,2024-09-15 00:00:00,13,89851,378,2.93,0.63,0.63,0,0
1947489,2024-09-15 00:00:00,13,89914,378,2.61,0.07,0,0.07,0
1947490,2024-09-15 00:00:00,14,88004,375,1.05,0.12,0,0.09,0.03
1947491,2024-09-15 00:00:00,14,86562,375,1.25,0,0,0,0
1947492,2024-09-15 00:00:00,14,87795,379,3.13,0.02,0.02,0,0
1947493,2024-09-15 00:00:00,14,88533,378,0.31,0,0,0,0
1947494,2024-09-15 00:00:00,14,87902,317,0.88,0.1,0.1,0,0
1947495,2024-09-15 00:00:00,14,89871,374,3.95,3.5,3.5,0,0
1947496,2024-09-15 00:00:00,14,89054,379,218.13,6168.88,6000.56,5.6,162.7
1947497,2024-09-15 00:00:00,14,89164,379,1,0.79,0.79,0,0
1947498,2024-09-15 00:00:00,14,89230,290,101.03,7653.79,7019.65,80.05,554.09
1947499,2024-09-15 00:00:00,15,88820,376,2.75,0.82,0,0.82,0
1947500,2024-09-15 00:00:00,15,86682,374,2.7,11.4,10.54,0,0.85
1947501,2024-09-15 00:00:00,15,90311,378,8.81,35.83,29.05,6.77,0
1947502,2024-09-15 00:00:00,15,87290,376,3.61,0.84,0,0.84,0
1947503,2024-09-15 00:00:00,15,87398,374,0.08,0,0,0,0
1947504,2024-09-15 00:00:00,15,88648,378,1.9,0.05,0,0.05,0
1947505,2024-09-15 00:00:00,15,88243,379,0.23,0,0,0,0
1947506,2024-09-15 00:00:00,15,87398,374,0.7,0.27,0,0.27,0
1947507,2024-09-15 00:00:00,15,90212,290,1.71,0.2,0,0.2,0
1947508,2024-09-15 00:00:00,15,88161,374,12.4,83.5,83.5,0,0
1947509,2024-09-15 00:00:00,15,90062,379,0.71,0,0,0,0
1947510,2024-09-15 00:00:00,15,89313,378,0.95,0.01,0.01,0,0
1947511,2024-09-15 00:00:00,15,89540,375,0.45,0.1,0,0.1,0
1947512,2024-09-15 00:00:00,15,89569,334,0.23,0,0,0,0
1947513,2024-09-15 00:00:00,15,87489,290,2.8,1.63,1.27,0.35,0
1947514,2024-09-15 00:00:00,16,87294,374,4.26,0.05,0,0.05,0
1947515,2024-09-15 00:00:00,16,86726,319,0.93,0.6,0,0,0.6
1947516,2024-09-15 00:00:00,16,87349,379,2.45,0.03,0,0.03,0
1947517,2024-09-15 00:00:00,16,87715,376,0.63,0.01,0,0,0.01
1947518,2024-09-15 00:00:00,16,86589,375,0.91,0.05,0,0.05,0
1947519,2024-09-15 00:00:00,16,88299,333,3.46,2,0,2,0
1947520,2024-09-15 00:00:00,16,87130,375,0.5,0.07,0,0,0.07
1947521,2024-09-15 00:00:00,16,87478,316,0.5,0,0,0,0
1947522,2024-09-15 00:00:00,16,87444,320,3.91,1.5,0,1.5,0
1947523,2024-09-15 00:00:00,16,89441,375,0.1,0.05,0,0,0.05
1947524,2024-09-15 00:00:00,16,89851,378,2.48,0.49,0.49,0,0
1947525,2024-09-15 00:00:00,16,89306,376,0.61,0.02,0,0.02,0
1947526,2024-09-15 00:00:00,17,89185,378,0.63,0.03,0,0.03,0
1947527,2024-09-15 00:00:00,17,88820,376,1.18,0.04,0,0.04,0
1947528,2024-09-15 00:00:00,17,90327,368,2.31,23.37,23.08,0.28,0
1947529,2024-09-15 00:00:00,17,87305,378,0.78,0.2,0,0.2,0
1947530,2024-09-15 00:00:00,17,88820,376,1.46,1,0,1,0
1947531,2024-09-15 00:00:00,17,87942,376,0.45,0,0,0,0
1947532,2024-09-15 00:00:00,17,88293,341,2.61,0.04,0.04,0,0
1947533,2024-09-15 00:00:00,17,89837,378,0.25,0.02,0,0,0.02
1947534,2024-09-15 00:00:00,17,89705,376,1.11,0.13,0,0,0.13
1947535,2024-09-15 00:00:00,17,89152,376,0.78,0.15,0,0.15,0
1947536,2024-09-15 00:00:00,18,87040,375,1.16,0.12,0.12,0,0
1947537,2024-09-15 00:00:00,17,90116,376,0.31,0.01,0,0.01,0
1947538,2024-09-15 00:00:00,18,90377,374,1.13,0.25,0.25,0,0
1947539,2024-09-15 00:00:00,18,88971,373,0.18,0,0,0,0
1947540,2024-09-15 00:00:00,18,87337,317,0.65,0.13,0.05,0.03,0.05
1947541,2024-09-15 00:00:00,18,90394,374,0.8,0.43,0,0.43,0
1947542,2024-09-15 00:00:00,18,89063,379,0.73,0.02,0,0.02,0
1947543,2024-09-15 00:00:00,18,87836,374,1.13,0.15,0,0.15,0
1947544,2024-09-15 00:00:00,19,86801,374,2.61,1,0,1,0
1947545,2024-09-15 00:00:00,19,89851,378,1.18,0.15,0.15,0,0
1947546,2024-09-15 00:00:00,19,87998,378,0.68,0.33,0.33,0,0
1947547,2024-09-15 00:00:00,19,87987,319,0.36,0.01,0,0,0.01
1947548,2024-09-15 00:00:00,19,87305,377,1.68,0.06,0,0.06,0
1947549,2024-09-15 00:00:00,19,89788,374,0.7,0,0,0,0
1947550,2024-09-15 00:00:00,19,87634,375,0.78,0,0,0,0
1947551,2024-09-15 00:00:00,19,87256,317,0.51,0,0,0,0
1947552,2024-09-15 00:00:00,20,88124,375,5.75,0.03,0.02,0.01,0
1947553,2024-09-15 00:00:00,20,86505,375,11.33,2564.45,1501.05,761.07,302.32
1947554,2024-09-15 00:00:00,20,87832,376,2.51,0.05,0,0.05,0
1947555,2024-09-15 00:00:00,20,86667,288,0.65,0.02,0,0.02,0
1947556,2024-09-15 00:00:00,20,89674,378,0.7,0.15,0,0.15,0
1947557,2024-09-15 00:00:00,21,88500,378,0.43,0.04,0,0,0.04
1947558,2024-09-15 00:00:00,21,89022,359,0.75,0.1,0,0.1,0
1947559,2024-09-15 00:00:00,21,86744,374,0.7,0.01,0,0.01,0
1947560,2024-09-15 00:00:00,21,89112,374,22.55,314.67,262.03,7.24,45.39
1947561,2024-09-15 00:00:00,21,88078,288,0.81,0,0,0,0
1947562,2024-09-15 00:00:00,21,87492,374,1.23,0.5,0,0.5,0
1947563,2024-09-15 00:00:00,21,87690,374,97.41,1045.71,235.25,784.7,25.76
1947564,2024-09-15 00:00:00,21,86865,371,0.43,0.04,0,0.04,0
1947565,2024-09-15 00:00:00,22,89545,378,0.6,0.04,0,0.04,0
1947566,2024-09-15 00:00:00,22,88445,375,1.33,0.01,0,0.01,0
1947567,2024-09-15 00:00:00,22,87827,376,0.45,0.05,0,0.05,0
1947568,2024-09-15 00:00:00,22,89443,378,1.5,0.2,0,0.2,0
1947569,2024-09-15 00:00:00,22,89286,376,0.85,0,0,0,0
1947570,2024-09-15 00:00:00,22,88648,369,1.65,0.1,0,0.1,0
1947571,2024-09-15 00:00:00,22,90116,376,0.68,0.15,0,0.15,0
1947572,2024-09-15 00:00:00,22,89072,288,0.95,0.02,0,0.02,0
1947573,2024-09-15 00:00:00,22,87972,374,6.68,14.03,3.98,9.94,0.09
1947574,2024-09-15 00:00:00,22,88533,376,0.65,0,0,0,0
1947575,2024-09-15 00:00:00,22,88386,288,0.43,0.03,0,0.03,0
1947576,2024-09-15 00:00:00,23,90099,374,4.53,3.23,3.06,0,0.17
1947577,2024-09-15 00:00:00,23,89816,290,0.86,0.1,0,0.1,0
1947578,2024-09-15 00:00:00,23,90116,376,0.35,0,0,0,0
1947579,2024-09-15 00:00:00,23,89794,375,1.6,0.06,0,0.06,0
1947580,2024-09-15 00:00:00,23,88109,316,0.63,0.03,0,0,0.03
1947581,2024-09-15 00:00:00,23,87938,345,0.3,0,0,0,0
1947582,2024-09-16 00:00:00,0,87972,374,7.33,21.12,12.23,8.64,0.23
1947583,2024-09-16 00:00:00,0,86960,375,107.81,6053.03,3031.22,2147.6,874.2
1947584,2024-09-16 00:00:00,0,90378,376,0.38,0.04,0,0.04,0
1947585,2024-09-16 00:00:00,0,90327,379,9.06,1,0,1,0
1947586,2024-09-16 00:00:00,0,88638,375,0.65,0.24,0,0.24,0
1947587,2024-09-16 00:00:00,0,90341,378,1.18,0.01,0,0.01,0
1947588,2024-09-16 00:00:00,0,88457,378,0.76,0,0,0,0
1947589,2024-09-16 00:00:00,1,86960,375,0.95,0,0,0,0
1947590,2024-09-16 00:00:00,0,89155,378,1.11,0.01,0,0.01,0
1947591,2024-09-16 00:00:00,1,87073,376,0.58,0.01,0,0.01,0
1947592,2024-09-16 00:00:00,1,89152,376,1.43,0.2,0.2,0,0
1947593,2024-09-16 00:00:00,1,90116,376,0.95,0.17,0,0.17,0
1947594,2024-09-16 00:00:00,2,87444,379,0.98,4,0,4,0
1947595,2024-09-16 00:00:00,2,89152,376,0.36,0,0,0,0
1947596,2024-09-16 00:00:00,3,86801,379,1.45,0.29,0.29,0,0
1947597,2024-09-16 00:00:00,3,89243,358,0.31,0,0,0,0
1947598,2024-09-16 00:00:00,3,87368,376,0.91,0.15,0,0.15,0
1947599,2024-09-16 00:00:00,3,87350,375,0.65,0.1,0,0.1,0
1947600,2024-09-16 00:00:00,4,87337,374,5.93,0.74,0.13,0,0.61
1947601,2024-09-16 00:00:00,5,86958,376,1.71,0.65,0,0.64,0
1947602,2024-09-16 00:00:00,5,90341,376,0.38,0,0,0,0
1947603,2024-09-16 00:00:00,5,88849,309,0.63,0.12,0,0,0.12
1947604,2024-09-16 00:00:00,5,90151,376,1.8,0,0,0,0
1947605,2024-09-16 00:00:00,6,87515,378,0.4,0.02,0,0.02,0
1947606,2024-09-16 00:00:00,6,87305,378,0.48,0.02,0,0.02,0
1947607,2024-09-16 00:00:00,6,87304,309,0.4,0,0,0,0
1947608,2024-09-16 00:00:00,6,86924,317,4.63,0.31,0,0.31,0
1947609,2024-09-16 00:00:00,6,86742,374,2.3,0.37,0.06,0.31,0
1947610,2024-09-16 00:00:00,6,87249,375,1.58,0,0,0,0
1947611,2024-09-16 00:00:00,6,87843,378,0.56,0.03,0,0.03,0
1947612,2024-09-16 00:00:00,6,86589,375,1.35,0.97,0,0,0.97
1947613,2024-09-16 00:00:00,6,86987,379,1.45,0.22,0.22,0,0
1947614,2024-09-16 00:00:00,6,88533,317,0.8,5.44,5.44,0,0
1947615,2024-09-16 00:00:00,6,87070,379,1.36,0.01,0,0.01,0
1947616,2024-09-16 00:00:00,7,89022,324,27.85,791.75,189.36,484.43,117.96
1947617,2024-09-16 00:00:00,6,89169,379,0.8,0.1,0,0.1,0
1947618,2024-09-16 00:00:00,7,90341,378,14.4,0,0,0,0
1947619,2024-09-16 00:00:00,7,90452,374,65.9,597.13,486.9,51.19,59.03
1947620,2024-09-16 00:00:00,8,87082,374,0.25,0.02,0,0.02,0
1947621,2024-09-16 00:00:00,8,89081,376,,0.67,0,0.67,0
1947622,2024-09-16 00:00:00,8,89152,376,2.58,0.02,0.02,0,0
1947623,2024-09-16 00:00:00,9,86865,371,0.03,0,0,0,0
1947624,2024-09-16 00:00:00,9,89238,317,0.93,0.15,0,0.15,0
1947625,2024-09-16 00:00:00,9,88357,376,1,0.74,0.59,0.15,0
1947626,2024-09-16 00:00:00,9,89790,374,0.41,0,0,0,0
1947627,2024-09-16 00:00:00,9,86666,375,0.45,0.02,0.02,0,0
1947628,2024-09-16 00:00:00,9,86589,375,64.48,2725.92,1583.86,662.45,479.61
1947629,2024-09-16 00:00:00,10,88320,374,0.71,0.03,0.03,0,0
1947630,2024-09-16 00:00:00,9,88457,369,6.33,2.46,1.54,0.91,0
1947631,2024-09-16 00:00:00,10,88025,374,0.46,0.1,0.1,0,0
1947632,2024-09-16 00:00:00,10,89521,374,0.66,0.01,0,0.01,0
1947633,2024-09-16 00:00:00,10,87145,376,0.21,0.01,0.01,0,0
1947634,2024-09-16 00:00:00,10,90357,376,0.46,0.09,0,0.06,0.02
1947635,2024-09-16 00:00:00,10,88719,374,1.21,0.07,0.06,0.01,0
1947636,2024-09-16 00:00:00,10,86880,379,4.35,1,0,1,0
1947637,2024-09-16 00:00:00,10,89377,317,0.95,0.02,0,0.02,0
1947638,2024-09-16 00:00:00,10,89120,378,0.96,0,0,0,0
1947639,2024-09-16 00:00:00,11,86559,378,3.05,0.02,0.02,0,0
1947640,2024-09-16 00:00:00,11,89152,376,0.73,0.05,0,0.05,0
1947641,2024-09-16 00:00:00,11,88357,378,1.81,0.15,0,0.15,0
1947642,2024-09-16 00:00:00,11,87628,378,3.71,0.25,0,0.25,0
1947643,2024-09-16 00:00:00,11,86723,379,10.51,0.01,0,0.01,0
1947644,2024-09-16 00:00:00,11,87954,378,1.18,0.12,0,0.12,0
1947645,2024-09-16 00:00:00,11,88384,345,0.95,0.26,0,0,0.26
1947646,2024-09-16 00:00:00,11,89081,376,0.85,0.03,0,0.03,0
1947647,2024-09-16 00:00:00,11,87898,375,70.76,788.67,430.39,195.1,163.17
1947648,2024-09-16 00:00:00,11,86963,378,61.23,333.3,256.41,64.38,12.5
1947649,2024-09-16 00:00:00,11,90239,372,2.06,0.42,0.32,0.1,0
1947650,2024-09-16 00:00:00,11,87096,376,8.71,5.17,5.14,0,0.03
1947651,2024-09-16 00:00:00,11,90361,348,0.58,0.73,0,0.53,0.19
1947652,2024-09-16 00:00:00,11,89956,341,0.23,0.01,0,0.01,0
1947653,2024-09-16 00:00:00,11,86974,376,0.78,0.43,0,0.43,0
1947654,2024-09-16 00:00:00,11,90089,375,96.2,6031.26,4494.66,895.43,641.16
1947655,2024-09-16 00:00:00,11,87353,379,3.2,7.45,6.91,0,0.54
1947656,2024-09-16 00:00:00,12,87859,379,0.56,0,0,0,0
1947657,2024-09-16 00:00:00,12,89432,368,0.76,1.38,1.37,0,0
1947658,2024-09-16 00:00:00,11,88954,378,0.35,0,0,0,0
1947659,2024-09-16 00:00:00,12,90341,379,1.8,0.01,0,0.01,0
1947660,2024-09-16 00:00:00,12,87858,374,3.36,1,0,1,0
1947661,2024-09-16 00:00:00,12,90367,374,0.3,0.05,0,0.05,0
1947662,2024-09-16 00:00:00,12,88487,313,2.85,1.78,1.23,0.55,0
1947663,2024-09-16 00:00:00,12,89152,376,3.75,1.48,1.48,0,0
1947664,2024-09-16 00:00:00,12,88487,375,7.05,405.39,333.66,41.61,30.12
1947665,2024-09-16 00:00:00,12,89002,379,1.2,0.02,0,0.02,0
1947666,2024-09-16 00:00:00,12,87795,379,0.55,0,0,0,0
1947667,2024-09-16 00:00:00,12,88239,304,5.86,2.44,0.5,1.44,0.5
1947668,2024-09-16 00:00:00,13,88655,374,81.85,152,56.72,95.28,0
1947669,2024-09-16 00:00:00,13,88648,378,7.83,106.13,73.16,28.9,4.06
1947670,2024-09-16 00:00:00,13,89639,374,0.38,0.1,0,0,0.1
1947671,2024-09-16 00:00:00,13,86654,375,13.61,0.8,0,0.8,0
1947672,2024-09-16 00:00:00,13,89954,367,0.31,0.02,0,0,0.02
1947673,2024-09-16 00:00:00,13,86498,374,0.36,0.1,0,0,0.1
1947674,2024-09-16 00:00:00,14,87832,376,1.83,0.01,0,0.01,0
1947675,2024-09-16 00:00:00,13,87196,378,4.36,82.28,62.78,1.57,17.91
1947676,2024-09-16 00:00:00,13,89123,379,0.53,0.02,0,0.02,0
1947677,2024-09-16 00:00:00,14,89796,359,27.15,884.44,306.96,560.98,16.49
1947678,2024-09-16 00:00:00,14,86876,306,0.66,0.09,0,0.09,0
1947679,2024-09-16 00:00:00,13,87515,378,1.58,0.1,0,0.1,0
1947680,2024-09-16 00:00:00,14,87272,376,17.78,381.28,298.44,44.21,38.61
1947681,2024-09-16 00:00:00,14,87909,341,0.51,0.05,0,0.05,0
1947682,2024-09-16 00:00:00,14,86973,378,1.38,0.62,0.61,0,0.01
1947683,2024-09-16 00:00:00,14,90311,379,4.81,8.98,8.46,0.51,0
1947684,2024-09-16 00:00:00,14,87678,374,15.76,55.01,20.03,32.81,2.16
1947685,2024-09-16 00:00:00,14,88357,378,1.66,0.15,0,0.15,0
1947686,2024-09-16 00:00:00,14,86831,334,0.18,0.01,0,0.01,0
1947687,2024-09-16 00:00:00,14,88055,334,0.43,0.01,0,0,0.01
1947688,2024-09-16 00:00:00,14,90367,374,0.33,0,0,0,0
1947689,2024-09-16 00:00:00,14,89287,376,5.43,1.25,0.97,0.27,0
1947690,2024-09-16 00:00:00,14,88632,376,29.43,457.31,409.75,45.43,2.12
1947691,2024-09-16 00:00:00,14,89008,374,0.61,0.05,0.02,0.03,0
1947692,2024-09-16 00:00:00,15,89120,375,3.7,3.08,1.84,1.18,0.06
1947693,2024-09-16 00:00:00,15,89961,374,64.73,1262.45,900.73,191.92,169.78
1947694,2024-09-16 00:00:00,14,88626,378,4.55,0.02,0,0.02,0
1947695,2024-09-16 00:00:00,15,87654,374,0.55,0.45,0.05,0.4,0
1947696,2024-09-16 00:00:00,14,90120,290,1.18,0.07,0,0.07,0
1947697,2024-09-16 00:00:00,14,88766,376,3.96,0.31,0.31,0,0
1947698,2024-09-16 00:00:00,15,86908,357,1.26,2.46,0.75,0,1.71
1947699,2024-09-16 00:00:00,15,88719,379,13.9,96.02,19.71,75.97,0.33
1947700,2024-09-16 00:00:00,15,89468,301,1.18,0.25,0.25,0,0
1947701,2024-09-16 00:00:00,15,88299,333,0.55,0.02,0,0.02,0
1947702,2024-09-16 00:00:00,15,89851,378,30.36,342.05,262.01,65.62,14.42
1947703,2024-09-16 00:00:00,15,87290,376,1.23,0.02,0,0.02,0
1947704,2024-09-16 00:00:00,15,86885,374,0.71,1.2,0,0.54,0.66
1947705,2024-09-16 00:00:00,15,86717,374,0.38,0.14,0.14,0,0
1947706,2024-09-16 00:00:00,15,88442,334,3.06,15.51,12.99,2.52,0
1947707,2024-09-16 00:00:00,15,89357,316,1.36,1.97,0.14,0,1.82
1947708,2024-09-16 00:00:00,15,89617,378,30.01,746.78,281.43,424.37,40.97
1947709,2024-09-16 00:00:00,15,90146,333,0.5,0,0,0,0
1947710,2024-09-16 00:00:00,15,90399,375,1674.6,5944.78,2318.54,3296.74,329.49
1947711,2024-09-16 00:00:00,15,89555,379,20.38,989.34,680.68,291.9,16.75
1947712,2024-09-16 00:00:00,16,87517,374,2.61,0.01,0.01,0,0
1947713,2024-09-16 00:00:00,16,87954,378,3.58,0.49,0,0.49,0
1947714,2024-09-16 00:00:00,16,88607,378,0.2,0,0,0,0
1947715,2024-09-16 00:00:00,16,87992,374,29.06,130.84,119.49,0,11.35
1947716,2024-09-16 00:00:00,15,88469,379,1.98,0.03,0,0.03,0
1947717,2024-09-16 00:00:00,16,87428,375,52.56,1494.74,832.14,607.79,54.8
1947718,2024-09-16 00:00:00,14,90116,376,4.05,7.15,7.15,0,0
1947719,2024-09-16 00:00:00,16,88065,378,38.51,0,0,0,0
1947720,2024-09-16 00:00:00,16,89810,374,12.73,196.33,104.32,69.92,22.08
1947721,2024-09-16 00:00:00,16,86640,376,1.95,0,0,0,0
1947722,2024-09-16 00:00:00,16,88487,375,3.43,2.44,2.44,0,0
1947723,2024-09-16 00:00:00,16,89729,374,55.3,2260.11,617.9,1628.34,13.86
1947724,2024-09-16 00:00:00,17,89655,352,0.3,0.18,0,0,0.18
1947725,2024-09-16 00:00:00,16,87372,374,0.78,0,0,0,0
1947726,2024-09-16 00:00:00,17,90036,376,6.8,7.57,0,7.57,0
1947727,2024-09-16 00:00:00,17,89816,290,0.8,0.02,0,0.02,0
1947728,2024-09-16 00:00:00,17,87380,345,2.9,21.63,20.41,0.82,0.39
1947729,2024-09-16 00:00:00,17,88686,376,4.91,1.95,1.95,0,0
1947730,2024-09-16 00:00:00,17,86593,375,84.85,19996.01,13711.75,4911.28,1372.98
1947731,2024-09-16 00:00:00,17,88559,334,1.48,3.03,0.21,2.81,0
1947732,2024-09-16 00:00:00,17,87979,376,0.65,0,0,0,0
1947733,2024-09-16 00:00:00,17,87867,379,0.51,0.02,0,0.02,0
1947734,2024-09-16 00:00:00,17,87104,351,0.41,0.02,0,0.02,0
1947735,2024-09-16 00:00:00,17,89152,376,1.26,0,0,0,0
1947736,2024-09-16 00:00:00,17,90091,374,38.06,2286.54,1011.41,975.98,299.14
1947737,2024-09-16 00:00:00,17,88287,374,0.36,0,0,0,0
1947738,2024-09-16 00:00:00,17,87277,376,0.53,0.19,0,0,0.19
1947739,2024-09-16 00:00:00,17,87628,378,0.88,0,0,0,0
1947740,2024-09-16 00:00:00,17,87538,290,2.26,3.1,3.1,0,0
1947741,2024-09-16 00:00:00,17,88287,374,1.88,0,0,0,0
1947742,2024-09-16 00:00:00,17,87460,376,5.8,15.55,14.24,1.14,0.15
1947743,2024-09-16 00:00:00,18,88706,374,3.21,1.49,0.86,0.63,0
1947744,2024-09-16 00:00:00,18,86631,374,51.41,3720.14,779.42,2862.3,78.41
1947745,2024-09-16 00:00:00,18,87394,376,0.33,0,0,0,0
1947746,2024-09-16 00:00:00,18,86855,374,0.41,0,0,0,0
1947747,2024-09-16 00:00:00,19,88158,317,1.45,7.47,3.96,1.84,1.67
1947748,2024-09-16 00:00:00,19,88766,376,1.16,0.09,0,0.09,0
1947749,2024-09-16 00:00:00,19,88869,379,1.7,0.01,0,0.01,0
1947750,2024-09-16 00:00:00,18,90341,379,0.6,0,0,0,0
1947751,2024-09-16 00:00:00,19,86977,288,4.31,1.95,1.03,0.91,0
1947752,2024-09-16 00:00:00,19,88298,376,0.18,0,0,0,0
1947753,2024-09-16 00:00:00,19,88495,375,12.06,63.58,29.43,34.14,0
1947754,2024-09-16 00:00:00,19,88071,376,0.46,0.16,0,0,0.16
1947755,2024-09-16 00:00:00,19,88513,320,3.05,3.46,0.06,3,0.4
1947756,2024-09-16 00:00:00,19,87531,374,0.13,0.01,0,0,0.01
1947757,2024-09-16 00:00:00,18,89970,376,4.96,8.85,8.78,0,0.07
1947758,2024-09-16 00:00:00,19,89287,379,10.3,0.05,0,0.05,0
1947759,2024-09-16 00:00:00,20,90300,374,0.51,0.33,0,0,0.33
1947760,2024-09-16 00:00:00,19,87476,290,0.31,0,0,0,0
1947761,2024-09-16 00:00:00,20,88769,368,0.78,0,0,0,0
1947762,2024-09-16 00:00:00,20,88513,320,0.75,0.52,0,0.52,0
1947763,2024-09-16 00:00:00,20,87237,376,0.56,0,0,0,0
1947764,2024-09-16 00:00:00,20,89001,290,0.36,0,0,0,0
1947765,2024-09-16 00:00:00,20,89834,378,0.36,0,0,0,0
1947766,2024-09-16 00:00:00,20,86812,376,0.41,0.03,0,0.03,0
1947767,2024-09-16 00:00:00,20,88719,374,13.71,411.88,88.78,316.07,7.01
1947768,2024-09-16 00:00:00,20,86729,378,1.05,0.01,0,0.01,0
1947769,2024-09-16 00:00:00,20,88906,374,26.76,101.82,69.01,6.54,26.25
1947770,2024-09-16 00:00:00,20,90276,376,0.73,0,0,0,0
1947771,2024-09-16 00:00:00,20,87144,376,3.71,8.59,8.59,0,0
1947772,2024-09-16 00:00:00,20,87189,374,72.61,1320.06,331.87,931.61,56.57
1947773,2024-09-16 00:00:00,20,90116,376,1.16,0,0,0,0
1947774,2024-09-16 00:00:00,20,87370,374,2.43,1.08,0,1.08,0
1947775,2024-09-16 00:00:00,20,89287,304,9.28,0.77,0,0.77,0
1947776,2024-09-16 00:00:00,21,87178,322,3.48,1.2,0,0.9,0.3
1947777,2024-09-16 00:00:00,21,88533,378,0.91,0.01,0,0.01,0
1947778,2024-09-16 00:00:00,21,86966,324,69.45,2697.94,1067.28,1528.4,102.25
1947779,2024-09-16 00:00:00,21,86876,307,27.5,0,0,0,0
1947780,2024-09-16 00:00:00,21,87856,374,0.71,0.03,0.03,0,0
1947781,2024-09-16 00:00:00,21,87704,374,0.28,0,0,0,0
1947782,2024-09-16 00:00:00,21,87931,378,0.31,0,0,0,0
1947783,2024-09-16 00:00:00,21,88533,378,0.41,0,0,0,0
1947784,2024-09-16 00:00:00,22,89401,368,1.66,2.82,2.82,0,0
1947785,2024-09-16 00:00:00,21,86740,374,0.93,0.7,0.7,0,0
1947786,2024-09-16 00:00:00,22,87148,374,1.81,5,0,5,0
1947787,2024-09-16 00:00:00,22,90005,368,22.33,212,197.73,11.97,2.28
1947788,2024-09-16 00:00:00,22,90392,368,0.93,0.23,0,0.23,0
1947789,2024-09-16 00:00:00,22,90142,317,0.5,0.02,0,0.02,0
1947790,2024-09-16 00:00:00,22,88553,379,8.25,7.36,7.36,0,0
1947791,2024-09-16 00:00:00,22,86818,317,2.66,2,0,2,0
1947792,2024-09-16 00:00:00,22,88978,374,0.35,0.08,0,0.08,0
1947793,2024-09-16 00:00:00,22,87489,290,5.75,24.5,11.01,13.39,0.1
1947794,2024-09-16 00:00:00,22,87476,290,0.21,0,0,0,0
1947795,2024-09-16 00:00:00,21,87069,376,2.58,0.01,0,0.01,0
1947796,2024-09-16 00:00:00,22,90151,376,1.06,0.1,0,0.1,0
1947797,2024-09-16 00:00:00,22,87325,374,0.7,0,0,0,0
1947798,2024-09-16 00:00:00,22,88046,375,0.85,0.2,0.2,0,0
1947799,2024-09-16 00:00:00,22,88234,375,0.36,0.02,0,0.02,0
1947800,2024-09-16 00:00:00,22,90361,375,0.81,0.05,0.05,0,0
1947801,2024-09-16 00:00:00,22,87317,341,0.33,0,0,0,0
1947802,2024-09-16 00:00:00,22,87845,375,1.33,0.95,0.95,0,0
1947803,2024-09-16 00:00:00,23,90144,375,0.4,0,0,0,0
1947804,2024-09-16 00:00:00,23,90122,378,0.41,0,0,0,0
1947805,2024-09-16 00:00:00,23,89715,375,0.58,0.08,0.05,0.03,0
1947806,2024-09-16 00:00:00,23,87238,374,0.36,0.08,0,0.08,0
1947807,2024-09-16 00:00:00,23,90048,368,35.08,2631.53,2382.7,91.09,157.72
1947808,2024-09-16 00:00:00,23,87608,313,0.41,0,0,0,0
1947809,2024-09-16 00:00:00,22,88977,378,39.23,0,0,0,0
1947810,2024-09-16 00:00:00,23,89556,374,1.06,0.01,0.01,0,0
1947811,2024-09-16 00:00:00,23,87911,375,2.28,5.51,0.01,5.5,0
1947812,2024-09-17 00:00:00,0,88638,375,2.61,0.1,0,0.1,0
1947813,2024-09-17 00:00:00,0,87139,378,0.6,0.01,0,0.01,0
1947814,2024-09-17 00:00:00,0,89287,379,5.78,0.05,0,0.05,0
1947815,2024-09-17 00:00:00,0,89122,288,1.31,0.01,0,0.01,0
1947816,2024-09-17 00:00:00,0,89925,378,1.43,0.2,0.2,0,0
1947817,2024-09-17 00:00:00,0,87517,379,71.93,1077.72,918.43,82.46,76.81
1947818,2024-09-17 00:00:00,0,87290,376,0.81,0,0,0,0
1947819,2024-09-17 00:00:00,1,89645,378,14.4,1040.16,408.57,615.58,15.99
1947820,2024-09-17 00:00:00,1,87869,375,1.13,0.5,0,0.41,0.09
1947821,2024-09-17 00:00:00,1,90341,379,1.26,1.34,0,1.34,0
1947822,2024-09-17 00:00:00,1,87628,378,0.73,0.01,0,0.01,0
1947823,2024-09-17 00:00:00,1,89152,376,1.55,0.02,0,0.02,0
1947824,2024-09-17 00:00:00,1,88766,376,5.2,0.1,0,0.1,0
1947825,2024-09-17 00:00:00,1,89152,376,13.08,0.05,0.05,0,0
1947826,2024-09-17 00:00:00,1,86812,290,0.66,0,0,0,0
1947827,2024-09-17 00:00:00,1,89120,379,1.53,0,0,0,0
1947828,2024-09-17 00:00:00,1,88760,288,0.41,0.01,0,0,0.01
1947829,2024-09-17 00:00:00,1,88924,374,5.76,1.81,1.66,0,0.14
1947830,2024-09-17 00:00:00,1,87704,374,0.53,0.02,0,0.02,0
1947831,2024-09-17 00:00:00,1,89341,378,0.35,0,0,0,0
1947832,2024-09-17 00:00:00,2,89313,378,0.3,0.01,0.01,0,0
1947833,2024-09-17 00:00:00,2,87380,379,5.31,6,0,6,0
1947834,2024-09-17 00:00:00,2,87794,376,1.35,0.13,0.05,0,0.08
1947835,2024-09-17 00:00:00,2,87628,378,0.85,0.01,0,0.01,0
1947836,2024-09-17 00:00:00,2,86920,378,0.6,0,0,0,0
1947837,2024-09-17 00:00:00,3,86729,378,2.08,0.01,0,0.01,0
1947838,2024-09-17 00:00:00,2,89945,376,84.08,854.94,209.16,610.74,35.03
1947839,2024-09-17 00:00:00,3,89287,304,2.68,0.37,0,0.37,0
1947840,2024-09-17 00:00:00,3,87708,378,1.18,0.02,0,0.02,0
1947841,2024-09-17 00:00:00,3,86922,379,5.03,2.04,2.04,0,0
1947842,2024-09-17 00:00:00,4,86962,374,2.9,0.05,0,0.05,0
1947843,2024-09-17 00:00:00,4,89063,379,0.86,0.58,0.58,0,0
1947844,2024-09-17 00:00:00,4,86551,378,17.51,0,0,0,0
1947845,2024-09-17 00:00:00,4,88798,376,1.08,0.17,0,0.17,0
1947846,2024-09-17 00:00:00,4,86910,375,1.95,1.57,1.57,0,0
1947847,2024-09-17 00:00:00,5,87611,378,35.98,3953.97,3260.31,584.4,109.26
1947848,2024-09-17 00:00:00,5,87515,378,4.61,10.5,5.82,0,4.68
1947849,2024-09-17 00:00:00,5,87794,378,0.88,1.09,0.2,0.89,0
1947850,2024-09-17 00:00:00,6,86551,378,,0,0,0,0
1947851,2024-09-17 00:00:00,6,88001,290,0.8,0,0,0,0
1947852,2024-09-17 00:00:00,6,87795,379,2.55,0.05,0,0.05,0
1947853,2024-09-17 00:00:00,0,87154,375,20.71,20.15,20.15,0,0
1947854,2024-09-17 00:00:00,6,90377,316,0.63,0.15,0,0,0.15
1947855,2024-09-17 00:00:00,7,87490,290,1.06,0,0,0,0
1947856,2024-09-17 00:00:00,7,89756,290,2.15,0,0,0,0
1947857,2024-09-17 00:00:00,7,87096,290,0.73,0.36,0.36,0,0
1947858,2024-09-17 00:00:00,7,89313,378,0.76,0.3,0,0.3,0
1947859,2024-09-17 00:00:00,8,90352,317,1.98,0.68,0,0.56,0.11
1947860,2024-09-17 00:00:00,8,88106,341,0.7,0.21,0.21,0,0
1947861,2024-09-17 00:00:00,9,88579,320,1.86,0.4,0,0.4,0
1947862,2024-09-17 00:00:00,9,90341,379,1.88,0,0,0,0
1947863,2024-09-17 00:00:00,9,87628,378,0.53,0.01,0,0.01,0
1947864,2024-09-17 00:00:00,6,89970,376,5,1.47,1.47,0,0
1947865,2024-09-17 00:00:00,9,88229,374,1.63,1.79,1.79,0,0
1947866,2024-09-17 00:00:00,9,87828,375,5.46,0.4,0.4,0,0
1947867,2024-09-17 00:00:00,9,89251,317,0.08,0.04,0.04,0,0
1947868,2024-09-17 00:00:00,9,89726,314,1.46,0.3,0,0.3,0
1947869,2024-09-17 00:00:00,10,88469,379,32.83,0,0,0,0
1947870,2024-09-17 00:00:00,10,89120,379,2.1,0.2,0,0.2,0
1947871,2024-09-17 00:00:00,10,88203,378,1.51,0.06,0,0.06,0
1947872,2024-09-17 00:00:00,10,87795,379,0.85,2,1.5,0.5,0
1947873,2024-09-17 00:00:00,10,89081,376,22.18,131.42,97.3,21.36,12.75
1947874,2024-09-17 00:00:00,11,89063,379,1.71,0.35,0,0.35,0
1947875,2024-09-17 00:00:00,11,89794,379,1,0,0,0,0
1947876,2024-09-17 00:00:00,11,87866,290,7.25,3.43,3.43,0,0
1947877,2024-09-17 00:00:00,11,86911,376,1.35,0.01,0,0.01,0
1947878,2024-09-17 00:00:00,11,86865,371,18.35,313.37,307.66,0,5.71
1947879,2024-09-17 00:00:00,11,87349,317,0.76,0.05,0,0.05,0
1947880,2024-09-17 00:00:00,11,88681,320,3.25,15.3,0.1,9.2,6
1947881,2024-09-17 00:00:00,11,89661,374,1.28,0.1,0.1,0,0
1947882,2024-09-17 00:00:00,12,90341,379,1.33,0.02,0,0.02,0
1947883,2024-09-17 00:00:00,12,90122,378,1.81,0,0,0,0
1947884,2024-09-17 00:00:00,12,90303,376,40.38,272.92,245.69,15.18,12.04
1947885,2024-09-17 00:00:00,12,89821,379,5.18,0.08,0.08,0,0
1947886,2024-09-17 00:00:00,12,89191,359,6.31,145.43,32.83,108.94,3.65
1947887,2024-09-17 00:00:00,12,89685,376,0.16,0.13,0,0,0.13
1947888,2024-09-17 00:00:00,12,87629,374,0.63,0.05,0.05,0,0
1947889,2024-09-17 00:00:00,12,87283,345,0.26,0.01,0,0,0.01
1947890,2024-09-17 00:00:00,12,89162,378,20.5,0,0,0,0
1947891,2024-09-17 00:00:00,12,90116,376,2.85,0.01,0,0.01,0
1947892,2024-09-17 00:00:00,12,90151,376,0.31,0.06,0,0.06,0
1947893,2024-09-17 00:00:00,12,88104,374,94.9,13526.43,6519.09,6506.44,500.89
1947894,2024-09-17 00:00:00,12,86911,376,3.7,5.88,5.38,0.49,0
1947895,2024-09-17 00:00:00,12,88213,376,14.5,0,0,0,0
1947896,2024-09-17 00:00:00,13,90424,313,7.86,57.83,51.6,2.66,3.56
1947897,2024-09-17 00:00:00,12,87515,378,23.3,36.91,32.65,1.86,2.39
1947898,2024-09-17 00:00:00,13,87109,379,0.03,0,0,0,0
1947899,2024-09-17 00:00:00,13,87272,376,12.96,0.05,0,0.05,0
1947900,2024-09-17 00:00:00,12,89123,379,0.58,0.13,0.01,0.12,0
1947901,2024-09-17 00:00:00,13,90151,376,4.06,1.4,1.4,0,0
1947902,2024-09-17 00:00:00,13,88065,378,19.88,0,0,0,0
1947903,2024-09-17 00:00:00,13,89162,378,19.81,0,0,0,0
1947904,2024-09-17 00:00:00,13,87027,290,28.9,35.91,34.32,1.38,0.2
1947905,2024-09-17 00:00:00,13,87084,378,0.05,0.02,0,0.02,0
1947906,2024-09-17 00:00:00,13,88665,374,0.71,0.33,0.32,0.01,0
1947907,2024-09-17 00:00:00,13,88533,378,0.65,0,0,0,0
1947908,2024-09-17 00:00:00,11,89942,378,2.06,0.96,0.96,0,0
1947909,2024-09-17 00:00:00,13,89620,376,0.88,2.41,0,0,2.41
1947910,2024-09-17 00:00:00,14,89576,378,0.81,0.11,0,0.11,0
1947911,2024-09-17 00:00:00,13,89980,379,3.58,5.14,5.14,0,0
1947912,2024-09-17 00:00:00,13,86713,378,1.83,0.25,0,0.25,0
1947913,2024-09-17 00:00:00,13,87326,375,5.58,1.3,1,0.3,0
1947914,2024-09-17 00:00:00,13,88492,374,2.08,1,1,0,0
1947915,2024-09-17 00:00:00,14,89639,376,1.7,0.04,0,0,0.04
1947916,2024-09-17 00:00:00,14,89214,288,0.38,0,0,0,0
1947917,2024-09-17 00:00:00,14,87818,309,0.31,0,0,0,0
1947918,2024-09-17 00:00:00,14,87290,376,36.33,0.01,0,0.01,0
1947919,2024-09-17 00:00:00,14,87198,374,0.28,0.02,0,0.02,0
1947920,2024-09-17 00:00:00,14,90143,374,1.88,0.33,0,0.33,0
1947921,2024-09-17 00:00:00,14,88429,334,1.2,1.25,0,1.2,0.05
1947922,2024-09-17 00:00:00,14,86818,379,0.83,0.4,0,0.4,0
1947923,2024-09-17 00:00:00,14,90373,376,22.4,25.61,22.87,0.79,1.94
1947924,2024-09-17 00:00:00,14,90345,374,30.31,366.45,11.98,333.25,21.21
1947925,2024-09-17 00:00:00,14,90420,379,8.6,14.82,14.82,0,0
1947926,2024-09-17 00:00:00,14,86723,379,0.76,0.12,0.12,0,0
1947927,2024-09-17 00:00:00,14,87972,379,0.63,0.1,0,0.1,0
1947928,2024-09-17 00:00:00,14,88849,374,0.21,0.01,0,0.01,0
1947929,2024-09-17 00:00:00,14,89120,379,1.05,0.6,0,0.6,0
1947930,2024-09-17 00:00:00,14,88014,376,11.65,63.03,46.04,16.97,0
1947931,2024-09-17 00:00:00,14,86729,379,0.2,0,0,0,0
1947932,2024-09-17 00:00:00,15,87444,379,1.4,2,0,2,0
1947933,2024-09-17 00:00:00,15,89491,374,2.7,0.5,0.5,0,0
1947934,2024-09-17 00:00:00,15,88533,379,1.13,0.05,0,0.05,0
1947935,2024-09-17 00:00:00,15,86667,288,0.5,0.02,0,0.02,0
1947936,2024-09-17 00:00:00,15,88079,359,6.58,3,0,3,0
1947937,2024-09-17 00:00:00,15,86746,378,0.66,0.02,0,0.02,0
1947938,2024-09-17 00:00:00,15,89533,374,0.45,0,0,0,0
1947939,2024-09-17 00:00:00,15,90355,358,0.63,0.27,0,0.27,0
1947940,2024-09-17 00:00:00,15,86687,375,0.41,0.02,0.01,0.01,0
1947941,2024-09-17 00:00:00,15,87832,376,1.61,0,0,0,0
1947942,2024-09-17 00:00:00,15,87368,376,1.88,0.3,0,0.3,0
1947943,2024-09-17 00:00:00,16,88598,376,22.95,0,0,0,0
1947944,2024-09-17 00:00:00,16,87188,375,27.95,24.4,12.2,12.2,0
1947945,2024-09-17 00:00:00,16,89152,378,0.45,0,0,0,0
1947946,2024-09-17 00:00:00,16,87126,368,2.61,12.38,11.56,0.7,0.12
1947947,2024-09-17 00:00:00,16,86726,375,1.41,4.2,0.3,3.9,0
1947948,2024-09-17 00:00:00,17,88797,374,2.13,0.04,0.04,0,0
1947949,2024-09-17 00:00:00,17,89947,378,15.78,0,0,0,0
1947950,2024-09-17 00:00:00,17,86750,352,0.3,0.06,0,0,0.06
1947951,2024-09-17 00:00:00,17,87490,290,0.45,0.01,0,0.01,0
1947952,2024-09-17 00:00:00,17,89947,378,15.58,0,0,0,0
1947953,2024-09-17 00:00:00,17,89756,290,0.81,0,0,0,0
1947954,2024-09-17 00:00:00,17,89494,378,0.01,0,0,0,0
1947955,2024-09-17 00:00:00,17,88919,375,16.28,468.23,118.85,325.9,23.46
1947956,2024-09-17 00:00:00,18,87993,358,10.46,0,0,0,0
1947957,2024-09-17 00:00:00,18,88287,374,0.58,0.01,0,0.01,0
1947958,2024-09-17 00:00:00,17,87144,376,4.16,0.32,0,0.32,0
1947959,2024-09-17 00:00:00,18,86839,379,18.91,54.95,8.07,46.87,0
1947960,2024-09-17 00:00:00,18,90122,376,0.73,0,0,0,0
1947961,2024-09-17 00:00:00,18,88744,375,1.33,1,0.6,0.4,0
1947962,2024-09-17 00:00:00,18,90120,290,3.16,2.75,2.75,0,0
1947963,2024-09-17 00:00:00,18,87350,376,0.4,0,0,0,0
1947964,2024-09-17 00:00:00,19,87836,374,0.25,0,0,0,0
1947965,2024-09-17 00:00:00,19,89961,379,1.68,0.01,0,0.01,0
1947966,2024-09-17 00:00:00,19,89484,375,3.05,5,4,1,0
1947967,2024-09-17 00:00:00,19,87569,317,1.5,0,0,0,0
1947968,2024-09-17 00:00:00,19,87294,374,1.81,0.5,0,0.5,0
1947969,2024-09-17 00:00:00,19,88948,379,5.56,1.42,0.43,0,0.98
1947970,2024-09-17 00:00:00,19,89579,376,18.15,91.83,64.06,27.41,0.35
1947971,2024-09-17 00:00:00,20,89759,317,0.45,0,0,0,0
1947972,2024-09-17 00:00:00,20,87290,376,30.38,0.01,0,0.01,0
1947973,2024-09-17 00:00:00,20,87690,317,45.05,86.36,62.51,20.72,3.12
1947974,2024-09-17 00:00:00,20,88533,379,0.26,0.05,0,0.05,0
1947975,2024-09-17 00:00:00,20,87708,378,0.9,0.01,0,0.01,0
1947976,2024-09-17 00:00:00,20,88232,320,3.5,0.9,0,0.9,0
1947977,2024-09-17 00:00:00,20,89625,374,0.25,0,0,0,0
1947978,2024-09-17 00:00:00,20,88204,374,0.55,0.01,0,0,0.01
1947979,2024-09-17 00:00:00,20,90208,375,1.38,1.25,0.23,0,1.01
1947980,2024-09-17 00:00:00,20,90156,374,0.38,0,0,0,0
1947981,2024-09-17 00:00:00,20,88854,376,1.68,0.05,0.05,0,0
1947982,2024-09-17 00:00:00,20,88701,316,16.03,273.25,177.44,69.03,26.77
1947983,2024-09-17 00:00:00,20,87321,374,4.53,3.85,3.85,0,0
1947984,2024-09-17 00:00:00,20,89742,374,6.1,4.89,0,2.67,2.22
1947985,2024-09-17 00:00:00,21,89928,374,1.73,0.75,0,0.75,0
1947986,2024-09-17 00:00:00,21,87580,374,2.81,1,1,0,0
1947987,2024-09-17 00:00:00,21,88092,320,2.25,2.5,0,2.5,0
1947988,2024-09-17 00:00:00,21,89162,378,11.68,0,0,0,0
1947989,2024-09-17 00:00:00,21,90085,376,0.83,0,0,0,0
1947990,2024-09-17 00:00:00,21,88533,378,0.61,0,0,0,0
1947991,2024-09-17 00:00:00,21,87654,375,1.93,0.26,0.09,0.11,0.05
1947992,2024-09-17 00:00:00,21,89084,317,4.35,0,0,0,0
1947993,2024-09-17 00:00:00,21,88726,376,0.51,0.03,0,0.03,0
1947994,2024-09-17 00:00:00,21,90038,374,18.2,9.89,8.89,0,0.99
1947995,2024-09-17 00:00:00,21,87715,290,0.6,0.01,0.01,0,0
1947996,2024-09-17 00:00:00,21,89683,317,12.33,1,0,1,0
1947997,2024-09-17 00:00:00,21,86765,375,3.9,0.76,0.33,0.43,0
1947998,2024-09-17 00:00:00,22,87299,374,0.55,0,0,0,0
1947999,2024-09-17 00:00:00,22,87096,290,5.78,0.47,0.47,0,0
1948000,2024-09-17 00:00:00,22,86573,375,1.18,0,0,0,0
1948001,2024-09-17 00:00:00,22,90285,320,3.9,12,1,11,0
1948002,2024-09-17 00:00:00,22,87931,378,0.06,0.74,0.74,0,0
1948003,2024-09-17 00:00:00,22,89472,379,6.8,0.01,0,0.01,0
1948004,2024-09-17 00:00:00,22,89544,288,0.25,0,0,0,0
1948005,2024-09-17 00:00:00,22,88515,378,24.16,60.76,50.02,9.46,1.27
1948006,2024-09-17 00:00:00,22,88533,379,1.21,0,0,0,0
1948007,2024-09-17 00:00:00,23,87910,290,0.9,0.01,0,0.01,0
1948008,2024-09-17 00:00:00,22,87211,378,4.25,0.02,0.02,0,0
1948009,2024-09-17 00:00:00,23,86973,379,1.85,0.03,0,0.03,0
1948010,2024-09-17 00:00:00,23,88726,376,0.75,0.01,0,0.01,0
1948011,2024-09-17 00:00:00,23,90372,374,1.3,0,0,0,0
1948012,2024-09-17 00:00:00,23,86812,378,0.61,0,0,0,0
1948013,2024-09-17 00:00:00,23,89387,374,0.58,0.03,0,0.03,0
1948014,2024-09-17 00:00:00,23,88798,376,1.75,0.02,0.02,0,0
1948015,2024-09-17 00:00:00,23,88607,378,0.23,0.02,0,0.02,0
1948016,2024-09-18 00:00:00,0,89358,374,5.75,3,1,2,0
1948017,2024-09-18 00:00:00,0,88934,375,12.78,146.77,4.13,130.08,12.55
1948018,2024-09-18 00:00:00,0,88960,374,4.2,4,4,0,0
1948019,2024-09-18 00:00:00,0,89616,374,0.46,0.01,0,0.01,0
1948020,2024-09-18 00:00:00,1,89663,374,0.36,0.04,0,0.04,0
1948021,2024-09-18 00:00:00,1,87318,375,0.66,0,0,0,0
1948022,2024-09-18 00:00:00,1,90152,290,0.6,0,0,0,0
1948023,2024-09-18 00:00:00,1,87972,320,2.81,0.86,0.05,0,0.8
1948024,2024-09-18 00:00:00,1,89754,322,5.48,5.59,0.8,4.77,0
1948025,2024-09-18 00:00:00,2,89833,376,0.78,0.01,0,0.01,0
1948026,2024-09-18 00:00:00,2,89267,316,0.66,0.08,0,0,0.08
1948027,2024-09-18 00:00:00,2,88161,379,0.48,0.02,0,0.02,0
1948028,2024-09-18 00:00:00,2,89164,379,4.76,0.01,0.01,0,0
1948029,2024-09-18 00:00:00,2,88638,375,0.85,1.35,0.01,1.34,0
1948030,2024-09-18 00:00:00,2,87884,375,10.31,23.04,7.31,15.73,0
1948031,2024-09-18 00:00:00,3,86691,317,21.11,0,0,0,0
1948032,2024-09-18 00:00:00,3,87628,376,0.96,0.03,0,0.03,0
1948033,2024-09-18 00:00:00,2,87305,378,2.26,1.1,1.1,0,0
1948034,2024-09-18 00:00:00,4,90424,379,38.51,0,0,0,0
1948035,2024-09-18 00:00:00,4,89152,376,0.85,0.03,0,0.03,0
1948036,2024-09-18 00:00:00,4,86729,379,0.81,0.1,0,0.1,0
1948037,2024-09-18 00:00:00,4,88828,375,5.51,0.37,0,0,0.37
1948038,2024-09-18 00:00:00,4,89120,379,0.48,0.1,0,0.1,0
1948039,2024-09-18 00:00:00,4,87948,378,10.08,12.92,11.88,1.03,0
1948040,2024-09-18 00:00:00,4,88031,379,6.3,4.57,3.94,0.62,0
1948041,2024-09-18 00:00:00,4,88533,379,2.93,0.02,0,0.02,0
1948042,2024-09-18 00:00:00,5,90239,379,0.21,0.01,0,0.01,0
1948043,2024-09-18 00:00:00,5,90387,376,0.55,0,0,0,0
1948044,2024-09-18 00:00:00,6,86499,374,0.5,0.01,0,0.01,0
1948045,2024-09-18 00:00:00,6,86712,378,2.96,0,0,0,0
1948046,2024-09-18 00:00:00,3,89443,378,2.25,0,0,0,0
1948047,2024-09-18 00:00:00,6,86712,378,2.63,0,0,0,0
1948048,2024-09-18 00:00:00,6,86712,378,2.43,0,0,0,0
1948049,2024-09-18 00:00:00,7,89485,375,0.41,0.01,0,0,0
1948050,2024-09-18 00:00:00,7,88301,374,1.81,0.01,0,0.01,0
1948051,2024-09-18 00:00:00,7,88533,379,1.3,0.1,0,0.1,0
1948052,2024-09-18 00:00:00,7,89645,379,14.8,1,0,1,0
1948053,2024-09-18 00:00:00,8,90387,376,10.2,32.28,32.17,0,0.1
1948054,2024-09-18 00:00:00,8,87109,374,1.7,0.01,0,0.01,0
1948055,2024-09-18 00:00:00,8,89984,290,1.88,0.03,0,0.03,0
1948056,2024-09-18 00:00:00,8,89120,379,0.95,0.05,0,0.05,0
1948057,2024-09-18 00:00:00,9,86816,374,0.96,0.19,0,0.19,0
1948058,2024-09-18 00:00:00,9,87439,317,0.68,0,0,0,0
1948059,2024-09-18 00:00:00,9,87518,361,1.55,3.03,0,2.81,0.21
1948060,2024-09-18 00:00:00,9,89198,316,2.18,0.08,0,0,0.08
1948061,2024-09-18 00:00:00,10,90495,290,0.36,0,0,0,0
1948062,2024-09-18 00:00:00,10,89162,378,8.61,0,0,0,0
1948063,2024-09-18 00:00:00,9,89120,379,1.13,0.05,0,0.05,0
1948064,2024-09-18 00:00:00,9,87290,376,6.25,0,0,0,0
1948065,2024-09-18 00:00:00,9,87096,290,0.66,0.01,0,0.01,0
1948066,2024-09-18 00:00:00,10,87556,374,0.23,0.05,0,0,0.05
1948067,2024-09-18 00:00:00,11,87991,375,0.48,0,0,0,0
1948068,2024-09-18 00:00:00,11,88256,322,0.21,0.04,0,0.04,0
1948069,2024-09-18 00:00:00,11,86560,288,1,0.01,0,0,0.01
1948070,2024-09-18 00:00:00,11,88725,378,2.33,0.72,0.72,0,0
1948071,2024-09-18 00:00:00,11,87832,376,9.76,0,0,0,0
1948072,2024-09-18 00:00:00,12,88301,374,1.55,0.5,0,0.5,0
1948073,2024-09-18 00:00:00,12,88829,378,0.65,0.05,0,0,0.05
1948074,2024-09-18 00:00:00,12,86491,317,6.88,71.9,0,71.9,0
1948075,2024-09-18 00:00:00,12,90463,378,2.7,1.06,0.99,0,0.06
1948076,2024-09-18 00:00:00,12,87784,376,0.21,0,0,0,0
1948077,2024-09-18 00:00:00,12,86478,366,0.36,0,0,0,0
1948078,2024-09-18 00:00:00,12,89152,376,0.48,0.04,0,0.04,0
1948079,2024-09-18 00:00:00,13,88462,375,8.75,8.65,5.2,3.45,0
1948080,2024-09-18 00:00:00,13,89657,309,1,4.56,4.48,0,0.07
1948081,2024-09-18 00:00:00,13,90208,379,6.53,0.95,0.95,0,0
1948082,2024-09-18 00:00:00,12,89587,374,8.58,26.51,1.3,22.75,2.46
1948083,2024-09-18 00:00:00,13,87979,376,0.85,0.36,0.36,0,0
1948084,2024-09-18 00:00:00,13,87580,379,0.81,0,0,0,0
1948085,2024-09-18 00:00:00,13,89472,379,1.6,0.5,0,0.5,0
1948086,2024-09-18 00:00:00,13,90458,375,0.36,0.1,0.09,0.01,0
1948087,2024-09-18 00:00:00,13,88982,375,1.46,0.14,0.14,0,0
1948088,2024-09-18 00:00:00,14,90238,374,2.21,0,0,0,0
1948089,2024-09-18 00:00:00,14,88357,377,1.36,0.06,0,0.06,0
1948090,2024-09-18 00:00:00,14,87625,376,0.25,0,0,0,0
1948091,2024-09-18 00:00:00,13,89021,376,0.45,0.1,0,0.1,0
1948092,2024-09-18 00:00:00,14,88223,376,4.23,11.55,11.55,0,0
1948093,2024-09-18 00:00:00,14,87023,376,1.03,0.02,0.02,0,0
1948094,2024-09-18 00:00:00,14,86933,317,2.86,0.27,0,0.27,0
1948095,2024-09-18 00:00:00,14,89898,299,0.31,0,0,0,0
1948096,2024-09-18 00:00:00,12,87420,379,0.61,0.01,0,0.01,0
1948097,2024-09-18 00:00:00,14,88982,375,1.88,0.01,0.01,0,0
1948098,2024-09-18 00:00:00,15,87862,379,4.11,0.3,0,0.3,0
1948099,2024-09-18 00:00:00,15,86748,352,0.2,0.14,0,0,0.14
1948100,2024-09-18 00:00:00,16,87104,375,1.76,2.51,0.88,1.53,0.09
1948101,2024-09-18 00:00:00,15,87064,378,0.8,0,0,0,0
1948102,2024-09-18 00:00:00,15,88745,375,0.48,0,0,0,0
1948103,2024-09-18 00:00:00,16,89485,374,5.76,0.5,0,0.5,0
1948104,2024-09-18 00:00:00,16,87749,345,0.36,0.01,0,0,0.01
1948105,2024-09-18 00:00:00,16,89713,375,11.55,0.06,0,0.06,0
1948106,2024-09-18 00:00:00,16,87693,378,2.65,0.01,0,0.01,0
1948107,2024-09-18 00:00:00,16,88705,376,0.63,0.1,0.1,0,0
1948108,2024-09-18 00:00:00,16,88820,376,2.28,0.01,0,0.01,0
1948109,2024-09-18 00:00:00,16,87109,374,1.53,0.01,0,0.01,0
1948110,2024-09-18 00:00:00,16,87840,320,0.85,0.25,0,0.2,0.05
1948111,2024-09-18 00:00:00,16,89713,375,0.9,0.15,0,0.15,0
1948112,2024-09-18 00:00:00,17,89832,375,0.61,0.05,0,0.05,0
1948113,2024-09-18 00:00:00,17,88658,376,1.36,0,0,0,0
1948114,2024-09-18 00:00:00,17,87835,368,1.96,0.02,0.02,0,0
1948115,2024-09-18 00:00:00,17,86818,379,1.53,0.5,0.5,0,0
1948116,2024-09-18 00:00:00,17,87691,290,30.71,0,0,0,0
1948117,2024-09-18 00:00:00,17,89055,375,1.25,0.02,0,0.02,0
1948118,2024-09-18 00:00:00,17,87109,379,0.03,0,0,0,0
1948119,2024-09-18 00:00:00,18,86742,379,1.2,0,0,0,0
1948120,2024-09-18 00:00:00,18,88904,380,2.18,0,0,0,0
1948121,2024-09-18 00:00:00,18,90055,374,0.41,0,0,0,0
1948122,2024-09-18 00:00:00,18,90069,318,0.05,0.01,0,0,0.01
1948123,2024-09-18 00:00:00,18,87230,344,3.21,7.59,2.4,5.19,0
1948124,2024-09-18 00:00:00,18,88492,374,2.36,0.08,0.08,0,0
1948125,2024-09-18 00:00:00,19,89508,374,0.48,0,0,0,0
1948126,2024-09-18 00:00:00,19,88880,374,0.43,0.03,0,0.03,0
1948127,2024-09-18 00:00:00,19,89318,378,0.65,0.02,0,0.02,0
1948128,2024-09-18 00:00:00,19,86876,307,0.46,0,0,0,0
1948129,2024-09-18 00:00:00,19,86609,375,0.9,0,0,0,0
1948130,2024-09-18 00:00:00,19,90099,379,1.76,0.03,0,0.03,0
1948131,2024-09-18 00:00:00,19,87023,324,0.28,0,0,0,0
1948132,2024-09-18 00:00:00,19,86937,290,0.25,0,0,0,0
1948133,2024-09-18 00:00:00,19,86786,341,1.51,0.06,0,0,0.06
1948134,2024-09-18 00:00:00,19,87136,374,0.91,3.12,0.17,2.84,0.11
1948135,2024-09-18 00:00:00,19,89984,317,0.71,0.01,0,0.01,0
1948136,2024-09-18 00:00:00,20,88469,379,0.96,0,0,0,0
1948137,2024-09-18 00:00:00,20,88906,374,0.76,0.01,0,0.01,0
1948138,2024-09-18 00:00:00,20,89832,378,0.5,0,0,0,0
1948139,2024-09-18 00:00:00,20,89832,375,0.7,0.05,0,0.05,0
1948140,2024-09-18 00:00:00,20,86644,368,0.73,0.03,0,0,0.03
1948141,2024-09-18 00:00:00,21,88389,317,0.31,0,0,0,0
1948142,2024-09-18 00:00:00,21,86963,378,0.38,0.01,0,0.01,0
1948143,2024-09-18 00:00:00,21,88238,374,0.56,0.03,0,0.03,0
1948144,2024-09-18 00:00:00,21,88606,376,0.2,0.01,0,0.01,0
1948145,2024-09-18 00:00:00,21,86925,319,1.26,0.01,0,0.01,0
1948146,2024-09-18 00:00:00,2,88552,368,5.51,3.3,2.93,0,0.37
1948147,2024-09-18 00:00:00,21,87410,374,0.53,0.11,0,0.11,0
1948148,2024-09-18 00:00:00,21,87305,378,1.41,0.37,0.37,0,0
1948149,2024-09-18 00:00:00,21,89084,374,0.38,0.05,0,0.05,0
1948150,2024-09-18 00:00:00,21,88078,320,16.43,37.34,2.44,34.69,0.2
1948151,2024-09-18 00:00:00,21,87305,378,0.66,0.01,0.01,0,0
1948152,2024-09-18 00:00:00,22,86553,374,0.65,0.01,0,0.01,0
1948153,2024-09-18 00:00:00,22,88627,320,9.53,54.92,1.6,53.31,0
1948154,2024-09-18 00:00:00,22,90216,368,0.9,0.02,0.02,0,0
1948155,2024-09-18 00:00:00,20,88463,317,0.58,0.24,0,0.24,0
1948156,2024-09-18 00:00:00,22,89028,376,2.91,1.8,0,1.8,0
1948157,2024-09-18 00:00:00,23,90054,375,1.21,0.25,0,0.25,0
1948158,2024-09-18 00:00:00,23,88893,375,0.46,0,0,0,0
1948159,2024-09-18 00:00:00,23,86590,376,1.36,0.02,0,0.02,0
1948160,2024-09-19 00:00:00,0,88202,317,0.36,0.01,0,0.01,0
1948161,2024-09-19 00:00:00,1,88357,378,0.35,0,0,0,0
1948162,2024-09-19 00:00:00,1,88738,375,0.3,0.2,0,0.2,0
1948163,2024-09-19 00:00:00,2,86968,378,0.4,0.23,0,0.23,0
1948164,2024-09-19 00:00:00,2,86937,378,1.78,0.56,0.56,0,0
1948165,2024-09-19 00:00:00,1,87027,379,1.55,0.03,0,0.03,0
1948166,2024-09-19 00:00:00,2,88026,291,0.98,0.03,0,0.03,0
1948167,2024-09-19 00:00:00,3,88925,374,0.41,0.01,0.01,0,0
1948168,2024-09-19 00:00:00,3,87136,379,8.56,1.77,0,1.62,0.15
1948169,2024-09-19 00:00:00,4,88487,378,0.66,0.01,0,0.01,0
1948170,2024-09-19 00:00:00,5,86574,320,1.01,0.01,0,0.01,0
1948171,2024-09-19 00:00:00,6,88632,379,0.83,0,0,0,0
1948172,2024-09-19 00:00:00,5,88107,320,3.76,4.01,0.66,3.35,0
1948173,2024-09-19 00:00:00,7,87211,378,0.55,0.05,0,0.05,0
1948174,2024-09-19 00:00:00,7,87272,376,0.93,0.03,0,0.03,0
1948175,2024-09-19 00:00:00,7,87367,378,1.26,0,0,0,0
1948176,2024-09-19 00:00:00,7,87121,290,0.55,0.02,0,0.02,0
1948177,2024-09-19 00:00:00,8,89277,321,0.5,0.04,0,0.04,0
1948178,2024-09-19 00:00:00,8,89970,379,2.2,0.06,0,0.06,0
1948179,2024-09-19 00:00:00,8,90335,376,3.16,0.05,0,0.05,0
1948180,2024-09-19 00:00:00,8,89984,317,2.03,0.01,0.01,0,0
1948181,2024-09-19 00:00:00,8,90463,376,2.06,0,0,0,0
1948182,2024-09-19 00:00:00,9,87061,375,0.25,0,0,0,0
1948183,2024-09-19 00:00:00,9,90131,379,18.08,1081.88,184.5,881.76,15.62
1948184,2024-09-19 00:00:00,10,86876,306,1.03,0,0,0,0
1948185,2024-09-19 00:00:00,10,87272,376,0.75,0.02,0,0.02,0
1948186,2024-09-19 00:00:00,11,89152,376,0.43,0.08,0,0.08,0
1948187,2024-09-19 00:00:00,11,89814,379,0.71,0.01,0,0.01,0
1948188,2024-09-19 00:00:00,11,89216,379,1,27.01,2.04,16.57,8.39
1948189,2024-09-19 00:00:00,11,90387,376,1.11,0.02,0,0.02,0
1948190,2024-09-19 00:00:00,11,87921,374,0.58,0.02,0,0,0.02
1948191,2024-09-19 00:00:00,11,87327,379,0.53,0.01,0,0.01,0
1948192,2024-09-19 00:00:00,12,86842,376,4.38,0.1,0,0.1,0
1948193,2024-09-19 00:00:00,12,89400,291,0.86,0.2,0,0.2,0
1948194,2024-09-19 00:00:00,12,89925,378,1.13,0.06,0,0.06,0
1948195,2024-09-19 00:00:00,12,89942,378,1.26,0.04,0,0.04,0
1948196,2024-09-19 00:00:00,12,87728,379,1.2,0.01,0,0.01,0
1948197,2024-09-19 00:00:00,12,87866,317,0.88,0.01,0,0.01,0
1948198,2024-09-19 00:00:00,12,86712,379,1.26,0.5,0,0.5,0
1948199,2024-09-19 00:00:00,13,88031,379,1.45,0.16,0,0.16,0
1948200,2024-09-19 00:00:00,12,89287,379,0.3,0.02,0,0.02,0
1948201,2024-09-19 00:00:00,13,88955,290,0.61,0.01,0,0,0.01
1948202,2024-09-19 00:00:00,13,88529,319,1.21,0.69,0.25,0,0.44
1948203,2024-09-19 00:00:00,13,86807,379,0.45,0.05,0,0.05,0
1948204,2024-09-19 00:00:00,13,88784,376,2.31,0.31,0.31,0,0
1948205,2024-09-19 00:00:00,13,89909,378,0.33,0,0,0,0
1948206,2024-09-19 00:00:00,13,90367,374,0.25,0.01,0,0,0.01
1948207,2024-09-19 00:00:00,14,90366,319,0.9,0,0,0,0
1948208,2024-09-19 00:00:00,14,86617,290,2.91,0,0,0,0
1948209,2024-09-19 00:00:00,14,88239,379,1.6,0.02,0,0.02,0
1948210,2024-09-19 00:00:00,14,87105,374,1.28,1,1,0,0
1948211,2024-09-19 00:00:00,14,89287,379,1.55,0.03,0,0.03,0
1948212,2024-09-19 00:00:00,14,89081,376,0.66,0.09,0,0.09,0
1948213,2024-09-19 00:00:00,15,89216,379,1.75,0.72,0,0.72,0
1948214,2024-09-19 00:00:00,15,87272,376,0.31,0.1,0,0.1,0
1948215,2024-09-19 00:00:00,15,88469,379,0.53,0.1,0,0.1,0
1948216,2024-09-19 00:00:00,16,90130,376,1.8,0.15,0,0.15,0
1948217,2024-09-19 00:00:00,16,90151,379,0.53,0,0,0,0
1948218,2024-09-19 00:00:00,16,88469,379,1.51,0.05,0,0.05,0
1948219,2024-09-19 00:00:00,16,89623,374,0.6,0,0,0,0
1948220,2024-09-19 00:00:00,16,87304,374,0.4,0.01,0,0.01,0
1948221,2024-09-19 00:00:00,16,89462,378,0.36,0.02,0.02,0,0
1948222,2024-09-19 00:00:00,16,86553,374,13.4,12.13,4.58,7.55,0
1948223,2024-09-19 00:00:00,16,89122,373,13.51,132.09,40.98,91.1,0
1948224,2024-09-19 00:00:00,16,87305,378,1.8,0.02,0,0.02,0
1948225,2024-09-19 00:00:00,17,88328,374,2.15,5,5,0,0
1948226,2024-09-19 00:00:00,17,87398,374,0.85,0.16,0,0.16,0
1948227,2024-09-19 00:00:00,17,88533,379,1.1,0.01,0,0.01,0
1948228,2024-09-19 00:00:00,17,87742,320,2.31,1,0,1,0
1948229,2024-09-19 00:00:00,17,87628,378,0.3,0.02,0,0.02,0
1948230,2024-09-19 00:00:00,17,88357,378,1.01,0.02,0,0.02,0
1948231,2024-09-19 00:00:00,17,88874,320,0.55,0.01,0,0.01,0
1948232,2024-09-19 00:00:00,17,89683,316,0.56,0.03,0,0.03,0
1948233,2024-09-19 00:00:00,18,87963,373,1.43,0.05,0,0,0.05
1948234,2024-09-19 00:00:00,18,86729,379,0.38,0.05,0,0.05,0
1948235,2024-09-19 00:00:00,18,88874,320,2.15,0.9,0,0.9,0
1948236,2024-09-19 00:00:00,19,87569,317,0.55,0,0,0,0
1948237,2024-09-19 00:00:00,19,87580,374,0.56,0,0,0,0
1948238,2024-09-19 00:00:00,19,88934,379,0.8,0.1,0,0.1,0
1948239,2024-09-19 00:00:00,19,89515,308,0.26,0.02,0,0,0.02
1948240,2024-09-19 00:00:00,19,88626,319,0.36,0,0,0,0
1948241,2024-09-19 00:00:00,20,88528,320,1.3,0.1,0,0.1,0
1948242,2024-09-19 00:00:00,20,90470,375,8.16,15.25,8.93,5.73,0.58
1948243,2024-09-19 00:00:00,20,88837,320,0.76,0.04,0,0.04,0
1948244,2024-09-19 00:00:00,20,86686,308,0.28,0.02,0.02,0,0
1948245,2024-09-19 00:00:00,21,87913,375,0.41,0.05,0,0,0.05
1948246,2024-09-19 00:00:00,21,90464,376,1.66,0,0,0,0
1948247,2024-09-19 00:00:00,21,89015,378,0.25,0.01,0.01,0,0
1948248,2024-09-19 00:00:00,21,89895,374,0.31,0,0,0,0
1948249,2024-09-19 00:00:00,21,88141,368,5.08,3,0.04,2.95,0
1948250,2024-09-19 00:00:00,21,88798,376,0.76,0.02,0,0.02,0
1948251,2024-09-19 00:00:00,19,90346,320,0.11,0.1,0,0.1,0
1948252,2024-09-19 00:00:00,22,89479,317,0.68,0,0,0,0
1948253,2024-09-19 00:00:00,22,87629,379,25.5,0.16,0.1,0.06,0
1948254,2024-09-19 00:00:00,22,87386,376,0.33,0,0,0,0
1948255,2024-09-19 00:00:00,22,90346,374,5.58,10.14,2.31,7.82,0
1948256,2024-09-19 00:00:00,23,87862,320,0.81,0,0,0,0
1948257,2024-09-19 00:00:00,23,88382,368,0.8,0.08,0.03,0.05,0
1948258,2024-09-19 00:00:00,23,90239,375,1.36,0.03,0.03,0,0
1948259,2024-09-19 00:00:00,23,89798,375,1.31,0,0,0,0
1948260,2024-09-19 00:00:00,23,87706,288,1.38,0.1,0,0,0.1
1948261,2024-09-20 00:00:00,0,88163,317,0.61,0.1,0,0.1,0
1948262,2024-09-20 00:00:00,0,87299,374,2.5,3.05,0.05,3,0
1948263,2024-09-20 00:00:00,0,86502,375,0.61,0.29,0,0,0.29
1948264,2024-09-20 00:00:00,1,90165,320,3.76,0.9,0,0.9,0
1948265,2024-09-20 00:00:00,1,89120,379,0.51,0.02,0,0.02,0
1948266,2024-09-20 00:00:00,2,88013,376,0.56,0.01,0,0.01,0
1948267,2024-09-20 00:00:00,3,87069,376,0.96,0.02,0,0.02,0
1948268,2024-09-20 00:00:00,7,88895,375,3.05,0.21,0.2,0.01,0
1948269,2024-09-20 00:00:00,11,88865,288,0.25,0,0,0,0
1948270,2024-09-20 00:00:00,11,87897,378,0.65,0.03,0,0,0.03
1948271,2024-09-20 00:00:00,13,89984,290,0.55,0.01,0,0.01,0
1948272,2024-09-20 00:00:00,13,87034,334,0.48,0.01,0,0,0.01
1948273,2024-09-20 00:00:00,14,90043,374,0.4,0.02,0,0.02,0
1948274,2024-09-20 00:00:00,14,89236,374,0.36,0,0,0,0
1948275,2024-09-20 00:00:00,14,87257,378,1.28,0.45,0,0.45,0
1948276,2024-09-20 00:00:00,16,90273,341,1.08,0.1,0,0,0.1
1948277,2024-09-20 00:00:00,16,88213,376,4.58,0.02,0,0.02,0
1948278,2024-09-20 00:00:00,17,90231,376,0.48,0.45,0,0.45,0
1948279,2024-09-20 00:00:00,19,90175,316,0.83,0,0,0,0
1948280,2024-09-21 00:00:00,0,88859,333,0.68,0,0,0,0
1948281,2024-09-21 00:00:00,10,89040,320,0.91,1.5,0,1.5,0
1948282,2024-09-21 00:00:00,13,88704,376,0.3,0,0,0,0
1948283,2024-09-21 00:00:00,13,87685,341,0.36,0.31,0,0.31,0
1948284,2024-09-21 00:00:00,15,88239,379,0.65,0.01,0,0.01,0
1948285,2024-09-21 00:00:00,15,89257,345,0.51,0,0,0,0
1948286,2024-09-21 00:00:00,15,87753,317,0.61,0.01,0,0.01,0
1948287,2024-09-21 00:00:00,15,86744,319,0.36,0,0,0,0
1948288,2024-09-21 00:00:00,16,87205,375,2.71,0.38,0,0.38,0
1948289,2024-09-21 00:00:00,16,89794,379,0.28,0.05,0,0.05,0
1948290,2024-09-21 00:00:00,16,87272,376,0.38,0.03,0,0.03,0
1948291,2024-09-21 00:00:00,18,89472,375,0.65,0.01,0,0.01,0
1948292,2024-09-21 00:00:00,18,87420,379,0.13,0.01,0,0.01,0
1948293,2024-09-21 00:00:00,18,89604,376,0.43,0,0,0,0
1948294,2024-09-21 00:00:00,18,86801,379,0.9,0,0,0,0
1948295,2024-09-21 00:00:00,18,88031,379,0.43,0.01,0,0.01,0
1948296,2024-09-21 00:00:00,20,88211,317,0.46,0,0,0,0
1948297,2024-09-21 00:00:00,22,88491,375,0.65,0,0,0,0
1948298,2024-09-22 00:00:00,0,87096,290,1.65,0.18,0,0.18,0
1948299,2024-09-22 00:00:00,1,87655,374,0.98,0.05,0,0.05,0
1948300,2024-09-22 00:00:00,2,87786,376,0.85,0,0,0,0
1948301,2024-09-22 00:00:00,5,86506,375,1.2,0.01,0,0.01,0
1948302,2024-09-22 00:00:00,11,87305,378,0.66,0,0,0,0
1948303,2024-09-22 00:00:00,13,88491,379,0.7,2,0,2,0
1948304,2024-09-22 00:00:00,15,88860,319,0.43,0.02,0,0,0.02
1948305,2024-09-22 00:00:00,17,87196,319,0.58,0.2,0,0.2,0
1948306,2024-09-22 00:00:00,17,87592,376,0.13,0,0,0,0
1948307,2024-09-22 00:00:00,17,88067,317,0.91,0.04,0,0.04,0
1948308,2024-09-22 00:00:00,19,90144,377,0.55,0,0,0,0
1948309,2024-09-22 00:00:00,20,90254,316,1.11,0.39,0,0.23,0.16
1948310,2024-09-22 00:00:00,20,90443,341,0.5,0.09,0,0,0.09
1948311,2024-09-22 00:00:00,21,86667,288,0.68,0,0,0,0
1948312,2024-09-22 00:00:00,21,90055,374,1.11,0,0,0,0
1948313,2024-09-22 00:00:00,22,89635,374,0.45,0,0,0,0
1948314,2024-09-22 00:00:00,22,89072,288,0.48,0,0,0,0
1948315,2024-09-22 00:00:00,22,89731,378,0.8,0.01,0,0.01,0
1948316,2024-09-22 00:00:00,22,87979,376,0.56,0,0,0,0
1948317,2024-09-22 00:00:00,22,87728,379,0.41,0,0,0,0
1948318,2024-09-23 00:00:00,1,88179,374,0.65,0,0,0,0
1948319,2024-09-23 00:00:00,5,89164,379,1.03,0,0,0,0
1948320,2024-09-23 00:00:00,10,87398,374,1.28,0.06,0,0.06,0
1948321,2024-09-23 00:00:00,11,88491,379,1.48,0.5,0,0.5,0
1948322,2024-09-23 00:00:00,11,88082,350,6.15,1.37,1.37,0,0
1948323,2024-09-23 00:00:00,12,90165,320,4.1,0.8,0,0.8,0
1948324,2024-09-23 00:00:00,12,88386,288,1.61,0.05,0,0.05,0
1948325,2024-09-23 00:00:00,13,90400,368,0.76,0.64,0.64,0,0
1948326,2024-09-23 00:00:00,13,86553,379,2.48,0.05,0,0.05,0
1948327,2024-09-23 00:00:00,13,90027,345,2.46,0.15,0,0,0.15
1948328,2024-09-23 00:00:00,13,88767,379,1.61,0,0,0,0
1948329,2024-09-23 00:00:00,13,89352,378,2.26,0,0,0,0
1948330,2024-09-23 00:00:00,14,88469,379,1.18,0,0,0,0
1948331,2024-09-23 00:00:00,14,87611,378,1,0.05,0.05,0,0
1948332,2024-09-23 00:00:00,14,90055,374,3.01,3,3,0,0
1948333,2024-09-23 00:00:00,15,87753,317,0.7,0,0,0,0
1948334,2024-09-23 00:00:00,15,89538,376,0.61,0.03,0,0.03,0
1948335,2024-09-23 00:00:00,15,90464,376,0.5,0,0,0,0
1948336,2024-09-23 00:00:00,15,89287,377,0.9,0.05,0,0.05,0
1948337,2024-09-23 00:00:00,15,87544,375,2.65,1.11,0.66,0.45,0
1948338,2024-09-23 00:00:00,15,86590,376,0.55,0.21,0,0.21,0
1948339,2024-09-23 00:00:00,17,86742,379,0.45,0,0,0,0
1948340,2024-09-23 00:00:00,17,86588,334,0.35,0,0,0,0
1948341,2024-09-23 00:00:00,17,87832,376,0.05,0,0,0,0
1948342,2024-09-23 00:00:00,17,86839,379,5.06,0.1,0,0.1,0
1948343,2024-09-23 00:00:00,18,89058,316,0.01,0.02,0,0,0.02
1948344,2024-09-23 00:00:00,18,86937,378,0.81,0.38,0,0.38,0
1948345,2024-09-23 00:00:00,20,87811,378,2.15,0.02,0,0.02,0
1948346,2024-09-23 00:00:00,20,87144,376,0.8,0.1,0.1,0,0
1948347,2024-09-23 00:00:00,21,86801,379,2.05,0.01,0.01,0,0
1948348,2024-09-24 00:00:00,0,87426,317,0.78,0.02,0,0.02,0
1948349,2024-09-24 00:00:00,4,88955,290,1.25,0.02,0,0.02,0
1948350,2024-09-24 00:00:00,5,88696,374,0.65,0,0,0,0
1948351,2024-09-24 00:00:00,16,88369,334,0.18,0,0,0,0
1948352,2024-09-26 00:00:00,17,89987,316,0.01,0.11,0,0,0.11
1948353,2024-09-26 00:00:00,19,86892,341,0.01,0,0,0,0
1948354,2024-09-26 00:00:00,20,87765,378,1.1,0.01,0,0.01,0
1948355,2024-09-27 00:00:00,16,90232,290,0.45,0,0,0,0
1948356,2024-09-28 00:00:00,12,87494,378,0.4,0.01,0,0,0.01
1948357,2024-09-28 00:00:00,15,87489,290,0.53,0.05,0,0,0.05
1948358,2024-09-28 00:00:00,15,90364,316,0.15,0.02,0,0,0.02
1948359,2024-09-28 00:00:00,15,89889,320,0.58,0.6,0,0.6,0
1948360,2024-09-28 00:00:00,16,89425,291,0.86,1.78,0,0.44,1.34
1948361,2024-09-28 00:00:00,17,87892,341,0.43,0.08,0,0,0.08
1948362,2024-09-28 00:00:00,19,87630,319,0.55,0,0,0,0
1948363,2024-09-28 00:00:00,20,87016,375,0.65,0,0,0,0
1948364,2024-09-29 00:00:00,10,88384,319,0.38,0.12,0,0,0.12
1948365,2024-09-29 00:00:00,11,87959,316,0.8,0.64,0.04,0.49,0.11
1948366,2024-09-29 00:00:00,11,86794,316,0.16,0,0,0,0
1948367,2024-09-29 00:00:00,12,89209,378,0.28,0.01,0,0.01,0
1948368,2024-09-29 00:00:00,12,86532,313,0.28,0.12,0,0.12,0
1948369,2024-09-29 00:00:00,13,90282,319,0.38,0,0,0,0
1948370,2024-09-29 00:00:00,14,87943,290,0.85,0.02,0,0.02,0
1948371,2024-09-29 00:00:00,14,87357,341,0.8,0.35,0,0,0.35
1948372,2024-09-29 00:00:00,14,87885,319,1.23,0,0,0,0
1948373,2024-09-29 00:00:00,14,86693,317,0.63,0.1,0,0.1,0
1948374,2024-09-29 00:00:00,14,88442,378,0.45,0.1,0,0.1,0
1948375,2024-09-29 00:00:00,14,87050,320,0.65,0.05,0,0.05,0
1948376,2024-09-29 00:00:00,15,90301,316,0.16,0,0,0,0
1948377,2024-09-29 00:00:00,15,88529,317,0.48,0.03,0,0.03,0
1948378,2024-09-29 00:00:00,16,89111,320,1.28,10.5,0,10.5,0
1948379,2024-09-29 00:00:00,15,90231,316,0.68,0.03,0,0,0.03
1948380,2024-09-29 00:00:00,16,88137,375,1.06,0.1,0,0.1,0
1948381,2024-09-29 00:00:00,16,90135,375,1.51,1.09,1.09,0,0
1948382,2024-09-29 00:00:00,16,86881,374,0.15,0,0,0,0
1948383,2024-09-29 00:00:00,17,87733,375,0.75,0.02,0,0.02,0
1948384,2024-09-29 00:00:00,18,87822,376,0.3,0,0,0,0
1948385,2024-09-29 00:00:00,18,86761,341,2,2.1,0.03,0,2.07
1948386,2024-09-29 00:00:00,20,90303,377,1.03,0.01,0.01,0,0
1948387,2024-09-29 00:00:00,20,87712,322,0.83,0.04,0,0,0.04
1948388,2024-09-30 00:00:00,0,89014,325,0.46,0,0,0,0
1948389,2024-09-30 00:00:00,7,88752,324,1.13,0.03,0,0,0.03
1948390,2024-09-30 00:00:00,9,86764,319,0.36,0,0,0,0
1948391,2024-09-30 00:00:00,10,86658,319,0.6,0.1,0,0.1,0
1948392,2024-09-30 00:00:00,11,88618,319,1.51,2.5,0.5,2,0
1948393,2024-09-30 00:00:00,11,88255,316,0.26,0,0,0,0
1948394,2024-09-30 00:00:00,12,90040,341,0.46,0,0,0,0
1948395,2024-09-30 00:00:00,14,86929,332,0.93,0.15,0,0.15,0
1948396,2024-09-30 00:00:00,15,87847,334,0.61,0.1,0,0.1,0
1948397,2024-09-30 00:00:00,15,87816,344,0.6,0.05,0,0,0.05
1948398,2024-09-30 00:00:00,15,87392,332,0.55,0.01,0,0,0.01
1948399,2024-09-30 00:00:00,16,87010,375,1.21,3.27,0.03,3.24,0
1948400,2024-09-30 00:00:00,17,89120,378,0.3,0.02,0,0.02,0
1948401,2024-09-30 00:00:00,17,86726,375,1.05,1.32,0.22,1.1,0
1948402,2024-09-30 00:00:00,17,89685,376,0.36,0.41,0,0,0.41
1948403,2024-09-30 00:00:00,20,88533,376,1.66,0,0,0,0
1948404,2024-09-30 00:00:00,20,87211,376,0.78,0,0,0,0
1948405,2024-10-01 00:00:00,11,88803,378,0.91,0.5,0,0,0.5
1948406,2024-10-01 00:00:00,12,87322,329,1.08,0.36,0,0,0.36
1948407,2024-10-01 00:00:00,12,87336,375,0.43,0.01,0,0.01,0
1948408,2024-10-01 00:00:00,14,86924,319,0.78,0,0,0,0
1948409,2024-10-01 00:00:00,15,89549,319,0.71,1.51,0,0,1.51
1948410,2024-10-01 00:00:00,16,88172,319,0.55,0,0,0,0
1948411,2024-10-01 00:00:00,16,90319,324,0.21,0.07,0,0,0.07
1948412,2024-10-01 00:00:00,16,89612,347,0.85,0.19,0,0,0.19
1948413,2024-10-01 00:00:00,18,86748,375,0.53,0.42,0,0.42,0
1948414,2024-10-01 00:00:00,20,88064,302,2.91,4.11,0,4.11,0
1948415,2024-10-01 00:00:00,21,86748,375,0.5,0.03,0,0.03,0
1948416,2024-10-02 00:00:00,14,88500,313,0.23,0.02,0,0,0.02
1948417,2024-10-02 00:00:00,17,89124,290,0.53,0,0,0,0
1948418,2024-10-02 00:00:00,17,87095,316,0.61,0.41,0,0,0.41
1948419,2024-10-02 00:00:00,18,88738,319,0.53,0,0,0,0
1948420,2024-10-02 00:00:00,22,89315,376,0.76,0.01,0,0.01,0
1948421,2024-10-03 00:00:00,11,86750,356,0.41,0.87,0.87,0,0
1948422,2024-10-03 00:00:00,12,90134,376,0.35,0.35,0.35,0,0
1948423,2024-10-03 00:00:00,16,89743,319,0.4,0.34,0,0,0.34
1948424,2024-10-04 00:00:00,12,87118,346,0.78,2.24,0.01,1.37,0.86
1948425,2024-10-04 00:00:00,16,86525,351,1.03,0,0,0,0
1948426,2024-10-04 00:00:00,16,89346,319,0.43,0.17,0,0,0.17
1948427,2024-10-04 00:00:00,17,90333,375,0.45,0.29,0,0.29,0
1948428,2024-10-04 00:00:00,18,89220,375,0.41,0.04,0,0.04,0
1948429,2024-10-04 00:00:00,21,86552,316,1.03,0.01,0,0.01,0
1948430,2024-10-05 00:00:00,17,88156,323,0.93,0.6,0,0.6,0
1948431,2024-10-05 00:00:00,17,87811,313,0.25,0.05,0,0.05,0
1948432,2024-10-06 00:00:00,9,88803,378,0.61,0.01,0,0,0.01
1948433,2024-10-06 00:00:00,16,88500,378,0.31,0.55,0,0,0.55
1948434,2024-10-06 00:00:00,17,88892,342,0.46,0,0,0,0
1948435,2024-10-06 00:00:00,23,87000,319,0.03,0.01,0,0,0.01
1948436,2024-10-08 00:00:00,14,87549,358,1.21,0.08,0,0,0.08
1948437,2024-10-08 00:00:00,18,89306,374,0.63,0.04,0,0.04,0
1948438,2024-10-10 00:00:00,15,88585,341,0.51,1.18,1.18,0,0
1948439,2024-10-10 00:00:00,17,89205,317,0.43,0,0,0,0
1948440,2024-10-10 00:00:00,18,86586,317,0.56,0.01,0,0.01,0
1948441,2024-10-10 00:00:00,22,89325,376,0.63,0,0,0,0
1948442,2024-10-14 00:00:00,13,89540,375,0.68,0.15,0,0,0.15
1948443,2024-10-14 00:00:00,14,88659,366,0.2,0,0,0,0
1948444,2024-10-14 00:00:00,17,89087,378,1.13,0.01,0,0.01,0
1948445,2024-10-17 00:00:00,13,90235,376,1.15,2.79,0,0,2.79
1948446,2024-10-19 00:00:00,17,88813,376,0.18,0.48,0,0,0.48
1948447,2024-10-20 00:00:00,11,87950,376,0.81,0,0,0,0
1948448,2024-10-20 00:00:00,19,86944,319,0.53,0.01,0,0,0.01
1948449,2024-10-21 00:00:00,14,89139,319,0.51,1.02,0.04,0,0.97
1948450,2024-10-22 00:00:00,14,88113,376,1.08,0.37,0,0,0.37
1948451,2024-10-22 00:00:00,14,90132,375,0.48,0.1,0,0.1,0
1948452,2024-10-22 00:00:00,16,88659,361,0.5,0.01,0,0,0.01
1948453,2024-10-22 00:00:00,16,89526,317,1.65,1.8,1.8,0,0
1948454,2024-10-22 00:00:00,16,86759,290,0.63,0.49,0,0.49,0
1948455,2024-10-22 00:00:00,17,88542,322,0.55,0,0,0,0
1948456,2024-10-22 00:00:00,22,89777,309,0.66,0,0,0,0
1948457,2024-10-22 00:00:00,22,87043,317,0.43,0,0,0,0
1948458,2024-10-23 00:00:00,16,87913,319,1.21,0.69,0,0,0.69
1948459,2024-10-24 00:00:00,14,86612,319,1.23,0.44,0,0,0.44
1948460,2024-10-24 00:00:00,14,89329,316,0.66,0.28,0,0,0.28
1948461,2024-10-24 00:00:00,16,90105,320,1.06,0.15,0,0.15,0
1948462,2024-10-24 00:00:00,18,87714,319,0.46,0.02,0,0.02,0
1948463,2024-10-25 00:00:00,16,89051,375,0.31,0.01,0,0,0.01
1948464,2024-10-25 00:00:00,18,89325,376,0.31,0.03,0,0,0.03
1948465,2024-10-27 00:00:00,14,88070,319,0.33,0.01,0,0.01,0
1948466,2024-10-27 00:00:00,15,89306,319,1.03,0.02,0,0.02,0
1948467,2024-10-28 00:00:00,14,87535,319,1.65,0.3,0,0.3,0
1948468,2024-10-28 00:00:00,17,89577,320,0.73,2.94,0,2.94,0
1948469,2024-10-28 00:00:00,17,88071,376,0.36,1.2,0,0,1.2
1948470,2024-10-29 00:00:00,5,90077,375,0.4,0.1,0.1,0,0
1948471,2024-10-29 00:00:00,11,89142,341,0.86,0.86,0.86,0,0
1948472,2024-10-29 00:00:00,12,87042,317,0.66,0.04,0.03,0.01,0
1948473,2024-10-29 00:00:00,18,86555,320,1.6,2.25,0.03,2.21,0
1948474,2024-10-30 00:00:00,14,87560,319,1.36,0.85,0.7,0,0.14
1948475,2024-10-30 00:00:00,18,89557,320,1.18,0.06,0,0.06,0
1948476,2024-10-31 00:00:00,16,88784,378,1.23,0.04,0,0.04,0
1948477,2024-10-31 00:00:00,18,87065,378,0.93,0.1,0,0.1,0
1948478,2024-11-01 00:00:00,11,87664,320,0.61,0.05,0,0.05,0
1948479,2024-11-01 00:00:00,16,88185,317,2.06,3,0,3,0
1948480,2024-11-01 00:00:00,18,89341,377,0.35,0,0,0,0
1948481,2024-11-02 00:00:00,1,87469,374,0.85,0.02,0,0.02,0
1948482,2024-11-02 00:00:00,14,86908,319,0.56,1.45,0,0,1.45
1948483,2024-11-02 00:00:00,15,90054,320,1.71,0.16,0,0.16,0
1948484,2024-11-02 00:00:00,18,89984,317,1.45,0.02,0,0.02,0
1948485,2024-11-02 00:00:00,19,89271,320,13.43,12.48,0.08,12.39,0
1948486,2024-11-03 00:00:00,17,88185,320,0.38,0.48,0,0.48,0
1948487,2024-11-03 00:00:00,18,89879,320,1.96,0.55,0,0.55,0
1948488,2024-11-04 00:00:00,1,86922,319,1.56,0,0,0,0
1948489,2024-11-04 00:00:00,10,89557,320,1.76,2.4,0,2.4,0
1948490,2024-11-04 00:00:00,20,87108,317,0.8,0.11,0.11,0,0
1948491,2024-11-05 00:00:00,21,87206,313,1.41,0,0,0,0
1948492,2024-11-07 00:00:00,1,89102,372,2.08,0.4,0.4,0,0
1948493,2024-11-08 00:00:00,14,87737,319,4.8,2.66,2.66,0,0
1948494,2024-11-08 00:00:00,18,87475,320,0.93,0.25,0,0.25,0
1948495,2024-11-08 00:00:00,19,86573,319,1.1,0.01,0,0.01,0
1948496,2024-11-09 00:00:00,18,86612,376,0.75,0.08,0,0.08,0
1948497,2024-11-10 00:00:00,18,89325,376,0.75,0,0,0,0
1948498,2024-11-11 00:00:00,12,86570,319,1.18,0.06,0,0,0.06
1948499,2024-11-11 00:00:00,14,86655,317,0.78,0.06,0,0.06,0
1948500,2024-11-11 00:00:00,15,88222,290,0.78,1,0,1,0
1948501,2024-11-11 00:00:00,15,87000,334,0.41,0,0,0,0
1948502,2024-11-11 00:00:00,16,89175,319,1.05,0.04,0,0.04,0
1948503,2024-11-11 00:00:00,17,88335,320,0.96,0.01,0,0.01,0
1948504,2024-11-11 00:00:00,21,88048,376,0.81,0.05,0,0.05,0
1948505,2024-11-12 00:00:00,10,89571,376,1.73,0.05,0,0.05,0
1948506,2024-11-12 00:00:00,11,88202,317,0.6,0,0,0,0
1948507,2024-11-12 00:00:00,12,87826,320,0.76,0.49,0,0.49,0
1948508,2024-11-12 00:00:00,13,90431,320,1.06,0.65,0,0.65,0
1948509,2024-11-12 00:00:00,19,86587,319,0.96,0.07,0,0.07,0
1948510,2024-11-12 00:00:00,19,86743,320,0.85,1.51,0,1.51,0
1948511,2024-11-12 00:00:00,21,86515,320,0.41,0.1,0,0.1,0
1948512,2024-11-12 00:00:00,22,87963,320,2.33,30.08,10.54,19.53,0
1948513,2024-11-12 00:00:00,23,87365,312,1,0.01,0.01,0,0
1948514,2024-11-13 00:00:00,3,86654,376,2.7,0.04,0,0.04,0
1948515,2024-11-13 00:00:00,12,86589,376,1.88,0.52,0.52,0,0
1948516,2024-11-13 00:00:00,14,86886,320,1.18,0.38,0,0.38,0
1948517,2024-11-13 00:00:00,15,88291,319,0.81,1.02,0.67,0.35,0
1948518,2024-11-13 00:00:00,15,90254,316,0.76,0.44,0,0.15,0.29
1948519,2024-11-13 00:00:00,16,89324,324,1.61,0.02,0,0.02,0
1948520,2024-11-13 00:00:00,16,87600,322,0.03,0.04,0,0,0.04
1948521,2024-11-13 00:00:00,17,90145,374,1.13,0.32,0.32,0,0
1948522,2024-11-13 00:00:00,18,88800,317,1.71,0.1,0,0.1,0
1948523,2024-11-13 00:00:00,18,90097,374,0.4,0.03,0.03,0,0
1948524,2024-11-13 00:00:00,18,87972,320,1.5,0.1,0.1,0,0
1948525,2024-11-13 00:00:00,19,89607,374,0.78,0.04,0,0.04,0
1948526,2024-11-13 00:00:00,21,86573,319,0.93,0,0,0,0
1948527,2024-11-14 00:00:00,0,87811,378,2.11,0.04,0,0.04,0
1948528,2024-11-14 00:00:00,17,87529,321,2.88,7.7,0,7.7,0
1948529,2024-11-14 00:00:00,18,87529,321,0.48,1,0,1,0
1948530,2024-11-17 00:00:00,12,88442,321,1.91,1.95,0,1.95,0
1948531,2024-11-17 00:00:00,13,88165,317,0.48,0.15,0,0,0.15
1948532,2024-11-17 00:00:00,16,90032,317,2.61,0.1,0,0.1,0
1948533,2024-11-17 00:00:00,16,88879,320,0.76,0.03,0,0.03,0
1948534,2024-11-17 00:00:00,22,89271,320,9.53,22.14,0,22.14,0
1948535,2024-11-18 00:00:00,14,90232,313,1.08,0,0,0,0
1948536,2024-11-18 00:00:00,17,87127,317,2.53,0.49,0.18,0.31,0
1948537,2024-11-19 00:00:00,18,86634,309,1.03,0.88,0,0.88,0
1948538,2024-11-19 00:00:00,21,90110,290,0.48,0,0,0,0
1948539,2024-11-20 00:00:00,21,90270,378,0.56,0.01,0,0.01,0
1948540,2024-11-23 00:00:00,12,87327,378,0.48,0,0,0,0
1948541,2024-11-23 00:00:00,17,86743,320,2.68,23.1,0.54,22.55,0
1948542,2024-11-23 00:00:00,18,87410,320,3.45,2,1,1,0
1948543,2024-11-23 00:00:00,23,88073,321,1.6,0.5,0,0.5,0
1948544,2024-11-23 00:00:00,23,86743,320,2.31,25.12,2.99,21.96,0.16
1948545,2024-11-24 00:00:00,3,90276,378,1.65,0.2,0,0.2,0
1948546,2024-11-24 00:00:00,5,86924,290,1.11,0.41,0,0.41,0
1948547,2024-11-24 00:00:00,6,87569,317,1.56,1.12,1.11,0,0.01
1948548,2024-11-24 00:00:00,8,89033,319,2.16,0.4,0.1,0.3,0
1948549,2024-11-24 00:00:00,9,86743,320,2.45,26.23,1.12,25.1,0
1948550,2024-11-24 00:00:00,10,90145,374,0.8,0.03,0,0.03,0
1948551,2024-11-24 00:00:00,10,86925,341,5.03,9.5,3.5,6,0
1948552,2024-11-24 00:00:00,10,87980,317,0.83,1.5,1.5,0,0
1948553,2024-11-24 00:00:00,10,89239,319,1.81,0.2,0.2,0,0
1948554,2024-11-24 00:00:00,10,87535,319,1.31,0.01,0,0.01,0
1948555,2024-11-24 00:00:00,11,88134,316,0.66,0.07,0,0,0.07
1948556,2024-11-24 00:00:00,12,90232,319,1.23,0.1,0,0.1,0
1948557,2024-11-24 00:00:00,15,88784,317,0.83,0.05,0,0.05,0
1948558,2024-11-24 00:00:00,15,89033,319,2.6,0.5,0,0.5,0
1948559,2024-11-24 00:00:00,15,86735,375,1.7,0.8,0.3,0.5,0
1948560,2024-11-24 00:00:00,16,86967,374,2.26,20.12,0.39,19.73,0
1948561,2024-11-24 00:00:00,15,88185,320,2.53,7.11,2.81,4.3,0
1948562,2024-11-24 00:00:00,16,90055,320,2.5,3,0,3,0
1948563,2024-11-24 00:00:00,16,87327,376,1.23,0.03,0.03,0,0
1948564,2024-11-24 00:00:00,16,86743,320,1.7,2.3,0,2.3,0
1948565,2024-11-24 00:00:00,16,86820,320,1.83,0.5,0,0,0.5
1948566,2024-11-24 00:00:00,17,87101,290,0.56,0,0,0,0
1948567,2024-11-24 00:00:00,16,90344,290,1.11,0,0,0,0
1948568,2024-11-24 00:00:00,17,87529,320,1.28,25.73,3.11,22.61,0
1948569,2024-11-24 00:00:00,17,86897,320,0.85,3.19,0,3.19,0
1948570,2024-11-28 00:00:00,13,87897,319,1.15,0.07,0,0,0.07
1948571,2024-11-28 00:00:00,16,88638,320,1,1.36,0,1.36,0
1948572,2024-11-28 00:00:00,16,87435,320,0.93,0.02,0,0.02,0
1948573,2024-11-28 00:00:00,21,90413,316,0.43,0.12,0,0,0.12
1948574,2024-11-30 00:00:00,12,87338,319,0.45,0,0,0,0
1948575,2024-11-30 00:00:00,15,89640,317,3.58,3.5,0,3.5,0
1948576,2024-12-01 00:00:00,11,89503,319,0.53,0,0,0,0
1948577,2024-12-01 00:00:00,12,86901,331,0.95,0,0,0,0
1948578,2024-12-02 00:00:00,19,87530,322,0.45,0,0,0,0
1948579,2024-12-02 00:00:00,19,90282,319,0.73,0,0,0,0
1948580,2024-12-04 00:00:00,0,88189,309,0.45,0,0,0,0
1948581,2024-12-05 00:00:00,1,88202,290,0.66,0.01,0,0.01,0
1948582,2024-12-05 00:00:00,15,87956,358,2.13,0.02,0,0,0.02
1948583,2024-12-07 00:00:00,8,89722,376,0.88,0,0,0,0
1948584,2024-12-07 00:00:00,17,89115,316,0.28,0.02,0,0,0.02
1948585,2024-12-08 00:00:00,15,86737,378,0.28,0.01,0.01,0,0
1948586,2024-12-08 00:00:00,16,88970,319,0.2,0,0,0,0
1948587,2024-12-08 00:00:00,18,89434,290,1.83,0,0,0,0
1948588,2024-12-08 00:00:00,19,87962,290,0.31,0,0,0,0
1948589,2024-12-09 00:00:00,11,88055,317,1.58,0.14,0,0.14,0
1948590,2024-12-09 00:00:00,12,86658,319,0.4,0,0,0,0
1948591,2024-12-09 00:00:00,13,86748,378,1.76,0.08,0,0.08,0
1948592,2024-12-09 00:00:00,14,87131,375,0.33,0.01,0,0.01,0
1948593,2024-12-09 00:00:00,16,87094,346,0.25,0.01,0,0,0.01
1948594,2024-12-09 00:00:00,17,89761,376,0.8,0,0,0,0
1948595,2024-12-09 00:00:00,19,87742,374,0.91,0.5,0.5,0,0
1948596,2024-12-10 00:00:00,18,87742,320,0.78,0,0,0,0
1948597,2024-12-11 00:00:00,12,86812,290,0.15,0,0,0,0
1948598,2024-12-11 00:00:00,12,90004,376,0.45,0,0,0,0
1948599,2024-12-11 00:00:00,13,89941,317,0.48,0.02,0.02,0,0
1948600,2024-12-11 00:00:00,16,89173,316,0.38,0,0,0,0
1948601,2024-12-11 00:00:00,19,87742,320,4.03,3,0,3,0
1948602,2024-12-12 00:00:00,14,90175,290,0.78,0.02,0,0.02,0
1948603,2024-12-12 00:00:00,15,90346,320,1.15,0.24,0,0.24,0
1948604,2024-12-12 00:00:00,16,87742,320,0.68,0.02,0,0.02,0
1948605,2024-12-12 00:00:00,16,86777,313,0.8,0.02,0,0.02,0
1948606,2024-12-12 00:00:00,18,89863,320,0.8,0.01,0,0.01,0
1948607,2024-12-12 00:00:00,18,86897,320,1.45,0.1,0,0.1,0
1948608,2024-12-12 00:00:00,18,87866,317,0.73,0,0,0,0
1948609,2024-12-13 00:00:00,11,89515,313,0.08,0,0,0,0
1948610,2024-12-13 00:00:00,13,90054,320,2.11,2.7,0,2.7,0
1948611,2024-12-13 00:00:00,14,88508,375,1.91,0.9,0.4,0.5,0
1948612,2024-12-13 00:00:00,15,88267,320,3.13,19.8,0,19.8,0
1948613,2024-12-13 00:00:00,17,87327,376,1.35,0.06,0,0.06,0
1948614,2024-12-13 00:00:00,17,88307,375,0.41,0,0,0,0
1948615,2024-12-13 00:00:00,18,87656,317,1.15,0,0,0,0
1948616,2024-12-13 00:00:00,22,88969,317,1.61,0.01,0,0.01,0
1948617,2024-12-14 00:00:00,16,89956,378,0.85,0.02,0,0.02,0
1948618,2024-12-14 00:00:00,21,88446,368,0.5,0,0,0,0
1948619,2024-12-15 00:00:00,10,90054,320,0.8,0.28,0,0.28,0
1948620,2024-12-15 00:00:00,11,89621,376,1.65,0.2,0,0.2,0
1948621,2024-12-15 00:00:00,14,87664,320,1.16,1.12,0,1.12,0
1948622,2024-12-15 00:00:00,14,89761,376,0.93,0.02,0,0.02,0
1948623,2024-12-15 00:00:00,15,87801,320,1.93,2,0,2,0
1948624,2024-12-15 00:00:00,16,87842,374,0.38,0.07,0,0.07,0
1948625,2024-12-15 00:00:00,17,89377,317,0.75,0.06,0,0.06,0
1948626,2024-12-15 00:00:00,18,86794,320,1.13,0.07,0,0.07,0
1948627,2024-12-15 00:00:00,18,89540,358,0.51,0.01,0,0.01,0
1948628,2024-12-15 00:00:00,20,87443,376,0.43,0,0,0,0
1948629,2024-12-16 00:00:00,9,89534,319,2.1,0.07,0.07,0,0
1948630,2024-12-16 00:00:00,11,88406,330,2.78,0.62,0.62,0,0
1948631,2024-12-16 00:00:00,13,88816,316,1.45,0.5,0,0,0.5
1948632,2024-12-16 00:00:00,15,87816,317,0.53,0.08,0.05,0.03,0
1948633,2024-12-16 00:00:00,17,86777,290,1.16,0,0,0,0
1948634,2024-12-16 00:00:00,17,90443,375,1.26,0.12,0,0.12,0
1948635,2024-12-16 00:00:00,18,88843,376,0.73,0.01,0,0,0.01
1948636,2024-12-16 00:00:00,19,86895,317,4.98,5.44,0.13,5.3,0
1948637,2024-12-16 00:00:00,22,87742,320,1.25,0.02,0,0.02,0
1948638,2024-12-16 00:00:00,22,88706,320,2.86,32.6,0,32.6,0
1948639,2024-12-16 00:00:00,22,90001,378,0.38,0,0,0,0
1948640,2024-12-16 00:00:00,22,87444,320,3.5,6.69,0,6.69,0
1948641,2024-12-16 00:00:00,23,89759,320,4.16,25.09,1.75,23.26,0.07
1948642,2024-12-17 00:00:00,10,90312,320,1.2,3,0,3,0
1948643,2024-12-17 00:00:00,11,89951,320,1.55,14.42,0,14.42,0
1948644,2024-12-17 00:00:00,11,88706,320,1.66,40.5,1.78,38.71,0
1948645,2024-12-17 00:00:00,12,89556,317,1.71,1.18,1.18,0,0
1948646,2024-12-17 00:00:00,13,88313,320,2.91,7,0,7,0
1948647,2024-12-17 00:00:00,13,87398,358,0.95,0.52,0,0.52,0
1948648,2024-12-17 00:00:00,14,90194,374,0.61,0,0,0,0
1948649,2024-12-17 00:00:00,16,90054,320,0.58,0.43,0,0.43,0
1948650,2024-12-17 00:00:00,16,88835,319,1.01,0.05,0,0.05,0
1948651,2024-12-17 00:00:00,17,86898,317,1.7,0.02,0.02,0,0
1948652,2024-12-17 00:00:00,17,89759,320,0.38,0.1,0,0.1,0
1948653,2024-12-17 00:00:00,17,89984,290,0.8,0.31,0.31,0,0
1948654,2024-12-17 00:00:00,22,89756,290,0.96,0.02,0,0.02,0
1948655,2024-12-18 00:00:00,17,88428,316,0.56,0.28,0,0.28,0
1948656,2024-12-18 00:00:00,17,87939,309,1.18,1.32,0,1.32,0
1948657,2024-12-18 00:00:00,18,86624,290,0.3,0,0,0,0
1948658,2024-12-20 00:00:00,13,88274,317,5.85,0.04,0.04,0,0
1948659,2024-12-20 00:00:00,14,89079,320,1.08,0.01,0,0.01,0
1948660,2024-12-20 00:00:00,17,88952,313,0.95,0.01,0,0.01,0
1948661,2024-12-21 00:00:00,12,89105,314,0.4,0,0,0,0
1948662,2024-12-21 00:00:00,16,86820,320,0.5,0.17,0,0.17,0
1948663,2024-12-22 00:00:00,12,88291,376,0.4,0,0,0,0
1948664,2024-12-22 00:00:00,15,87426,317,1.3,0.09,0,0.09,0
1948665,2024-12-22 00:00:00,16,86573,324,1.61,0.05,0,0.05,0
1948666,2024-12-23 00:00:00,11,88490,319,0.61,0,0,0,0
1948667,2024-12-23 00:00:00,17,90153,316,0.45,0.01,0,0.01,0
1948668,2024-12-23 00:00:00,21,87811,378,0.78,0.01,0,0.01,0
1948669,2024-12-23 00:00:00,21,88678,332,0.51,0,0,0,0
1948670,2024-12-24 00:00:00,15,88784,317,1.5,0.31,0,0.31,0
1948671,2024-12-24 00:00:00,17,88162,320,0.86,0.9,0,0.9,0
1948672,2024-12-24 00:00:00,18,87690,320,2.4,18.55,0,18.55,0
1948673,2024-12-24 00:00:00,21,87314,374,0.68,0.01,0,0.01,0
1948674,2024-12-25 00:00:00,0,88471,325,0.93,0,0,0,0
1948675,2024-12-25 00:00:00,11,86713,376,1.03,0.01,0.01,0,0
1948676,2024-12-25 00:00:00,12,86965,326,1.15,0.24,0,0.24,0
1948677,2024-12-25 00:00:00,12,88678,324,2.25,0.2,0,0,0.2
1948678,2024-12-25 00:00:00,14,88706,320,1.65,0.1,0,0.1,0
1948679,2024-12-25 00:00:00,16,88542,378,0.8,0.01,0,0,0.01
1948680,2024-12-26 00:00:00,7,88487,378,0.18,0,0,0,0
1948681,2024-12-26 00:00:00,15,88201,319,0.71,0.02,0,0.02,0
1948682,2024-12-26 00:00:00,17,89346,378,0.28,0,0,0,0
1948683,2024-12-26 00:00:00,17,90346,320,0.66,0.62,0,0.62,0
1948684,2024-12-26 00:00:00,22,89233,320,1.78,23.86,0.05,23.81,0
1948685,2024-12-27 00:00:00,14,87917,358,0.65,0.12,0,0.12,0
1948686,2024-12-27 00:00:00,19,90346,320,1.66,2.22,0,2.22,0
1948687,2024-12-27 00:00:00,20,87541,378,2.1,1.03,0.03,1,0
1948688,2024-12-28 00:00:00,14,87747,319,0.68,0.27,0,0,0.27
1948689,2024-12-28 00:00:00,16,89592,319,0.68,0.04,0,0.04,0
1948690,2024-12-28 00:00:00,17,88565,319,1.36,0.34,0.3,0.04,0
1948691,2024-12-28 00:00:00,18,87232,352,2.35,0,0,0,0
1948692,2024-12-28 00:00:00,18,87232,352,1.7,0,0,0,0
1948693,2024-12-28 00:00:00,18,89063,376,0.71,0,0,0,0
1948694,2024-12-29 00:00:00,12,86601,292,0.83,0.01,0,0,0.01
1948695,2024-12-29 00:00:00,14,87435,320,1.13,0.5,0,0.5,0
1948696,2024-12-29 00:00:00,14,89036,290,1.15,0,0,0,0
1948697,2024-12-29 00:00:00,14,88185,317,1.86,3.03,0,3.03,0
1948698,2024-12-29 00:00:00,16,87831,290,0.75,0,0,0,0
1948699,2024-12-29 00:00:00,20,87939,320,1.93,0.87,0,0.87,0
1948700,2024-12-30 00:00:00,13,87327,378,0.58,0,0,0,0
1948701,2024-12-30 00:00:00,15,87939,320,2.35,1.98,0,1.98,0
1948702,2024-12-30 00:00:00,16,86652,376,1.16,0.14,0.14,0,0
1948703,2024-12-30 00:00:00,16,89272,374,0.4,0,0,0,0
1948704,2024-12-30 00:00:00,18,89058,316,0.91,0.01,0,0,0.01
1948705,2024-12-30 00:00:00,18,89036,290,1.4,0.01,0,0.01,0
1948706,2024-12-30 00:00:00,18,87065,376,0.65,0.01,0,0.01,0
1948707,2024-12-31 00:00:00,13,88930,374,0.86,0.88,0.85,0,0.03
1948708,2024-12-31 00:00:00,13,89033,319,0.78,0.25,0.25,0,0
1948709,2024-12-31 00:00:00,15,90192,374,0.75,0,0,0,0
1948710,2024-12-31 00:00:00,16,86944,367,0.8,0.02,0,0,0.02
1948711,2024-12-31 00:00:00,15,88787,324,1.96,0.06,0,0.06,0
1948712,2024-12-31 00:00:00,17,88502,332,0.38,0,0,0,0
1948713,2024-12-31 00:00:00,19,89373,314,0.7,0,0,0,0
1948714,2024-12-31 00:00:00,20,89329,376,1.23,0.03,0,0,0.03
