id_localizacao,concelho,distrito,freguesia
86475,Seia,Guarda,Sazes Da Beira
86476,Guarda,Guarda,Casal De Cinza
86477,Lamego,Viseu,Sande
86478,Alcobaça,Leiria,Benedita
86479,Póvoa De Lanhoso,Braga,Verim
86480,Barcelos,Braga,Pereira
86481,Bragança,Bragança,Gimonde
86482,Bragança,Bragança,Parâmio
86483,Sabugal,Guarda,Nave
86484,Guarda,Guarda,Gonçalo
86485,São Pedro Do Sul,Viseu,Pindelo Dos Milagres
86486,Tarouca,Viseu,Gouviães
86487,Soure,Coimbra,Samuel
86488,Lousada,Porto,Covas
86489,Valença,Viana Do Castelo,São Julião
86490,Sardoal,Santarém,Alcaravela
86491,Cinfães,Viseu,Alhões
86492,Peniche,Leiria,Peniche (Ajuda)
86493,Viana Do Castelo,Viana Do Castelo,Deocriste
86494,Castro Marim,Faro,Azinhal
86495,Miranda Do Corvo,Coimbra,Lamas
86496,Soure,Coimbra,Pombalinho
86497,Póvoa De Varzim,Porto,Amorim
86498,Ponte De Lima,Viana Do Castelo,Ardegão
86499,Monção,Viana Do Castelo,Barbeita
86500,Vila Franca De Xira,Lisboa,Vialonga
86501,Pinhel,Guarda,Pomares
86502,Almeida,Guarda,Malpartida
86503,Fundão,Castelo Branco,Soalheira
86504,São Pedro Do Sul,Viseu,Várzea
86505,Penalva Do Castelo,Viseu,Esmolfe
86506,Vouzela,Viseu,Queirã
86507,Fafe,Braga,Serafão
86508,Coimbra,Coimbra,Brasfemes
86509,Figueiró Dos Vinhos,Leiria,Figueiró Dos Vinhos
86510,Cantanhede,Coimbra,Camarneira
86511,Aveiro,Aveiro,São Bernardo
86512,Alcobaça,Leiria,Alpedriz
86513,Vila Nova De Famalicão,Braga,Lemenhe
86514,Estremoz,Évora,São Bento De Ana Loura
86515,Almeida,Guarda,Almeida
86516,Ansião,Leiria,Santiago Da Guarda
86517,Oliveira De Azeméis,Aveiro,Ul
86518,Marco De Canaveses,Porto,Rosem
86519,Viana Do Castelo,Viana Do Castelo,Serreleis
86520,Alcanena,Santarém,Minde
86521,Seixal,Setúbal,Seixal
86522,Macedo De Cavaleiros,Bragança,Espadanedo
86523,Mourão,Évora,Granja
86524,Estremoz,Évora,Estremoz (Santo André)
86525,Mértola,Beja,Corte Do Pinto
86526,Figueira De Castelo Rodrigo,Guarda,Vale De Afonsinho
86527,Mangualde,Viseu,Fornos De Maceira Dão
86528,São João Da Pesqueira,Viseu,São João Da Pesqueira
86529,Vila Verde,Braga,Gondiães
86530,Ponte De Lima,Viana Do Castelo,Labrujó
86531,Monção,Viana Do Castelo,Lordelo
86532,Mafra,Lisboa,Mafra
86533,Beja,Beja,Beja (Salvador)
86534,Alcácer Do Sal,Setúbal,Alcácer Do Sal (Santa Maria Do Castelo)
86535,Pinhel,Guarda,Safurdão
86536,Montemor-O-Velho,Coimbra,Abrunheira
86537,Oliveira De Azeméis,Aveiro,São Roque
86538,Ponte De Lima,Viana Do Castelo,Rebordões (Souto)
86539,Viana Do Castelo,Viana Do Castelo,Anha
86540,Murça,Vila Real,Fiolhoso
86541,Alter Do Chão,Portalegre,Seda
86542,Sabugal,Guarda,Ruivós
86543,Mortágua,Viseu,Vale De Remígio
86544,Figueira Da Foz,Coimbra,Brenha (Parte)
86545,Fafe,Braga,Arões (Santa Cristina)
86546,Ponte De Lima,Viana Do Castelo,Calheiros
86547,Arcos De Valdevez,Viana Do Castelo,Sabadim
86548,Terras De Bouro,Braga,Brufe
86549,Abrantes,Santarém,Vale De Mós
86550,Arganil,Coimbra,Barril De Alva
86551,Marco De Canaveses,Porto,Vila Boa Do Bispo
86552,Cadaval,Lisboa,Painho
86553,Vila Real,Vila Real,Pena
86554,Murça,Vila Real,Candedo
86555,Miranda Do Douro,Bragança,Malhadas
86556,Guarda,Guarda,Videmonte
86557,Guarda,Guarda,João Antão
86558,Almeida,Guarda,Monte Perobolço
86559,Covilhã,Castelo Branco,Erada
86560,Aveiro,Aveiro,Oliveirinha
86561,Mangualde,Viseu,Póvoa De Cervães
86562,Baião,Porto,Ancede
86563,Vimioso,Bragança,Caçarelhos
86564,Macedo De Cavaleiros,Bragança,Vilarinho De Agrochão
86565,Fundão,Castelo Branco,Valverde
86566,Tondela,Viseu,Silvares
86567,Amares,Braga,Bouro (Santa Marta)
86568,Chaves,Vila Real,Sanjurge
86569,Gavião,Portalegre,Comenda
86570,Odemira,Beja,Vila Nova De Milfontes
86571,Mealhada,Aveiro,Ventosa Do Bairro
86572,Póvoa De Lanhoso,Braga,São João De Rei
86573,Alenquer,Lisboa,Alenquer (Triana)
86574,Chaves,Vila Real,Travancas
86575,Alijó,Vila Real,Vilarinho De Cotas
86576,Évora,Évora,Malagueira
86577,Gouveia,Guarda,Vila Cortês Da Serra
86578,Fornos De Algodres,Guarda,Queiriz
86579,Guarda,Guarda,Ribeira Dos Carinhos
86580,Armamar,Viseu,Aldeias
86581,Mira,Coimbra,Seixo
86582,Pampilhosa Da Serra,Coimbra,Portela Do Fojo
86583,Condeixa-A-Nova,Coimbra,Condeixa-A-Nova
86584,Guimarães,Braga,Balazar
86585,Guimarães,Braga,Conde
86586,Benavente,Santarém,Santo Estêvão
86587,Vinhais,Bragança,Celas
86588,Alcobaça,Leiria,São Martinho Do Porto
86589,Baião,Porto,Gove
86590,Paredes,Porto,Sobrosa
86591,Carrazeda De Ansiães,Bragança,Amedo
86592,Mêda,Guarda,Marialva
86593,Vila Nova De Paiva,Viseu,Vila Cova À Coelheira
86594,Arganil,Coimbra,Moura Da Serra
86595,Póvoa De Varzim,Porto,Laundos
86596,Vieira Do Minho,Braga,Anjos
86597,Mafra,Lisboa,São Miguel De Alcainça
86598,Ourique,Beja,Conceição
86599,Moura,Beja,Santo Amador
86600,Sernancelhe,Viseu,Quintela
86601,Vila Franca De Xira,Lisboa,Calhandriz
86602,Miranda Do Douro,Bragança,Cicouro
86603,Montemor-O-Novo,Évora,Silveiras
86604,Figueira De Castelo Rodrigo,Guarda,Freixeda Do Torrão
86605,Armamar,Viseu,Cimbres
86606,Marco De Canaveses,Porto,Várzea Do Douro
86607,Marco De Canaveses,Porto,Ariz
86608,Mondim De Basto,Vila Real,Campanhó
86609,Lourinhã,Lisboa,Vimeiro
86610,Tomar,Santarém,Serra
86611,Valpaços,Vila Real,Veiga De Lila
86612,Silves,Faro,São Marcos Da Serra
86613,Portalegre,Portalegre,Alagoa
86614,Mêda,Guarda,Outeiro De Gatos
86615,Castelo Branco,Castelo Branco,Almaceda
86616,Oliveira De Frades,Viseu,Pinheiro
86617,Vila Do Conde,Porto,Touguinhó
86618,Mesão Frio,Vila Real,Vila Marim
86619,Macedo De Cavaleiros,Bragança,Ala
86620,Amarante,Porto,Várzea
86621,Maia,Porto,Gondim
86622,Melgaço,Viana Do Castelo,Alvaredo
86623,Vila Nova De Cerveira,Viana Do Castelo,Gondar
86624,Cadaval,Lisboa,Lamas
86625,Barreiro,Setúbal,Palhais
86626,Avis,Portalegre,Ervedal
86627,Fundão,Castelo Branco,Enxames
86628,Ponte De Lima,Viana Do Castelo,Rebordões (Santa Maria)
86629,Fafe,Braga,Armil
86630,Oeiras,Lisboa,Barcarena
86631,Vila Pouca De Aguiar,Vila Real,Vreia De Jales
86632,Vila Real,Vila Real,Lamares
86633,Vinhais,Bragança,Tuizelo
86634,Vinhais,Bragança,Mofreita
86635,Celorico Da Beira,Guarda,Carrapichana
86636,Trancoso,Guarda,Tamanhos
86637,Tondela,Viseu,Canas De Santa Maria
86638,Ílhavo,Aveiro,Gafanha Do Carmo
86639,Moimenta Da Beira,Viseu,Arcozelos
86640,Penela,Coimbra,Cumeeira
86641,Barcelos,Braga,Tamel (São Veríssimo)
86642,Lisboa,Lisboa,Ameixoeira
86643,Caldas Da Rainha,Leiria,Alvorninha
86644,Celorico De Basto,Braga,Basto (Santa Tecla)
86645,Lourinhã,Lisboa,Moita Dos Ferreiros
86646,Idanha-A-Nova,Castelo Branco,São Miguel De Acha
86647,Viseu,Viseu,Vil De Souto
86648,Sátão,Viseu,Forles
86649,Armamar,Viseu,Queimadela
86650,Porto,Porto,Ramalde
86651,Boticas,Vila Real,Covas Do Barroso
86652,Ponte De Sor,Portalegre,Montargil
86653,Carregal Do Sal,Viseu,Sobral De Papízios
86654,Amarante,Porto,Fregim
86655,Paredes,Porto,Aguiar De Sousa
86656,Monção,Viana Do Castelo,Sá
86657,Póvoa De Lanhoso,Braga,Ajude
86658,Tavira,Faro,Tavira (Santa Maria)
86659,Évora,Évora,São Sebastião Da Giesteira
86660,Gouveia,Guarda,Ribamondego
86661,Almeida,Guarda,Parada
86662,Manteigas,Guarda,Vale De Amoreira
86663,Vila Velha De Ródão,Castelo Branco,Sarnadas De Ródão
86664,Moita,Setúbal,Alhos Vedros
86665,Beja,Beja,São Matias
86666,Nelas,Viseu,Canas De Senhorim
86667,Murtosa,Aveiro,Bunheiro
86668,São Pedro Do Sul,Viseu,Covas Do Rio
86669,Pombal,Leiria,Almagreira
86670,Barcelos,Braga,Chavão
86671,Amares,Braga,Portela
86672,Odemira,Beja,Relíquias
86673,Oliveira De Frades,Viseu,São João Da Serra
86674,Leiria,Leiria,Chainça
86675,Tomar,Santarém,Casais
86676,Chaves,Vila Real,Roriz
86677,Mirandela,Bragança,Fradizela
86678,Sabugal,Guarda,Rapoula Do Côa
86679,Coimbra,Coimbra,Arzila
86680,Santa Maria Da Feira,Aveiro,Feira
86681,Arouca,Aveiro,Espiunca
86682,Ourém,Santarém,Olival
86683,Loures,Lisboa,Moscavide
86684,Mirandela,Bragança,Avantos
86685,Lagos,Faro,Barão De São João
86686,Sertã,Castelo Branco,Sertã
86687,São Pedro Do Sul,Viseu,Serrazes
86688,Pombal,Leiria,Vermoil
86689,Cabeceiras De Basto,Braga,Gondiães
86690,Valença,Viana Do Castelo,Ganfei
86691,Ponte Da Barca,Viana Do Castelo,Vade (São Tomé)
86692,Cadaval,Lisboa,Alguber
86693,Vila Real,Vila Real,Adoufe
86694,Vila Pouca De Aguiar,Vila Real,Gouvães Da Serra
86695,Vila Flor,Bragança,Vilarinho Das Azenhas
86696,Guarda,Guarda,Rocamondo
86697,Sernancelhe,Viseu,Cunha
86698,Penacova,Coimbra,Penacova
86699,Guimarães,Braga,Rendufe
86700,Almada,Setúbal,Cacilhas
86701,Chaves,Vila Real,Anelhe
86702,Pinhel,Guarda,Cerejo
86703,Idanha-A-Nova,Castelo Branco,Proença-A-Velha
86704,Lamego,Viseu,Várzea De Abrunhais
86705,Leiria,Leiria,Milagres
86706,Santa Maria Da Feira,Aveiro,Sanguedo
86707,Almeida,Guarda,Vale Da Mula
86708,Guarda,Guarda,Trinta
86709,Castelo Branco,Castelo Branco,Mata
86710,Oliveira De Frades,Viseu,Arca
86711,São Pedro Do Sul,Viseu,São Félix
86712,Marco De Canaveses,Porto,Várzea Da Ovelha E Aliviada
86713,Vila Nova De Gaia,Porto,Olival
86714,Barcelos,Braga,Areias De Vilar
86715,Constância,Santarém,Constância
86716,Lourinhã,Lisboa,Marteleira
86717,Torre De Moncorvo,Bragança,Açoreira
86718,Vimioso,Bragança,Vale De Frades
86719,Vila Do Bispo,Faro,Barão De São Miguel
86720,Guarda,Guarda,Alvendre
86721,Anadia,Aveiro,Aguim
86722,Guimarães,Braga,Gondomar
86723,Braga,Braga,Sequeira
86724,Montemor-O-Novo,Évora,Lavre
86725,Seia,Guarda,Lajes
86726,Figueira De Castelo Rodrigo,Guarda,Almofala
86727,Viseu,Viseu,São Salvador
86728,Monção,Viana Do Castelo,Parada
86729,Vila Nova De Famalicão,Braga,Arnoso (Santa Maria)
86730,Barcelos,Braga,Vila Frescainha (São Pedro)
86731,Macedo De Cavaleiros,Bragança,Burga
86732,Évora,Évora,São Bento Do Mato
86733,Mora,Évora,Brotas
86734,Gouveia,Guarda,Freixo Da Serra
86735,Guimarães,Braga,São Torcato
86736,Arcos De Valdevez,Viana Do Castelo,Oliveira
86737,Seixal,Setúbal,Aldeia De Paio Pires
86738,Freixo De Espada À Cinta,Bragança,Poiares
86739,Alfândega Da Fé,Bragança,Soeima
86740,Pedrógão Grande,Leiria,Graça
86741,Marco De Canaveses,Porto,São Lourenço Do Douro
86742,Vila Nova De Famalicão,Braga,Brufe
86743,Valença,Viana Do Castelo,Cerdal
86744,Montalegre,Vila Real,Viade De Baixo
86745,Vila Real,Vila Real,Nogueira
86746,Aveiro,Aveiro,Esgueira
86747,Braga,Braga,Trandeiras
86748,Palmela,Setúbal,Poceirão
86749,Mirandela,Bragança,Valverde
86750,Vendas Novas,Évora,Vendas Novas
86751,Sabugal,Guarda,Bendada
86752,Celorico Da Beira,Guarda,Cadafaz
86753,Santa Maria Da Feira,Aveiro,Travanca
86754,Leiria,Leiria,Boa Vista
86755,Trofa,Porto,Alvarelhos
86756,Valença,Viana Do Castelo,Cristelo Covo
86757,Braga,Braga,Morreira
86758,Ourém,Santarém,Alburitel
86759,Torre De Moncorvo,Bragança,Urrós
86760,Castro Daire,Viseu,Mões
86761,Viseu,Viseu,São Pedro De France
86762,Montemor-O-Velho,Coimbra,Liceia
86763,Nazaré,Leiria,Nazaré
86764,Boticas,Vila Real,Pinho
86765,Celorico Da Beira,Guarda,Lajeosa Do Mondego
86766,Fundão,Castelo Branco,Castelo Novo
86767,Águeda,Aveiro,Travassô
86768,Ourém,Santarém,Atouguia
86769,Lisboa,Lisboa,São Francisco Xavier
86770,Carrazeda De Ansiães,Bragança,Lavandeira
86771,Fornos De Algodres,Guarda,Vila Ruiva
86772,Tondela,Viseu,Castelões
86773,Alijó,Vila Real,Carlão
86774,Mêda,Guarda,Poço Do Canto
86775,Mação,Santarém,Mação
86776,Albergaria-A-Velha,Aveiro,Frossos
86777,Maia,Porto,Águas Santas
86778,Santo Tirso,Porto,Agrela
86779,Guimarães,Braga,Selho (São Cristovão)
86780,Barreiro,Setúbal,Alto Do Seixalinho
86781,Valpaços,Vila Real,Bouçoães
86782,Monção,Viana Do Castelo,Cambeses
86783,Vila Nova De Cerveira,Viana Do Castelo,Vila Nova De Cerveira
86784,Guimarães,Braga,Sande (Vila Nova)
86785,Barcelos,Braga,Chorente
86786,Cartaxo,Santarém,Lapa
86787,Santarém,Santarém,Tremês
86788,Covilhã,Castelo Branco,Ferro
86789,Oliveira Do Hospital,Coimbra,Oliveira Do Hospital
86790,Vila Do Conde,Porto,Vila Do Conde
86791,Vinhais,Bragança,Agrochão
86792,Alfândega Da Fé,Bragança,Sambade
86793,Vila Nova De Famalicão,Braga,Avidos
86794,Arcos De Valdevez,Viana Do Castelo,Cabana Maior
86795,Alenquer,Lisboa,Meca
86796,Montalegre,Vila Real,Cervos
86797,Aljezur,Faro,Aljezur
86798,Sabugal,Guarda,Malcata
86799,Fundão,Castelo Branco,Fatela
86800,Santo Tirso,Porto,Lama
86801,Ponte De Lima,Viana Do Castelo,Anais
86802,Valpaços,Vila Real,Padrela E Tazem
86803,Vila Real,Vila Real,Ermida
86804,Oleiros,Castelo Branco,Estreito
86805,Mangualde,Viseu,São João Da Fresta
86806,Espinho,Aveiro,Anta
86807,Barcelos,Braga,Panque
86808,Mirandela,Bragança,Freixeda
86809,São Brás De Alportel,Faro,São Brás De Alportel
86810,Vila Do Bispo,Faro,Budens
86811,Covilhã,Castelo Branco,Peso
86812,Vagos,Aveiro,Vagos
86813,Lamego,Viseu,Valdigem
86814,Coimbra,Coimbra,Trouxemil
86815,Pampilhosa Da Serra,Coimbra,Pampilhosa Da Serra
86816,Góis,Coimbra,Góis
86817,Arouca,Aveiro,Chave
86818,Arcos De Valdevez,Viana Do Castelo,Aguiã
86819,Arcos De Valdevez,Viana Do Castelo,Prozelo
86820,Guarda,Guarda,Vale De Estrela
86821,Almeida,Guarda,Vale De Coelha
86822,Belmonte,Castelo Branco,Belmonte
86823,Tondela,Viseu,Molelos
86824,Porto De Mós,Leiria,Mira De Aire
86825,Guimarães,Braga,Sande (São Clemente)
86826,Tomar,Santarém,Paialvo
86827,Setúbal,Setúbal,Gâmbia-Pontes-Alto Da Guerra
86828,Carrazeda De Ansiães,Bragança,Carrazeda De Ansiães
86829,Óbidos,Leiria,A Dos Negros
86830,Monção,Viana Do Castelo,Sago
86831,Salvaterra De Magos,Santarém,Salvaterra De Magos
86832,Torres Vedras,Lisboa,Ponte Do Rol
86833,Seia,Guarda,Girabolhos
86834,Covilhã,Castelo Branco,Covilhã (Conceição)
86835,Mealhada,Aveiro,Casal Comba
86836,Lousada,Porto,Barrosas (Santo Estêvão)
86837,Viana Do Castelo,Viana Do Castelo,Cardielos
86838,Alenquer,Lisboa,Cabanas De Torres
86839,Santa Marta De Penaguião,Vila Real,Fontes
86840,Ovar,Aveiro,São João
86841,Anadia,Aveiro,Óis Do Bairro
86842,Felgueiras,Porto,Pinheiro
86843,Paredes De Coura,Viana Do Castelo,Infesta
86844,Vila Nova De Cerveira,Viana Do Castelo,Sapardos
86845,Valpaços,Vila Real,Sanfins
86846,Carrazeda De Ansiães,Bragança,Marzagão
86847,Nisa,Portalegre,Nossa Senhora Da Graça
86848,Ponte De Lima,Viana Do Castelo,Bárrio
86849,Terras De Bouro,Braga,Moimenta
86850,Salvaterra De Magos,Santarém,Granho
86851,Bragança,Bragança,Calvelhe
86852,Vila Viçosa,Évora,Pardais
86853,Anadia,Aveiro,Sangalhos
86854,Vagos,Aveiro,Ouca
86855,Mortágua,Viseu,Espinho
86856,Santa Comba Dão,Viseu,Nagozela
86857,Arganil,Coimbra,Teixeira
86858,Bombarral,Leiria,Carvalhal
86859,Monção,Viana Do Castelo,Pinheiros
86860,Rio Maior,Santarém,Marmeleira
86861,Vimioso,Bragança,Algoso
86862,Torre De Moncorvo,Bragança,Peredo Dos Castelhanos
86863,Olhão,Faro,Olhão
86864,Guarda,Guarda,Monte Margarida
86865,Arganil,Coimbra,Coja
86866,Vila Nova De Poiares,Coimbra,São Miguel De Poiares
86867,Vila Do Conde,Porto,Guilhabreu
86868,Braga,Braga,Mire De Tibães
86869,Mafra,Lisboa,Enxara Do Bispo
86870,Santarém,Santarém,Moçarria
86871,Sabrosa,Vila Real,Gouvinhas
86872,Sabugal,Guarda,Ruvina
86873,Caminha,Viana Do Castelo,Vilarelho
86874,Alijó,Vila Real,Vale De Mendiz
86875,Alfândega Da Fé,Bragança,Cerejais
86876,Loulé,Faro,Ameixial
86877,Évora,Évora,Nossa Senhora Da Graça Do Divor
86878,Vidigueira,Beja,Vila De Frades
86879,Gouveia,Guarda,Arcozelo
86880,Cabeceiras De Basto,Braga,Bucos
86881,Ponte Da Barca,Viana Do Castelo,Boivães
86882,Ponte De Lima,Viana Do Castelo,Bertiandos
86883,Salvaterra De Magos,Santarém,Glória Do Ribatejo
86884,Vila Real,Vila Real,Quintã
86885,Freixo De Espada À Cinta,Bragança,Freixo De Espada À Cinta
86886,Macedo De Cavaleiros,Bragança,Cortiços
86887,Vinhais,Bragança,Penhas Juntas
86888,Alandroal,Évora,Santiago Maior
86889,Mêda,Guarda,Carvalhal
86890,Guarda,Guarda,Jarmelo (São Miguel)
86891,Oleiros,Castelo Branco,Vilar Barroco
86892,Castelo Branco,Castelo Branco,Sarzedas
86893,Covilhã,Castelo Branco,Vales Do Rio
86894,Boticas,Vila Real,São Salvador De Viveiro
86895,Vila Nova De Paiva,Viseu,Alhais
86896,Arganil,Coimbra,Benfeita
86897,Arcos De Valdevez,Viana Do Castelo,Carralcova
86898,Almeirim,Santarém,Almeirim
86899,Ourém,Santarém,Caxarias
86900,Chaves,Vila Real,Curalha
86901,Odemira,Beja,Boavista Dos Pinheiros
86902,Seia,Guarda,Sandomil
86903,Celorico Da Beira,Guarda,Linhares
86904,Tarouca,Viseu,Vila Chã Da Beira
86905,Castelo De Paiva,Aveiro,São Martinho De Sardoura
86906,Sintra,Lisboa,São Marcos
86907,Vila Verde,Braga,Coucieiro
86908,Ourique,Beja,Santa Luzia
86909,Aguiar Da Beira,Guarda,Sequeiros
86910,Viseu,Viseu,São João De Lourosa
86911,Paredes,Porto,Vilela
86912,Lousada,Porto,Nogueira
86913,Valença,Viana Do Castelo,Verdoejo
86914,Vinhais,Bragança,Edrosa
86915,Pinhel,Guarda,Gouveias
86916,Pinhel,Guarda,Cidadelhe
86917,Castelo Branco,Castelo Branco,Cebolais De Cima
86918,Cinfães,Viseu,Souselo
86919,Figueira Da Foz,Coimbra,Paião
86920,Vila Nova De Gaia,Porto,Canidelo
86921,Caminha,Viana Do Castelo,Riba De Âncora
86922,Braga,Braga,Guisande
86923,Fafe,Braga,Agrela
86924,Arouca,Aveiro,Rossas
86925,Nazaré,Leiria,Famalicão
86926,Braga,Braga,Frossos
86927,Pinhel,Guarda,Lamegal
86928,Caldas Da Rainha,Leiria,Tornada
86929,Marco De Canaveses,Porto,Penha Longa
86930,Paredes De Coura,Viana Do Castelo,Resende
86931,Torres Novas,Santarém,Lapas
86932,Beja,Beja,Beringel
86933,Cinfães,Viseu,Santiago De Piães
86934,Cantanhede,Coimbra,Cadima
86935,Vila Nova De Gaia,Porto,Perosinho
86936,Vila Do Conde,Porto,Arcos
86937,Felgueiras,Porto,Revinhade
86938,Celorico De Basto,Braga,Fervença
86939,Barcelos,Braga,Galegos (Santa Maria)
86940,Santarém,Santarém,Achete
86941,Macedo De Cavaleiros,Bragança,Lamas
86942,Bragança,Bragança,Santa Comba De Rossas
86943,Ferreira Do Alentejo,Beja,Alfundão
86944,Sabugal,Guarda,Sortelha
86945,Seia,Guarda,Folhadosa
86946,Mealhada,Aveiro,Luso
86947,Paços De Ferreira,Porto,Frazão
86948,Barcelos,Braga,Areias
86949,Paredes De Coura,Viana Do Castelo,Porreiras
86950,Vila Nova De Cerveira,Viana Do Castelo,Candemil
86951,Amares,Braga,Bouro (Santa Maria)
86952,Valpaços,Vila Real,Curros
86953,Chaves,Vila Real,Vila Verde Da Raia
86954,Vinhais,Bragança,Santa Cruz
86955,Guarda,Guarda,Pega
86956,Viseu,Viseu,Cavernães
86957,Caldas Da Rainha,Leiria,A Dos Francos
86958,Paços De Ferreira,Porto,Penamaior
86959,Celorico De Basto,Braga,Veade
86960,Penalva Do Castelo,Viseu,Antas
86961,Armamar,Viseu,São Martinho Das Chãs
86962,Penacova,Coimbra,Sazes Do Lorvão
86963,Penafiel,Porto,Pinheiro
86964,Amarante,Porto,Canadelo
86965,Fafe,Braga,Freitas
86966,Cabeceiras De Basto,Braga,Vilar De Cunhas
86967,Paredes De Coura,Viana Do Castelo,Formariz
86968,Barcelos,Braga,Fonte Coberta
86969,Évora,Évora,Torre De Coelheiros
86970,Mértola,Beja,Espírito Santo
86971,Gouveia,Guarda,Paços Da Serra
86972,São Pedro Do Sul,Viseu,Baiões
86973,Santa Maria Da Feira,Aveiro,São Paio De Oleiros
86974,Felgueiras,Porto,Lagares
86975,Cabeceiras De Basto,Braga,Arco De Baúlhe
86976,Seia,Guarda,Sabugueiro
86977,Covilhã,Castelo Branco,Peraboa
86978,Tarouca,Viseu,Dálvares
86979,Chaves,Vila Real,São Vicente
86980,Vinhais,Bragança,Curopos
86981,Crato,Portalegre,Flor Da Rosa
86982,Viseu,Viseu,Mundão
86983,Penalva Do Castelo,Viseu,Sezures
86984,Santa Comba Dão,Viseu,São João De Areias
86985,Paços De Ferreira,Porto,Arreigada
86986,Amarante,Porto,Carvalho De Rei
86987,Fafe,Braga,Ribeiros
86988,Braga,Braga,Real
86989,Chamusca,Santarém,Chamusca
86990,Lourinhã,Lisboa,Atalaia
86991,Peso Da Régua,Vila Real,Covelinhas
86992,Monchique,Faro,Marmelete
86993,Montemor-O-Novo,Évora,Nossa Senhora Da Vila
86994,Figueira De Castelo Rodrigo,Guarda,Cinco Vilas
86995,Castelo Branco,Castelo Branco,Retaxo
86996,Ponte De Lima,Viana Do Castelo,Arcozelo
86997,Ponte De Lima,Viana Do Castelo,Vilar Das Almas
86998,Cartaxo,Santarém,Vila Chã De Ourique
86999,Barreiro,Setúbal,Santo António Da Charneca
87000,Santarém,Santarém,Várzea
87001,Almeida,Guarda,Peva
87002,Tarouca,Viseu,Salzedas
87003,Viana Do Castelo,Viana Do Castelo,Vilar De Murteda
87004,Barcelos,Braga,Vilar De Figos
87005,Mirandela,Bragança,Sucçães
87006,Macedo De Cavaleiros,Bragança,Vinhas
87007,Bragança,Bragança,Samil
87008,Montemor-O-Novo,Évora,Nossa Senhora Do Bispo
87009,Sabugal,Guarda,Quadrazais
87010,Figueira De Castelo Rodrigo,Guarda,Castelo Rodrigo
87011,Proença-A-Nova,Castelo Branco,Alvito Da Beira
87012,Lousã,Coimbra,Foz De Arouce
87013,Oliveira Do Hospital,Coimbra,Vila Franca Da Beira
87014,Barcelos,Braga,Alheira
87015,Barcelos,Braga,Encourados
87016,Loulé,Faro,Salir
87017,Almeida,Guarda,Nave De Haver
87018,Covilhã,Castelo Branco,Barco
87019,Mação,Santarém,Ortiga
87020,Aveiro,Aveiro,Requeixo
87021,São João Da Pesqueira,Viseu,Nagozelo Do Douro
87022,Guimarães,Braga,Aldão
87023,Alpiarça,Santarém,Alpiarça
87024,Santa Maria Da Feira,Aveiro,Nogueira Da Regedoura
87025,Valongo,Porto,Ermesinde
87026,Felgueiras,Porto,Várzea
87027,Felgueiras,Porto,Penacova
87028,Monção,Viana Do Castelo,Abedim
87029,Vila Nova De Famalicão,Braga,Delães
87030,Avis,Portalegre,Avis
87031,Nisa,Portalegre,Santana
87032,Mêda,Guarda,Vale Flor
87033,Mêda,Guarda,Longroiva
87034,Almeida,Guarda,Castelo Mendo
87035,Vouzela,Viseu,Ventosa
87036,Barcelos,Braga,Rio Covo (Santa Eugénia)
87037,Vila Nova De Famalicão,Braga,Novais
87038,Boticas,Vila Real,Ardãos
87039,Valpaços,Vila Real,São João Da Corveira
87040,Sever Do Vouga,Aveiro,Dornelas
87041,Tabuaço,Viseu,Desejosa
87042,Ansião,Leiria,Pousaflores
87043,Vale De Cambra,Aveiro,Vila Chã
87044,Póvoa De Varzim,Porto,Navais
87045,Amares,Braga,Amares
87046,Fundão,Castelo Branco,Mata Da Rainha
87047,Tabuaço,Viseu,Tabuaço
87048,Caldas Da Rainha,Leiria,Serra Do Bouro
87049,Viana Do Castelo,Viana Do Castelo,Santa Marta De Portuzelo
87050,Montalegre,Vila Real,Solveira
87051,Montalegre,Vila Real,Fervidelas
87052,Bragança,Bragança,Meixedo
87053,Vila Nova De Foz Côa,Guarda,Seixas
87054,Tábua,Coimbra,Mouronho
87055,Alcobaça,Leiria,Turquel
87056,Vila Nova De Famalicão,Braga,Vermoim
87057,Loures,Lisboa,São João Da Talha
87058,Macedo De Cavaleiros,Bragança,Lombo
87059,Fornos De Algodres,Guarda,Vila Chã
87060,Vila Nova De Foz Côa,Guarda,Touça
87061,Tabuaço,Viseu,Távora
87062,Mira,Coimbra,Praia De Mira
87063,Coimbra,Coimbra,Souselas
87064,Santa Maria Da Feira,Aveiro,São João De Ver
87065,Paredes,Porto,Vandoma
87066,Póvoa De Varzim,Porto,Beiriz
87067,Barcelos,Braga,Tamel (São Pedro Fins)
87068,Oliveira Do Hospital,Coimbra,Alvoco Das Várzeas
87069,Amarante,Porto,Freixo De Cima
87070,Braga,Braga,Gondizalves
87071,Seia,Guarda,Santiago
87072,Coimbra,Coimbra,Coimbra (Almedina)
87073,Felgueiras,Porto,Airães
87074,Melgaço,Viana Do Castelo,Fiães
87075,Caminha,Viana Do Castelo,Arga De Baixo
87076,Vila Nova De Famalicão,Braga,Castelões
87077,Fafe,Braga,Ardegão
87078,Ponte De Sor,Portalegre,Galveias
87079,Sabugal,Guarda,Badamalos
87080,Sabugal,Guarda,Seixo Do Côa
87081,São João Da Pesqueira,Viseu,Vilarouco
87082,Alvaiázere,Leiria,Maçãs De Dona Maria
87083,Óbidos,Leiria,Sobral Da Lagoa
87084,Guimarães,Braga,Brito
87085,Caminha,Viana Do Castelo,Argela
87086,Castro Verde,Beja,Entradas
87087,Idanha-A-Nova,Castelo Branco,Salvaterra Do Extremo
87088,Lamego,Viseu,Ferreirim
87089,Paredes,Porto,Besteiros
87090,Barcelos,Braga,Airó
87091,Monção,Viana Do Castelo,Podame
87092,Porto,Porto,Campanhã
87093,Vinhais,Bragança,Vilar De Peregrinos
87094,Aljustrel,Beja,Rio De Moinhos
87095,Castelo Branco,Castelo Branco,Lardosa
87096,Ílhavo,Aveiro,Ílhavo (São Salvador)
87097,Tondela,Viseu,Barreiro De Besteiros
87098,Penela,Coimbra,Rabaçal
87099,Maia,Porto,Silva Escura
87100,Macedo De Cavaleiros,Bragança,Edroso
87101,Maia,Porto,Moreira
87102,Vila Do Conde,Porto,Vilar
87103,Mafra,Lisboa,Azueira
87104,Sobral De Monte Agraço,Lisboa,Santo Quintino
87105,Vila Pouca De Aguiar,Vila Real,Alfarela De Jales
87106,Vila Flor,Bragança,Sampaio
87107,Covilhã,Castelo Branco,Cantar-Galo
87108,Montemor-O-Velho,Coimbra,Meãs Do Campo
87109,Chaves,Vila Real,Faiões
87110,Macedo De Cavaleiros,Bragança,Salselas
87111,Elvas,Portalegre,Terrugem
87112,Arganil,Coimbra,Secarias
87113,Vila Verde,Braga,Pico De Regalados
87114,Barcelos,Braga,Lijó
87115,Braga,Braga,Padim Da Graça
87116,Sobral De Monte Agraço,Lisboa,Sapataria
87117,Mesão Frio,Vila Real,Cidadelhe
87118,Idanha-A-Nova,Castelo Branco,Segura
87119,Mangualde,Viseu,Cunha Baixa
87120,Oliveira De Frades,Viseu,Oliveira De Frades
87121,Espinho,Aveiro,Paramos
87122,Vouzela,Viseu,Figueiredo Das Donas
87123,Arganil,Coimbra,Arganil
87124,Vieira Do Minho,Braga,Cova
87125,Barcelos,Braga,Aborim
87126,Celorico De Basto,Braga,Carvalho
87127,Póvoa De Lanhoso,Braga,Calvos
87128,Vila Nova Da Barquinha,Santarém,Praia Do Ribatejo
87129,Vila Pouca De Aguiar,Vila Real,Tresminas
87130,Portalegre,Portalegre,Carreiras
87131,Guarda,Guarda,Meios
87132,Paredes,Porto,Astromil
87133,Guimarães,Braga,Moreira De Cónegos
87134,Ponte De Lima,Viana Do Castelo,Santa Cruz Do Lima
87135,Amares,Braga,Vilela
87136,Valpaços,Vila Real,Friões
87137,Vimioso,Bragança,Uva
87138,Sabugal,Guarda,Lomba
87139,Penafiel,Porto,Capela
87140,Braga,Braga,Merelim (São Pedro)
87141,Elvas,Portalegre,Barbacena
87142,Alter Do Chão,Portalegre,Chancelaria
87143,Peniche,Leiria,Serra D El-Rei
87144,Penafiel,Porto,Recezinhos (São Martinho)
87145,Paredes,Porto,Madalena
87146,Vila Verde,Braga,Soutelo
87147,Guimarães,Braga,Ronfe
87148,Arcos De Valdevez,Viana Do Castelo,Padroso
87149,Valpaços,Vila Real,Santa Valha
87150,Odemira,Beja,São Luís
87151,Seia,Guarda,Cabeça
87152,Soure,Coimbra,Gesteira
87153,Guimarães,Braga,Figueiredo
87154,Guimarães,Braga,Atães
87155,Vila Nova De Famalicão,Braga,Oliveira (São Mateus)
87156,Vila Nova De Famalicão,Braga,Sezures
87157,Chamusca,Santarém,Parreira
87158,Tomar,Santarém,Alviobeira
87159,Peso Da Régua,Vila Real,Moura Morta
87160,Figueira De Castelo Rodrigo,Guarda,Vilar De Amargo
87161,São Pedro Do Sul,Viseu,São Cristovão De Lafões
87162,Baião,Porto,Loivos Da Ribeira
87163,Torres Vedras,Lisboa,Turcifal
87164,Estremoz,Évora,São Domingos De Ana Loura
87165,Vila Franca De Xira,Lisboa,Castanheira Do Ribatejo
87166,Lisboa,Lisboa,Campolide
87167,Alfândega Da Fé,Bragança,Gouveia
87168,Fundão,Castelo Branco,Alcaria
87169,Sertã,Castelo Branco,Carvalhal
87170,Armamar,Viseu,Armamar
87171,Resende,Viseu,Feirão
87172,Penedono,Viseu,Penedono
87173,Vizela,Braga,Vizela (Santo Adrião)
87174,Vinhais,Bragança,Pinheiro Novo
87175,Viana Do Castelo,Viana Do Castelo,São Romão De Neiva
87176,Monção,Viana Do Castelo,Troviscoso
87177,Vila Verde,Braga,Pedregais
87178,Bragança,Bragança,Parada
87179,Monção,Viana Do Castelo,Merufe
87180,Vila Verde,Braga,Passó
87181,Mafra,Lisboa,Santo Isidoro
87182,Santarém,Santarém,Abrã
87183,Montalegre,Vila Real,Covelo Do Gerês
87184,Manteigas,Guarda,Manteigas (São Pedro)
87185,Seia,Guarda,Santa Marinha
87186,Celorico Da Beira,Guarda,Cortiçô Da Serra
87187,Carregal Do Sal,Viseu,Papízios
87188,Viseu,Viseu,Povolide
87189,Resende,Viseu,São Martinho De Mouros
87190,Póvoa De Lanhoso,Braga,Monsul
87191,Lourinhã,Lisboa,Santa Bárbara
87192,Alenquer,Lisboa,Olhalvo
87193,Valpaços,Vila Real,Alvarelhos
87194,Grândola,Setúbal,Melides
87195,Penela,Coimbra,Penela (Santa Eufémia)
87196,Marco De Canaveses,Porto,Tuias
87197,Póvoa De Lanhoso,Braga,Ferreiros
87198,Vizela,Braga,Santa Eulália
87199,Tomar,Santarém,Santa Maria Dos Olivais
87200,Lagoa,Faro,Ferragudo
87201,Moura,Beja,Moura (São João Baptista)
87202,Penamacor,Castelo Branco,Aldeia De João Pires
87203,Viseu,Viseu,Viseu (São José)
87204,Vagos,Aveiro,Sosa
87205,Nelas,Viseu,Senhorim
87206,Sardoal,Santarém,Valhascos
87207,Torre De Moncorvo,Bragança,Felgar
87208,Tabuaço,Viseu,Arcos
87209,Arouca,Aveiro,Covelo De Paivó
87210,Óbidos,Leiria,Óbidos (Santa Maria)
87211,Penafiel,Porto,Milhundos
87212,Esposende,Braga,Belinho
87213,Oeiras,Lisboa,Cruz Quebrada-Dafundo
87214,Albufeira,Faro,Guia
87215,Santiago Do Cacém,Setúbal,Cercal
87216,Trancoso,Guarda,Terrenho
87217,Aveiro,Aveiro,Cacia
87218,Oliveira Do Bairro,Aveiro,Oliveira Do Bairro
87219,Pedrógão Grande,Leiria,Pedrógão Grande
87220,Santarém,Santarém,Póvoa De Santarém
87221,Odivelas,Lisboa,Famões
87222,Mogadouro,Bragança,Vale Da Madre
87223,Góis,Coimbra,Cadafaz
87224,Vila Do Conde,Porto,Modivas
87225,Arcos De Valdevez,Viana Do Castelo,Ázere
87226,Braga,Braga,Tadim
87227,Loures,Lisboa,Frielas
87228,Santarém,Santarém,Póvoa Da Isenta
87229,Mêda,Guarda,Pai Penela
87230,Guarda,Guarda,Porto Da Carne
87231,Pinhel,Guarda,Sorval
87232,Leiria,Leiria,Barosa
87233,Porto De Mós,Leiria,Alvados
87234,Mirandela,Bragança,Abreiro
87235,Mirandela,Bragança,Vale De Telhas
87236,Évora,Évora,São Manços
87237,Gouveia,Guarda,Mangualde Da Serra
87238,Seia,Guarda,Pinhanços
87239,Trancoso,Guarda,Guilheiro
87240,Viseu,Viseu,Fail
87241,Lamego,Viseu,Britiande
87242,Castelo De Paiva,Aveiro,Sobrado
87243,Trofa,Porto,Coronado (São Romão)
87244,Barcelos,Braga,Silva
87245,Oliveira De Azeméis,Aveiro,Madail
87246,Vila Do Conde,Porto,Gião
87247,Guimarães,Braga,Serzedo
87248,Arouca,Aveiro,Janarde
87249,Baião,Porto,Santa Cruz Do Douro
87250,Guimarães,Braga,Mascotelos
87251,Santarém,Santarém,Casével
87252,Mirandela,Bragança,Carvalhais
87253,Estremoz,Évora,Évora Monte (Santa Maria)
87254,Tondela,Viseu,Nandufe
87255,Santa Maria Da Feira,Aveiro,Espargo
87256,Oliveira De Azeméis,Aveiro,Nogueira Do Cravo
87257,Almada,Setúbal,Caparica
87258,Mogadouro,Bragança,Mogadouro
87259,Mértola,Beja,São João Dos Caldeireiros
87260,Pinhel,Guarda,Ervedosa
87261,Aguiar Da Beira,Guarda,Carapito
87262,Idanha-A-Nova,Castelo Branco,Penha Garcia
87263,Idanha-A-Nova,Castelo Branco,Medelim
87264,Tabuaço,Viseu,Santa Leocádia
87265,Vila Pouca De Aguiar,Vila Real,Santa Marta Da Montanha
87266,Penacova,Coimbra,São Pedro De Alva
87267,Leiria,Leiria,Bajouca
87268,Paredes,Porto,Gondalães
87269,Felgueiras,Porto,Vila Verde
87270,Vila Nova De Famalicão,Braga,Seide (São Miguel)
87271,Belmonte,Castelo Branco,Caria
87272,Amarante,Porto,Mancelos
87273,Barcelos,Braga,Gueral
87274,Alenquer,Lisboa,Carregado
87275,Aljezur,Faro,Bordeira
87276,Portalegre,Portalegre,São Julião
87277,Vidigueira,Beja,Pedrógão
87278,Guarda,Guarda,Aldeia Viçosa
87279,Almeida,Guarda,Castelo Bom
87280,Lousada,Porto,Nevogilde
87281,Vinhais,Bragança,Ousilhão
87282,Ponte De Lima,Viana Do Castelo,Arca
87283,Santarém,Santarém,Almoster
87284,Lourinhã,Lisboa,São Bartolomeu Dos Galegos
87285,Lisboa,Lisboa,Santa Maria Dos Olivais
87286,Santarém,Santarém,Amiais De Baixo
87287,Vila Real,Vila Real,Vilarinho De Samardã
87288,Viseu,Viseu,Bodiosa
87289,Góis,Coimbra,Alvares
87290,Amarante,Porto,Telões
87291,Paços De Ferreira,Porto,Figueiró
87292,Fafe,Braga,Várzea Cova
87293,Celorico De Basto,Braga,Ribas
87294,Ponte Da Barca,Viana Do Castelo,Lavradas
87295,Amares,Braga,Paredes Secas
87296,Alijó,Vila Real,Alijó
87297,Vinhais,Bragança,Vila Boa De Ousilhão
87298,Penamacor,Castelo Branco,Bemposta
87299,Ribeira De Pena,Vila Real,Ribeira De Pena (Salvador)
87300,Esposende,Braga,Esposende
87301,Vila Nova De Foz Côa,Guarda,Muxagata
87302,Tondela,Viseu,Mosteirinho
87303,Cinfães,Viseu,Moimenta
87304,Vila Nova De Poiares,Coimbra,Arrifana
87305,Penafiel,Porto,Duas Igrejas
87306,Arcos De Valdevez,Viana Do Castelo,Vilela
87307,Terras De Bouro,Braga,Rio Caldo
87308,Vila Nova De Famalicão,Braga,Jesufrei
87309,Vila Verde,Braga,Valões
87310,Macedo De Cavaleiros,Bragança,Vale Da Porca
87311,Moura,Beja,Póvoa De São Miguel
87312,Vale De Cambra,Aveiro,Junqueira
87313,Vila Nova De Famalicão,Braga,Vale (São Cosme)
87314,Abrantes,Santarém,Fontes
87315,Santarém,Santarém,Abitureiras
87316,Ferreira Do Alentejo,Beja,Odivelas
87317,Seia,Guarda,Seia
87318,Santa Maria Da Feira,Aveiro,Sanfins
87319,Vila Nova De Famalicão,Braga,Arnoso (Santa Eulália)
87320,Arcos De Valdevez,Viana Do Castelo,Parada
87321,Vila Verde,Braga,Valbom (São Martinho)
87322,Reguengos De Monsaraz,Évora,Campinho
87323,Resende,Viseu,Miomães
87324,Porto De Mós,Leiria,Pedreiras
87325,Figueira Da Foz,Coimbra,Quiaios
87326,Santa Maria Da Feira,Aveiro,Gião
87327,Vila Nova De Gaia,Porto,Sandim
87328,Amares,Braga,Goães
87329,Tavira,Faro,Santa Luzia
87330,Baião,Porto,Viariz
87331,Barcelos,Braga,Feitos
87332,Vila Franca De Xira,Lisboa,Póvoa De Santa Iria
87333,Celorico Da Beira,Guarda,Celorico (Santa Maria)
87334,Celorico Da Beira,Guarda,Maçal Do Chão
87335,Covilhã,Castelo Branco,Covilhã (Santa Maria)
87336,Covilhã,Castelo Branco,Canhoso
87337,Castro Daire,Viseu,Castro Daire
87338,Batalha,Leiria,Batalha
87339,Coimbra,Coimbra,Lamarosa
87340,Caminha,Viana Do Castelo,Lanhelas
87341,Cartaxo,Santarém,Vale Da Pinta
87342,Tavira,Faro,Santo Estêvão
87343,Borba,Évora,Orada
87344,Fornos De Algodres,Guarda,Muxagata
87345,Vouzela,Viseu,Vouzela
87346,Tarouca,Viseu,São João De Tarouca
87347,Leiria,Leiria,Arrabal
87348,Coimbra,Coimbra,Antuzede
87349,Arcos De Valdevez,Viana Do Castelo,São Jorge
87350,Rio Maior,Santarém,Rio Maior
87351,Ourém,Santarém,Nossa Senhora Das Misericórdias
87352,Guarda,Guarda,Guarda (Sé)
87353,Espinho,Aveiro,Silvalde
87354,Monção,Viana Do Castelo,Bela
87355,Paredes De Coura,Viana Do Castelo,Parada
87356,Entroncamento,Santarém,São João Baptista
87357,Santarém,Santarém,São Vicente Do Paul
87358,Cartaxo,Santarém,Ereira
87359,Bragança,Bragança,Sortes
87360,Odemira,Beja,Longueira/Almograve
87361,Monção,Viana Do Castelo,Ceivães
87362,Mirandela,Bragança,Vila Verde
87363,Almeida,Guarda,Porto De Ovelha
87364,Castelo Branco,Castelo Branco,Sobral Do Campo
87365,Albergaria-A-Velha,Aveiro,Branca
87366,Mealhada,Aveiro,Vacariça
87367,Felgueiras,Porto,Vila Cova Da Lixa
87368,Felgueiras,Porto,Macieira Da Lixa
87369,Chaves,Vila Real,Madalena
87370,Chaves,Vila Real,Cela
87371,Arcos De Valdevez,Viana Do Castelo,Souto
87372,Paredes De Coura,Viana Do Castelo,Padornelo
87373,Valença,Viana Do Castelo,Valença
87374,Salvaterra De Magos,Santarém,Muge
87375,Azambuja,Lisboa,Aveiras De Cima
87376,Cartaxo,Santarém,Cartaxo
87377,Tabuaço,Viseu,Chavães
87378,Gondomar,Porto,Gondomar (São Cosme)
87379,Moimenta Da Beira,Viseu,Moimenta Da Beira
87380,Vila Nova De Famalicão,Braga,Fradelos
87381,Sabugal,Guarda,Sabugal
87382,Mêda,Guarda,Ranhados
87383,Castelo Branco,Castelo Branco,Salgueiro Do Campo
87384,São João Da Pesqueira,Viseu,Riodades
87385,Porto De Mós,Leiria,Serro Ventoso
87386,Cantanhede,Coimbra,Tocha
87387,Baião,Porto,Tresouras
87388,Arruda Dos Vinhos,Lisboa,Arruda Dos Vinhos
87389,Chamusca,Santarém,Pinheiro Grande
87390,Peso Da Régua,Vila Real,Galafura
87391,Sabugal,Guarda,Vale De Espinho
87392,Vila De Rei,Castelo Branco,Vila De Rei
87393,Sever Do Vouga,Aveiro,Pessegueiro Do Vouga
87394,Mealhada,Aveiro,Pampilhosa
87395,Vizela,Braga,Tagilde
87396,Ponte De Lima,Viana Do Castelo,Sandiães
87397,Braga,Braga,Braga (Sé)
87398,Ourém,Santarém,Espite
87399,Sabrosa,Vila Real,Paços
87400,Lousada,Porto,Lousada (São Miguel)
87401,Lousada,Porto,Nespereira
87402,Guimarães,Braga,Sande (São Martinho)
87403,Viana Do Castelo,Viana Do Castelo,Chafé
87404,Monção,Viana Do Castelo,Troporiz
87405,Manteigas,Guarda,Sameiro
87406,Sever Do Vouga,Aveiro,Rocas Do Vouga
87407,Cinfães,Viseu,Cinfães
87408,Ansião,Leiria,Avelar
87409,Caldas Da Rainha,Leiria,Salir Do Porto
87410,Valença,Viana Do Castelo,Gandra
87411,Macedo De Cavaleiros,Bragança,Ferreira
87412,Monção,Viana Do Castelo,Lara
87413,Vila Nova De Famalicão,Braga,Pousada De Saramagos
87414,Barcelos,Braga,Tamel (Santa Leocádia)
87415,Constância,Santarém,Santa Margarida Da Coutada
87416,Abrantes,Santarém,Concavada
87417,Moita,Setúbal,Sarilhos Pequenos
87418,Sertã,Castelo Branco,Cernache Do Bonjardim
87419,Figueiró Dos Vinhos,Leiria,Aguda
87420,Vila Nova De Gaia,Porto,Crestuma
87421,Almada,Setúbal,Trafaria
87422,Peso Da Régua,Vila Real,Poiares
87423,Miranda Do Douro,Bragança,Silva
87424,Mogadouro,Bragança,Brunhoso
87425,Mortágua,Viseu,Cortegaça
87426,Oliveira De Azeméis,Aveiro,Santiago De Riba-Ul
87427,Arcos De Valdevez,Viana Do Castelo,São Cosme E São Damião
87428,Póvoa De Lanhoso,Braga,Frades
87429,Lagoa,Faro,Porches
87430,Águeda,Aveiro,Lamas Do Vouga
87431,Vila Verde,Braga,Escariz (São Martinho)
87432,Lisboa,Lisboa,São Paulo
87433,Vila Flor,Bragança,Nabo
87434,Alfândega Da Fé,Bragança,Vale Pereiro
87435,Pinhel,Guarda,Manigoto
87436,Castelo Branco,Castelo Branco,Freixial Do Campo
87437,Tabuaço,Viseu,Longa
87438,Santa Maria Da Feira,Aveiro,Lobão
87439,Castelo De Paiva,Aveiro,Real
87440,Bombarral,Leiria,Pó
87441,Amarante,Porto,Candemil
87442,Felgueiras,Porto,Caramos
87443,Felgueiras,Porto,Margaride (Santa Eulália)
87444,Arcos De Valdevez,Viana Do Castelo,Miranda
87445,Melgaço,Viana Do Castelo,Remoães
87446,Loures,Lisboa,Prior Velho
87447,Loulé,Faro,Alte
87448,Avis,Portalegre,Alcôrrego
87449,Mortágua,Viseu,Sobral
87450,Figueira Da Foz,Coimbra,Buarcos
87451,Abrantes,Santarém,São Miguel Do Rio Torto
87452,Seia,Guarda,Vide
87453,Sabugal,Guarda,Rebolosa
87454,Viana Do Castelo,Viana Do Castelo,Vila Mou
87455,Vila Nova De Famalicão,Braga,Seide (São Paio)
87456,Abrantes,Santarém,Souto
87457,Sabrosa,Vila Real,São Martinho De Antas
87458,Mangualde,Viseu,Quintela De Azurara
87459,Tarouca,Viseu,Tarouca
87460,Felgueiras,Porto,Idães
87461,Lagoa,Faro,Lagoa
87462,Estremoz,Évora,São Lourenço De Mamporcão
87463,Guarda,Guarda,Famalicão
87464,Castelo Branco,Castelo Branco,Cafede
87465,Viseu,Viseu,Viseu (Santa Maria De Viseu)
87466,Santo Tirso,Porto,São Salvador Do Campo
87467,Macedo De Cavaleiros,Bragança,Vale De Prados
87468,Vila Flor,Bragança,Mourão
87469,Caminha,Viana Do Castelo,Dem
87470,Braga,Braga,Figueiredo
87471,Almada,Setúbal,Pragal
87472,Alijó,Vila Real,Castedo
87473,Montalegre,Vila Real,Padornelos
87474,Torre De Moncorvo,Bragança,Cabeça Boa
87475,Guarda,Guarda,Avelãs Da Ribeira
87476,Vagos,Aveiro,Santo António De Vagos
87477,Tabuaço,Viseu,Valença Do Douro
87478,Caldas Da Rainha,Leiria,São Gregório
87479,Guimarães,Braga,Azurém
87480,Caminha,Viana Do Castelo,Cristelo
87481,Ponte Da Barca,Viana Do Castelo,Grovelas
87482,Vila Nova De Famalicão,Braga,Vilarinho Das Cambas
87483,Tomar,Santarém,Olalhas
87484,Abrantes,Santarém,Mouriscas
87485,Bragança,Bragança,Rabal
87486,Vila Nova De Paiva,Viseu,Vila Nova De Paiva
87487,Tondela,Viseu,Vila Nova Da Rainha
87488,Penacova,Coimbra,Oliveira Do Mondego
87489,Felgueiras,Porto,Torrados
87490,Maia,Porto,Vermoim
87491,Amarante,Porto,Oliveira
87492,Melgaço,Viana Do Castelo,Paderne
87493,Vila Nova De Famalicão,Braga,Ruivães
87494,Guimarães,Braga,Barco
87495,Vila Real,Vila Real,Arroios
87496,Olhão,Faro,Fuseta
87497,Mértola,Beja,Mértola
87498,Estarreja,Aveiro,Canelas
87499,Porto De Mós,Leiria,Juncal
87500,Leiria,Leiria,Memória
87501,Lousada,Porto,Cernadelo
87502,Barcelos,Braga,Creixomil
87503,Vila Real,Vila Real,Torgueda
87504,Montalegre,Vila Real,Tourém
87505,Maia,Porto,São Pedro Fins
87506,Viana Do Castelo,Viana Do Castelo,Moreira De Geraz Do Lima
87507,Ponte Da Barca,Viana Do Castelo,Nogueira
87508,Valença,Viana Do Castelo,Friestas
87509,Viana Do Castelo,Viana Do Castelo,Freixieiro De Soutelo
87510,Amares,Braga,Rendufe
87511,Sabugal,Guarda,Alfaiates
87512,Tábua,Coimbra,Midões
87513,Alvaiázere,Leiria,Pelmá
87514,Alcobaça,Leiria,Aljubarrota (São Vicente)
87515,Penafiel,Porto,Santa Marta
87516,Amares,Braga,Carrazedo
87517,Vila Pouca De Aguiar,Vila Real,Sabroso De Aguiar
87518,Vinhais,Bragança,Quirás
87519,Armamar,Viseu,Vila Seca
87520,Póvoa De Varzim,Porto,Aguçadoura
87521,Braga,Braga,Dume
87522,Mirandela,Bragança,Passos
87523,Covilhã,Castelo Branco,São Jorge Da Beira
87524,Carregal Do Sal,Viseu,Beijós
87525,Mangualde,Viseu,Travanca De Tavares
87526,Arouca,Aveiro,Várzea
87527,Marco De Canaveses,Porto,Constance
87528,Amarante,Porto,Louredo
87529,Paredes De Coura,Viana Do Castelo,Ferreira
87530,Cartaxo,Santarém,Vale Da Pedra
87531,Ourém,Santarém,Nossa Senhora Da Piedade
87532,Rio Maior,Santarém,São Sebastião
87533,Boticas,Vila Real,Cerdedo
87534,Loulé,Faro,Tôr
87535,Odemira,Beja,Zambujeira Do Mar
87536,Ovar,Aveiro,São Vicente De Pereira Jusã
87537,Cinfães,Viseu,Bustelo
87538,Felgueiras,Porto,Lordelo
87539,Vila Nova De Famalicão,Braga,Calendário
87540,Terras De Bouro,Braga,Campo Do Gerês
87541,Vieira Do Minho,Braga,Ventosa
87542,Vagos,Aveiro,Santa Catarina
87543,Tondela,Viseu,Parada De Gonta
87544,Baião,Porto,Grilo
87545,Santo Tirso,Porto,Sequeiró
87546,Paredes De Coura,Viana Do Castelo,Cunha
87547,Braga,Braga,Braga (São João Do Souto)
87548,Mirandela,Bragança,Vale De Asnes
87549,Odemira,Beja,Bicos
87550,Tabuaço,Viseu,Granjinha
87551,Oliveira Do Hospital,Coimbra,Lourosa
87552,Soure,Coimbra,Vinha Da Rainha
87553,Vila Franca De Xira,Lisboa,Alverca Do Ribatejo
87554,Murça,Vila Real,Carva
87555,Castelo Branco,Castelo Branco,Tinalhas
87556,Coimbra,Coimbra,Santo António Dos Olivais
87557,Barcelos,Braga,Carvalhos
87558,Oeiras,Lisboa,Carnaxide
87559,Vila Real,Vila Real,São Tomé Do Castelo
87560,Sabrosa,Vila Real,Covas Do Douro
87561,Vinhais,Bragança,Travanca
87562,Viana Do Castelo,Viana Do Castelo,Amonde
87563,Guimarães,Braga,Guimarães (São Paio)
87564,Santarém,Santarém,Arneiro Das Milhariças
87565,Valpaços,Vila Real,Canaveses
87566,Beja,Beja,Trigaches
87567,Guarda,Guarda,Vila Garcia
87568,Castro Daire,Viseu,Gafanhão
87569,Oliveira De Azeméis,Aveiro,Loureiro
87570,Ponte De Lima,Viana Do Castelo,Cabaços
87571,Barcelos,Braga,Vila Boa
87572,Torres Vedras,Lisboa,Monte Redondo
87573,Vimioso,Bragança,Vimioso
87574,Castelo Branco,Castelo Branco,Póvoa De Rio De Moinhos
87575,Fundão,Castelo Branco,Orca
87576,Pombal,Leiria,Redinha
87577,Arganil,Coimbra,Anceriz
87578,Espinho,Aveiro,Guetim
87579,Póvoa De Lanhoso,Braga,Louredo
87580,Ponte Da Barca,Viana Do Castelo,Crasto
87581,Barcelos,Braga,Arcozelo
87582,Valpaços,Vila Real,Nozelos
87583,Crato,Portalegre,Monte Da Pedra
87584,Castelo Branco,Castelo Branco,Escalos De Baixo
87585,Idanha-A-Nova,Castelo Branco,Ladoeiro
87586,Ovar,Aveiro,Arada
87587,Tondela,Viseu,São Miguel Do Outeiro
87588,Póvoa De Lanhoso,Braga,Moure
87589,Alcanena,Santarém,Serra De Santo António
87590,Valpaços,Vila Real,Fornos Do Pinhal
87591,Mirandela,Bragança,Cobro
87592,Elvas,Portalegre,Alcáçova
87593,Odemira,Beja,São Martinho Das Amoreiras
87594,Ponte De Lima,Viana Do Castelo,Ponte De Lima
87595,Valença,Viana Do Castelo,Silva
87596,Monção,Viana Do Castelo,Anhões
87597,Barcelos,Braga,Rio Covo (Santa Eulália)
87598,Vila Verde,Braga,Turiz
87599,Torres Vedras,Lisboa,Outeiro Da Cabeça
87600,Elvas,Portalegre,Caia E São Pedro
87601,Monforte,Portalegre,Santo Aleixo
87602,Cuba,Beja,Vila Alva
87603,Santa Comba Dão,Viseu,Ovoa
87604,Santarém,Santarém,Santa Iria Da Ribeira De Santarém
87605,Arruda Dos Vinhos,Lisboa,Cardosas
87606,Vinhais,Bragança,Vale De Janeiro
87607,Vimioso,Bragança,Campo De Víboras
87608,Ovar,Aveiro,Maceda
87609,Leiria,Leiria,Monte Real
87610,Paredes,Porto,Cristelo
87611,Paredes,Porto,Sobreira
87612,Arcos De Valdevez,Viana Do Castelo,Eiras
87613,Amares,Braga,Torre
87614,Cascais,Lisboa,Parede
87615,Murça,Vila Real,Valongo De Milhais
87616,Mogadouro,Bragança,Castelo Branco
87617,Castelo De Vide,Portalegre,Santiago Maior
87618,Sabugal,Guarda,Pousafoles Do Bispo
87619,Mação,Santarém,Amêndoa
87620,Fundão,Castelo Branco,Salgueiro
87621,Sertã,Castelo Branco,Castelo
87622,Fundão,Castelo Branco,Escarigo
87623,Santarém,Santarém,Romeira
87624,Valpaços,Vila Real,Possacos
87625,Arronches,Portalegre,Esperança
87626,Fundão,Castelo Branco,Janeiro De Cima
87627,Mangualde,Viseu,Chãs De Tavares
87628,Vila Nova De Gaia,Porto,Madalena
87629,Vila Verde,Braga,Dossãos
87630,Alenquer,Lisboa,Carnota
87631,Viana Do Alentejo,Évora,Alcáçovas
87632,Mangualde,Viseu,Abrunhosa-A-Velha
87633,Moimenta Da Beira,Viseu,Passó
87634,Póvoa De Lanhoso,Braga,Serzedelo
87635,Amadora,Lisboa,Reboleira (Parte)
87636,Ourém,Santarém,Gondemaria
87637,Bragança,Bragança,Serapicos
87638,Estremoz,Évora,São Bento Do Ameixial
87639,Fundão,Castelo Branco,Lavacolhos
87640,Penedono,Viseu,Ourozinho
87641,Coimbra,Coimbra,São Paulo De Frades
87642,Montemor-O-Velho,Coimbra,Vila Nova Da Barca
87643,Vila Nova De Cerveira,Viana Do Castelo,Reboreda
87644,Alijó,Vila Real,Pinhão
87645,Monção,Viana Do Castelo,Monção
87646,Amares,Braga,Figueiredo
87647,Vila Verde,Braga,Penascais
87648,Moita,Setúbal,Moita
87649,Alenquer,Lisboa,Aldeia Galega Da Merceana
87650,Vila Real,Vila Real,Lordelo
87651,Alcoutim,Faro,Pereiro
87652,Beja,Beja,Albernoa
87653,Aljustrel,Beja,São João De Negrilhos
87654,Celorico Da Beira,Guarda,Açores
87655,Tarouca,Viseu,Mondim Da Beira
87656,Cantanhede,Coimbra,Ançã
87657,Castelo De Paiva,Aveiro,Bairros
87658,Oliveira De Azeméis,Aveiro,Pindelo
87659,Vila Nova De Cerveira,Viana Do Castelo,Gondarém
87660,Vila Nova De Famalicão,Braga,Bente
87661,Fafe,Braga,Medelo
87662,Fundão,Castelo Branco,Souto Da Casa
87663,Alcobaça,Leiria,Alfeizerão
87664,Arcos De Valdevez,Viana Do Castelo,Gondoriz
87665,Vila Verde,Braga,Goães
87666,Alenquer,Lisboa,Abrigada
87667,Montalegre,Vila Real,Meixedo
87668,Valpaços,Vila Real,Água Revés E Crasto
87669,Macedo De Cavaleiros,Bragança,Amendoeira
87670,Vinhais,Bragança,Nunes
87671,Guarda,Guarda,Castanheira
87672,Mirandela,Bragança,São Pedro Velho
87673,Covilhã,Castelo Branco,Vale Formoso
87674,Carregal Do Sal,Viseu,Parada
87675,Arganil,Coimbra,Cepos
87676,Barcelos,Braga,Aguiar
87677,Viana Do Castelo,Viana Do Castelo,Castelo Do Neiva
87678,Vila Verde,Braga,Rio Mau
87679,Barreiro,Setúbal,Verderena
87680,Guarda,Guarda,Marmeleiro
87681,Idanha-A-Nova,Castelo Branco,Idanha-A-Nova
87682,Vila Nova De Gaia,Porto,Seixezelo
87683,Valença,Viana Do Castelo,Arão
87684,Póvoa De Lanhoso,Braga,Garfe
87685,Mafra,Lisboa,Igreja Nova
87686,Alcanena,Santarém,Moitas Venda
87687,Valpaços,Vila Real,Barreiros
87688,Águeda,Aveiro,Barrô
87689,Penalva Do Castelo,Viseu,Mareco
87690,Cinfães,Viseu,Tendais
87691,Arouca,Aveiro,Alvarenga
87692,Santa Maria Da Feira,Aveiro,Guisande
87693,Santo Tirso,Porto,Roriz
87694,Guimarães,Braga,Pinheiro
87695,Vila Real,Vila Real,Parada De Cunhos
87696,Vila Pouca De Aguiar,Vila Real,Valoura
87697,Mirandela,Bragança,Abambres
87698,Alandroal,Évora,Alandroal (Nossa Senhora Da Conceição)
87699,Mêda,Guarda,Aveloso
87700,Castro Daire,Viseu,Moledo
87701,Tábua,Coimbra,Vila Nova De Oliveirinha
87702,Póvoa De Varzim,Porto,A Ver-O-Mar
87703,Cabeceiras De Basto,Braga,Alvite
87704,Ourém,Santarém,Fátima
87705,Moura,Beja,Santo Aleixo Da Restauração
87706,Murtosa,Aveiro,Murtosa
87707,Figueira Da Foz,Coimbra,Lavos
87708,Gondomar,Porto,Rio Tinto
87709,Alenquer,Lisboa,Vila Verde Dos Francos
87710,Vila Nova Da Barquinha,Santarém,Tancos
87711,Montalegre,Vila Real,Paradela
87712,Vidigueira,Beja,Selmes
87713,Beja,Beja,Mombeja
87714,Mêda,Guarda,Rabaçal
87715,Aveiro,Aveiro,Nossa Senhora De Fátima
87716,Tondela,Viseu,São João Do Monte
87717,Águeda,Aveiro,Aguada De Baixo
87718,Vinhais,Bragança,Alvaredos
87719,Alfândega Da Fé,Bragança,Sendim Da Ribeira
87720,Arouca,Aveiro,Fermedo
87721,Amares,Braga,Bico
87722,Braga,Braga,Passos (São Julião)
87723,Guimarães,Braga,Guimarães (Oliveira Do Castelo)
87724,Santa Marta De Penaguião,Vila Real,Lobrigos (São Miguel)
87725,Vinhais,Bragança,Paçó
87726,Santiago Do Cacém,Setúbal,Santa Cruz
87727,Figueira De Castelo Rodrigo,Guarda,Vilar Torpim
87728,Gondomar,Porto,Melres
87729,Póvoa De Varzim,Porto,Rates
87730,Vila Verde,Braga,Lage
87731,Barcelos,Braga,Galegos (São Martinho)
87732,Ponte De Lima,Viana Do Castelo,Correlhã
87733,Alenquer,Lisboa,Ventosa
87734,Ourém,Santarém,Seiça
87735,Gouveia,Guarda,Moimenta Da Serra
87736,Vouzela,Viseu,Cambra
87737,Águeda,Aveiro,Agadão
87738,Valongo,Porto,Valongo
87739,Lousada,Porto,Pias
87740,Penafiel,Porto,Paço De Sousa
87741,Trofa,Porto,Guidões
87742,Ponte Da Barca,Viana Do Castelo,Vila Chã (São João Baptista)
87743,Vila Verde,Braga,Gondomar
87744,Amadora,Lisboa,Venda Nova
87745,Bragança,Bragança,Quintanilha
87746,Vimioso,Bragança,Santulhão
87747,Aljezur,Faro,Odeceixe
87748,Sabugal,Guarda,Lajeosa
87749,Manteigas,Guarda,Manteigas (Santa Maria)
87750,Moimenta Da Beira,Viseu,Baldos
87751,Resende,Viseu,Ovadas
87752,Penacova,Coimbra,Paradela
87753,Vale De Cambra,Aveiro,São Pedro De Castelões
87754,Matosinhos,Porto,Leça Da Palmeira
87755,Vila Nova De Famalicão,Braga,Riba De Ave
87756,Torres Vedras,Lisboa,Carmões
87757,Mogadouro,Bragança,Azinhoso
87758,Penamacor,Castelo Branco,Meimoa
87759,Cantanhede,Coimbra,São Caetano
87760,Peniche,Leiria,Ferrel
87761,Caminha,Viana Do Castelo,Vile
87762,Braga,Braga,Oliveira (São Pedro)
87763,Esposende,Braga,Forjães
87764,Chamusca,Santarém,Carregueira
87765,Peso Da Régua,Vila Real,Peso Da Régua
87766,Alcoutim,Faro,Martim Longo
87767,Faro,Faro,Faro (São Pedro)
87768,Viana Do Castelo,Viana Do Castelo,Torre
87769,Cascais,Lisboa,Estoril
87770,Bragança,Bragança,São Pedro De Sarracenos
87771,Penafiel,Porto,Castelões
87772,Fafe,Braga,Travassós
87773,Celorico De Basto,Braga,Gagos
87774,Torre De Moncorvo,Bragança,Maçores
87775,Moura,Beja,Sobral Da Adiça
87776,Vila Nova De Foz Côa,Guarda,Custóias
87777,Azambuja,Lisboa,Aveiras De Baixo
87778,Sardoal,Santarém,Sardoal
87779,Miranda Do Douro,Bragança,Picote
87780,Almeida,Guarda,Junça
87781,Resende,Viseu,Paus
87782,Vila Nova De Poiares,Coimbra,Lavegadas
87783,Alcanena,Santarém,Alcanena
87784,Odivelas,Lisboa,Caneças
87785,Pinhel,Guarda,Souro Pires
87786,Penafiel,Porto,Luzim
87787,Braga,Braga,Navarra
87788,Lisboa,Lisboa,São Jorge De Arroios
87789,Chaves,Vila Real,Vilarelho Da Raia
87790,Almodôvar,Beja,Rosário
87791,Castro Daire,Viseu,Moura Morta
87792,Viseu,Viseu,Barreiros
87793,Penacova,Coimbra,Figueira De Lorvão
87794,Paredes,Porto,Recarei
87795,Arcos De Valdevez,Viana Do Castelo,Guilhadeses
87796,Vila Pouca De Aguiar,Vila Real,Bornes De Aguiar
87797,Chaves,Vila Real,Outeiro Seco
87798,Alfândega Da Fé,Bragança,Pombal
87799,Pinhel,Guarda,Valbom
87800,Guarda,Guarda,Santana Da Azinha
87801,Vila Verde,Braga,Gomide
87802,Alcanena,Santarém,Louriceira
87803,Chaves,Vila Real,São Julião De Montenegro
87804,Vila Nova De Foz Côa,Guarda,Freixo De Numão
87805,Barcelos,Braga,Carvalhal
87806,Ponte De Sor,Portalegre,Foros De Arrão
87807,Albergaria-A-Velha,Aveiro,Ribeira De Fráguas
87808,Tondela,Viseu,Ferreirós Do Dão
87809,Guimarães,Braga,Longos
87810,Cadaval,Lisboa,Vilar
87811,Montijo,Setúbal,Sarilhos Grandes
87812,Vila Flor,Bragança,Assares
87813,Trancoso,Guarda,Torre Do Terrenho
87814,Celorico Da Beira,Guarda,Forno Telheiro
87815,Coimbra,Coimbra,Antanhol
87816,Figueira Da Foz,Coimbra,Bom Sucesso
87817,Baião,Porto,Ribadouro
87818,Vila Pouca De Aguiar,Vila Real,Vila Pouca De Aguiar
87819,Torre De Moncorvo,Bragança,Felgueiras
87820,Miranda Do Douro,Bragança,Palaçoulo
87821,Tavira,Faro,Cachopo
87822,Albufeira,Faro,Paderne
87823,Almeida,Guarda,Senouras
87824,Vila Nova De Foz Côa,Guarda,Almendra
87825,Moimenta Da Beira,Viseu,Segões
87826,Moimenta Da Beira,Viseu,Vilar
87827,Valongo,Porto,Sobrado
87828,Guimarães,Braga,Candoso (Santiago)
87829,Braga,Braga,Aveleda
87830,Vila Pouca De Aguiar,Vila Real,Parada De Monteiros
87831,Marco De Canaveses,Porto,Sobretâmega
87832,Baião,Porto,Teixeira
87833,Fafe,Braga,Revelhe
87834,Guimarães,Braga,Costa
87835,Celorico De Basto,Braga,Borba De Montanha
87836,Viana Do Castelo,Viana Do Castelo,Alvarães
87837,Arcos De Valdevez,Viana Do Castelo,Sá
87838,Alandroal,Évora,São Brás Dos Matos (Mina Do Bugalho)
87839,Almeida,Guarda,São Pedro De Rio Seco
87840,Mêda,Guarda,Fonte Longa
87841,Castro Daire,Viseu,Alva
87842,Condeixa-A-Nova,Coimbra,Ega
87843,Santa Maria Da Feira,Aveiro,Paços De Brandão
87844,Ponte De Lima,Viana Do Castelo,Gemieira
87845,Boticas,Vila Real,Beça
87846,Vieira Do Minho,Braga,Soengas
87847,Benavente,Santarém,Samora Correia
87848,Rio Maior,Santarém,Alcobertas
87849,Valpaços,Vila Real,São Pedro De Veiga De Lila
87850,Trancoso,Guarda,Vila Garcia
87851,Alvaiázere,Leiria,Maçãs De Caminho
87852,Alcobaça,Leiria,Vestiaria
87853,Miranda Do Douro,Bragança,Duas Igrejas
87854,Loulé,Faro,Loulé (São Clemente)
87855,Viseu,Viseu,Cepões
87856,Miranda Do Corvo,Coimbra,Vila Nova
87857,Felgueiras,Porto,Sernande
87858,Arcos De Valdevez,Viana Do Castelo,Rio Frio
87859,Braga,Braga,Cunha
87860,Barcelos,Braga,Pedra Furada
87861,Valpaços,Vila Real,Serapicos
87862,Boticas,Vila Real,Bobadela
87863,Covilhã,Castelo Branco,Ourondo
87864,Tondela,Viseu,Lobão Da Beira
87865,Cinfães,Viseu,Ramires
87866,Vale De Cambra,Aveiro,Arões
87867,Santa Maria Da Feira,Aveiro,Fiães
87868,Vila Nova De Famalicão,Braga,Nine
87869,Boticas,Vila Real,Alturas Do Barroso
87870,Bragança,Bragança,Bragança (Santa Maria)
87871,Bragança,Bragança,Rio Frio
87872,Viseu,Viseu,Farminhão
87873,Guimarães,Braga,Prazins (Santo Tirso)
87874,Vila Verde,Braga,Moure
87875,Ponte Da Barca,Viana Do Castelo,Lindoso
87876,Ponte De Lima,Viana Do Castelo,Facha
87877,Ponte De Lima,Viana Do Castelo,Santa Comba
87878,Barcelos,Braga,Barcelinhos
87879,Vinhais,Bragança,Sobreiró De Baixo
87880,Santiago Do Cacém,Setúbal,São Francisco Da Serra
87881,Nelas,Viseu,Aguieira
87882,Tabuaço,Viseu,Adorigo
87883,Coimbra,Coimbra,São Martinho De Árvore
87884,Vieira Do Minho,Braga,Cantelães
87885,Alenquer,Lisboa,Pereiro De Palhacana
87886,Lisboa,Lisboa,Santo Condestável
87887,Macedo De Cavaleiros,Bragança,Vale Benfeito
87888,Almeida,Guarda,Vale Verde
87889,Castro Daire,Viseu,Ribolhos
87890,Vila Nova De Famalicão,Braga,Oliveira (Santa Maria)
87891,Guimarães,Braga,Sande (São Lourenço)
87892,Salvaterra De Magos,Santarém,Foros De Salvaterra
87893,Chaves,Vila Real,Cimo De Vila Da Castanheira
87894,Vila Pouca De Aguiar,Vila Real,Bragado
87895,Mogadouro,Bragança,Tó
87896,Portalegre,Portalegre,Reguengo
87897,Odemira,Beja,São Teotónio
87898,Mangualde,Viseu,Espinho
87899,Nelas,Viseu,Lapa Do Lobo
87900,Ansião,Leiria,Ansião
87901,Santo Tirso,Porto,Couto (Santa Cristina)
87902,Vila Verde,Braga,Marrancos
87903,Barcelos,Braga,Fornelos
87904,Macedo De Cavaleiros,Bragança,Bagueixe
87905,Évora,Évora,Évora (São Mamede)
87906,Gouveia,Guarda,Lagarinhos
87907,Ovar,Aveiro,Válega
87908,Tabuaço,Viseu,Pinheiros
87909,Batalha,Leiria,São Mamede
87910,Matosinhos,Porto,São Mamede De Infesta
87911,Ribeira De Pena,Vila Real,Santa Marinha
87912,Montalegre,Vila Real,Venda Nova
87913,Castro Verde,Beja,Castro Verde
87914,Grândola,Setúbal,Carvalhal
87915,Guimarães,Braga,Gondar
87916,Loures,Lisboa,Bucelas
87917,Torres Vedras,Lisboa,Torres Vedras (Santa Maria Do Castelo E São Miguel)
87918,Torre De Moncorvo,Bragança,Torre De Moncorvo
87919,Almeida,Guarda,Mido
87920,Armamar,Viseu,Santa Cruz
87921,Viana Do Castelo,Viana Do Castelo,Geraz Do Lima (Santa Maria)
87922,Almada,Setúbal,Cova Da Piedade
87923,Gavião,Portalegre,Belver
87924,Sertã,Castelo Branco,Ermida
87925,Óbidos,Leiria,Usseira
87926,Baião,Porto,Ovil
87927,Fornos De Algodres,Guarda,Cortiçô
87928,Idanha-A-Nova,Castelo Branco,Monsanto
87929,Oliveira Do Hospital,Coimbra,Santa Ovaia
87930,Montemor-O-Velho,Coimbra,Pereira
87931,Penafiel,Porto,Portela
87932,Sintra,Lisboa,Monte Abraão
87933,Faro,Faro,Conceição
87934,Évora,Évora,Nossa Senhora De Machede
87935,Alvito,Beja,Alvito
87936,Alcácer Do Sal,Setúbal,Santa Susana
87937,Gouveia,Guarda,Cativelos
87938,Castelo Branco,Castelo Branco,Santo André Das Tojeiras
87939,Freixo De Espada À Cinta,Bragança,Lagoaça
87940,Tarouca,Viseu,Ucanha
87941,Santa Maria Da Feira,Aveiro,Arrifana
87942,Penafiel,Porto,Fonte Arcada
87943,Póvoa De Varzim,Porto,Terroso
87944,Braga,Braga,Espinho
87945,Vila Nova De Famalicão,Braga,Abade De Vermoim
87946,Armamar,Viseu,São Cosmado
87947,Coimbra,Coimbra,Cernache
87948,Marco De Canaveses,Porto,Maureles
87949,Viana Do Castelo,Viana Do Castelo,Nogueira
87950,Aljustrel,Beja,Aljustrel
87951,Guarda,Guarda,Avelãs De Ambom
87952,Castelo De Paiva,Aveiro,Raiva
87953,Caldas Da Rainha,Leiria,Landal
87954,Penafiel,Porto,Figueira
87955,Braga,Braga,Lamaçães
87956,Setúbal,Setúbal,Sado
87957,Montemor-O-Novo,Évora,São Cristóvão
87958,Nisa,Portalegre,São Simão
87959,Figueira De Castelo Rodrigo,Guarda,Escalhão
87960,Trancoso,Guarda,Póvoa Do Concelho
87961,Viseu,Viseu,Abraveses
87962,Póvoa De Varzim,Porto,Póvoa De Varzim
87963,Cabeceiras De Basto,Braga,Outeiro
87964,Guimarães,Braga,Mesão Frio
87965,Ponte De Lima,Viana Do Castelo,Queijada
87966,Barcelos,Braga,Courel
87967,Beja,Beja,Santa Vitória
87968,Celorico Da Beira,Guarda,Prados
87969,São Pedro Do Sul,Viseu,Pinho
87970,Arganil,Coimbra,Folques
87971,Vila Nova De Gaia,Porto,Lever
87972,Vila Verde,Braga,Duas Igrejas
87973,Ponte De Lima,Viana Do Castelo,São Pedro D Arcos
87974,Vila Nova De Cerveira,Viana Do Castelo,Cornes
87975,Vila Franca De Xira,Lisboa,Cachoeiras
87976,Sousel,Portalegre,Sousel
87977,Castelo De Vide,Portalegre,Santa Maria Da Devesa
87978,Fundão,Castelo Branco,Barroca
87979,Santo Tirso,Porto,Guimarei
87980,Vila Nova De Cerveira,Viana Do Castelo,Campos
87981,Ponte Da Barca,Viana Do Castelo,Ermida
87982,Ourém,Santarém,Freixianda
87983,Amadora,Lisboa,Venteira
87984,Moita,Setúbal,Vale Da Amoreira
87985,Ferreira Do Zêzere,Santarém,Pias
87986,Miranda Do Corvo,Coimbra,Semide
87987,Pombal,Leiria,São Simão De Litém
87988,Braga,Braga,Crespos
87989,Vila Do Bispo,Faro,Vila Do Bispo
87990,Oleiros,Castelo Branco,Isna
87991,Tondela,Viseu,Tonda
87992,Coimbra,Coimbra,Torres Do Mondego
87993,Marco De Canaveses,Porto,Banho E Carvalhosa
87994,Amarante,Porto,Lomba
87995,Ourém,Santarém,Urqueira
87996,Alcácer Do Sal,Setúbal,São Martinho
87997,Coimbra,Coimbra,Botão
87998,Penafiel,Porto,Boelhe
87999,Vila Do Conde,Porto,Junqueira
88000,Vila Do Conde,Porto,Vairão
88001,Maia,Porto,Gueifães
88002,Vila Nova De Famalicão,Braga,Cabeçudos
88003,Lagoa,Faro,Parchal
88004,Sabugal,Guarda,Casteleiro
88005,Castelo Branco,Castelo Branco,Lousa
88006,Moimenta Da Beira,Viseu,Leomil
88007,Caldas Da Rainha,Leiria,Carvalhal Benfeito
88008,Braga,Braga,Gualtar
88009,Barcelos,Braga,Monte De Fralães
88010,Barcelos,Braga,Bastuço (Santo Estevão)
88011,Mogadouro,Bragança,Saldanha
88012,São João Da Pesqueira,Viseu,Soutelo Do Douro
88013,Paços De Ferreira,Porto,Sanfins De Ferreira
88014,Penafiel,Porto,Abragão
88015,Barcelos,Braga,Quintiães
88016,Mafra,Lisboa,Santo Estêvão Das Galés
88017,Loures,Lisboa,Portela
88018,Coimbra,Coimbra,Coimbra (Santa Cruz)
88019,Felgueiras,Porto,Refontoura
88020,Matosinhos,Porto,Senhora Da Hora
88021,Amares,Braga,Fiscal
88022,Barcelos,Braga,Macieira De Rates
88023,Sintra,Lisboa,Queluz
88024,Torre De Moncorvo,Bragança,Souto Da Velha
88025,Condeixa-A-Nova,Coimbra,Sebal
88026,Trofa,Porto,Covelas
88027,Vila Nova De Famalicão,Braga,Lousado
88028,Monção,Viana Do Castelo,Riba De Mouro
88029,Ponte De Lima,Viana Do Castelo,Gaifar
88030,Vila Verde,Braga,Geme
88031,Vila Nova De Famalicão,Braga,Requião
88032,Seixal,Setúbal,Arrentela
88033,Abrantes,Santarém,Abrantes (São João)
88034,Guarda,Guarda,Carvalhal Meão
88035,Mação,Santarém,Envendos
88036,Santa Comba Dão,Viseu,São Joaninho
88037,Resende,Viseu,São Cipriano
88038,Castelo De Paiva,Aveiro,Santa Maria De Sardoura
88039,Santo Tirso,Porto,Aves
88040,Vila Verde,Braga,Portela Das Cabras
88041,Ponte Da Barca,Viana Do Castelo,Britelo
88042,Cadaval,Lisboa,Peral
88043,Entroncamento,Santarém,Nossa Senhora De Fátima
88044,Valpaços,Vila Real,Lebução
88045,Guarda,Guarda,São Miguel Da Guarda
88046,Viseu,Viseu,Vila Chã De Sá
88047,São João Da Pesqueira,Viseu,Valongo Dos Azeites
88048,Amarante,Porto,Sanche
88049,Gondomar,Porto,Valbom
88050,Vila Real,Vila Real,Campeã
88051,Bragança,Bragança,Milhão
88052,Portel,Évora,Oriola
88053,Moimenta Da Beira,Viseu,Cabaços
88054,Alcobaça,Leiria,Alcobaça
88055,Palmela,Setúbal,Quinta Do Anjo
88056,Albufeira,Faro,Albufeira
88057,Portel,Évora,Alqueva
88058,Évora,Évora,Nossa Senhora Da Boa Fé
88059,Gouveia,Guarda,Aldeias
88060,Fornos De Algodres,Guarda,Matança
88061,Águeda,Aveiro,Segadães
88062,Chaves,Vila Real,Eiras
88063,Bragança,Bragança,Grijó De Parada
88064,Freixo De Espada À Cinta,Bragança,Fornos
88065,Marco De Canaveses,Porto,Folhada
88066,Vila Do Conde,Porto,Canidelo
88067,Viana Do Castelo,Viana Do Castelo,Vila De Punhe
88068,Amadora,Lisboa,Mina
88069,Sintra,Lisboa,Belas
88070,Tomar,Santarém,Carregueiros
88071,Campo Maior,Portalegre,Nossa Senhora Da Expectação
88072,Lamego,Viseu,Melcões
88073,Paredes De Coura,Viana Do Castelo,Vascões
88074,Monção,Viana Do Castelo,Segude
88075,Vila Real,Vila Real,Mondrões
88076,Torre De Moncorvo,Bragança,Adeganha
88077,Aguiar Da Beira,Guarda,Pinheiro
88078,Vieira Do Minho,Braga,Rossas
88079,Fafe,Braga,Fareja
88080,Braga,Braga,Ruilhe
88081,Mafra,Lisboa,Encarnação
88082,Serpa,Beja,Serpa (Salvador)
88083,Viseu,Viseu,Lordosa
88084,Oliveira Do Bairro,Aveiro,Bustos
88085,Sernancelhe,Viseu,Fonte Arcada
88086,Alvaiázere,Leiria,Almoster
88087,Óbidos,Leiria,Olho Marinho
88088,Vila Do Conde,Porto,Mindelo
88089,Seixal,Setúbal,Fernão Ferro
88090,Sintra,Lisboa,Pêro Pinheiro
88091,Tomar,Santarém,Sabacheira
88092,Montalegre,Vila Real,Pitões Das Junias
88093,Arraiolos,Évora,Gafanhoeira (São Pedro)
88094,Monforte,Portalegre,Vaiamonte
88095,Trancoso,Guarda,Trancoso (Santa Maria)
88096,Cinfães,Viseu,Oliveira Do Douro
88097,Arganil,Coimbra,Piódão
88098,Santo Tirso,Porto,Palmeira
88099,Guimarães,Braga,Souto (São Salvador)
88100,Terras De Bouro,Braga,Chorense
88101,Barcelos,Braga,Carreira
88102,Mirandela,Bragança,Múrias
88103,Guarda,Guarda,Albardo
88104,Castro Daire,Viseu,Pinheiro
88105,Porto De Mós,Leiria,São Bento
88106,Viana Do Castelo,Viana Do Castelo,Barroselas
88107,Monção,Viana Do Castelo,Badim
88108,Ponte De Lima,Viana Do Castelo,Rendufe
88109,Melgaço,Viana Do Castelo,Vila
88110,Barcelos,Braga,Gamil
88111,Póvoa De Lanhoso,Braga,Santo Emilião
88112,Chaves,Vila Real,Paradela
88113,Silves,Faro,São Bartolomeu De Messines
88114,Seia,Guarda,Loriga
88115,Guarda,Guarda,Sobral Da Serra
88116,Fundão,Castelo Branco,Bogas De Baixo
88117,Lousada,Porto,Lousada (Santa Margarida)
88118,Santo Tirso,Porto,Santo Tirso
88119,Viana Do Castelo,Viana Do Castelo,Lanheses
88120,Vimioso,Bragança,Argozelo
88121,Arronches,Portalegre,Assunção
88122,Sabugal,Guarda,Aldeia Da Ponte
88123,Covilhã,Castelo Branco,Sarzedo
88124,Sever Do Vouga,Aveiro,Paradela
88125,São João Da Pesqueira,Viseu,Ervedosa Do Douro
88126,Armamar,Viseu,Aricera
88127,Oliveira Do Hospital,Coimbra,Aldeia Das Dez
88128,Ponte De Lima,Viana Do Castelo,Ribeira
88129,Coruche,Santarém,São José Da Lamorosa
88130,Sesimbra,Setúbal,Quinta Do Conde
88131,Portel,Évora,São Bartolomeu Do Outeiro
88132,Marvão,Portalegre,Santa Maria De Marvão
88133,Sernancelhe,Viseu,Escurquela
88134,Caminha,Viana Do Castelo,Azevedo
88135,Póvoa De Lanhoso,Braga,Sobradelo Da Goma
88136,Guimarães,Braga,Donim
88137,Redondo,Évora,Redondo
88138,Beja,Beja,Salvada
88139,Castro Verde,Beja,São Marcos Da Ataboeira
88140,Cantanhede,Coimbra,Murtede
88141,Fafe,Braga,Moreira Do Rei
88142,Barcelos,Braga,Remelhe
88143,Lourinhã,Lisboa,Ribamar
88144,Barreiro,Setúbal,Santo André
88145,Mesão Frio,Vila Real,Oliveira
88146,Vila Real De Santo António,Faro,Vila Nova De Cacela
88147,Aljustrel,Beja,Messejana
88148,Vouzela,Viseu,Paços De Vilharigues
88149,Resende,Viseu,Barrô
88150,Mortágua,Viseu,Cercosa
88151,Figueira Da Foz,Coimbra,Alqueidão
88152,Santarém,Santarém,Vale De Santarém
88153,Mafra,Lisboa,Gradil
88154,Cartaxo,Santarém,Valada
88155,Valpaços,Vila Real,Algeriz
88156,Chaves,Vila Real,Vilela Seca
88157,Oliveira Do Hospital,Coimbra,Seixo Da Beira
88158,Póvoa De Lanhoso,Braga,Vilela
88159,Póvoa De Lanhoso,Braga,Águas Santas
88160,Fafe,Braga,Fafe
88161,Vila Nova De Cerveira,Viana Do Castelo,Sopo
88162,Montalegre,Vila Real,Ferral
88163,Sernancelhe,Viseu,Sarzeda
88164,Amarante,Porto,Freixo De Baixo
88165,Viana Do Castelo,Viana Do Castelo,Viana Do Castelo (Santa Maria Maior)
88166,Arraiolos,Évora,Igrejinha
88167,Santiago Do Cacém,Setúbal,São Domingos
88168,Fundão,Castelo Branco,Castelejo
88169,Maia,Porto,Barca
88170,Braga,Braga,Pedralva
88171,Barcelos,Braga,Viatodos
88172,Alenquer,Lisboa,Ota
88173,Montalegre,Vila Real,Contim
88174,Santiago Do Cacém,Setúbal,Vale De Água
88175,Trancoso,Guarda,Torres
88176,Almeida,Guarda,Naves
88177,Vouzela,Viseu,Fataunços
88178,Leiria,Leiria,Bidoeira De Cima
88179,Soure,Coimbra,Tapéus
88180,Arcos De Valdevez,Viana Do Castelo,Mei
88181,Águeda,Aveiro,Óis Da Ribeira
88182,Braga,Braga,Este (São Mamede)
88183,Vinhais,Bragança,Vilar Seco De Lomba
88184,São Pedro Do Sul,Viseu,São Martinho Das Moitas
88185,Cinfães,Viseu,Nespereira
88186,Lamego,Viseu,Avões
88187,Sernancelhe,Viseu,Carregal
88188,Sernancelhe,Viseu,Granjal
88189,Lousã,Coimbra,Lousã
88190,Santarém,Santarém,Alcanhões
88191,Porto De Mós,Leiria,Porto De Mós (São Pedro)
88192,Cantanhede,Coimbra,Cordinhã
88193,Cabeceiras De Basto,Braga,Passos
88194,Vila Nova De Famalicão,Braga,Esmeriz
88195,Arcos De Valdevez,Viana Do Castelo,Cendufe
88196,Rio Maior,Santarém,Azambujeira
88197,Tavira,Faro,Tavira (Santiago)
88198,Mação,Santarém,Penhascoso
88199,Vila Nova De Famalicão,Braga,Telhado
88200,Mogadouro,Bragança,Bruçó
88201,Monchique,Faro,Monchique
88202,Arouca,Aveiro,Tropeço
88203,Lousada,Porto,Torno
88204,Ribeira De Pena,Vila Real,Cerva
88205,Barreiro,Setúbal,Barreiro
88206,Montalegre,Vila Real,Padroso
88207,Pinhel,Guarda,Bouça Cova
88208,Cinfães,Viseu,Tarouquela
88209,Sátão,Viseu,Decermilo
88210,Oliveira Do Hospital,Coimbra,Ervedal
88211,Oliveira De Azeméis,Aveiro,Ossela
88212,Arouca,Aveiro,Escariz
88213,Amarante,Porto,Aboim
88214,Santo Tirso,Porto,Lamelas
88215,Guimarães,Braga,Oleiros
88216,Mirandela,Bragança,Bouça
88217,Baião,Porto,Mesquinhata
88218,Vila Verde,Braga,Carreiras (Santiago)
88219,Alfândega Da Fé,Bragança,Vilares De Vilariça
88220,Odemira,Beja,Vale De Santiago
88221,Armamar,Viseu,Fontelo
88222,Lamego,Viseu,Figueira
88223,Penafiel,Porto,Oldrões
88224,Amarante,Porto,Aboadela
88225,Barcelos,Braga,Adães
88226,Tábua,Coimbra,Candosa
88227,Guimarães,Braga,Polvoreira
88228,Celorico De Basto,Braga,Rego
88229,Arcos De Valdevez,Viana Do Castelo,Rio Cabrão
88230,Barcelos,Braga,Balugães
88231,Alcanena,Santarém,Espinheiro
88232,Montalegre,Vila Real,Gralhas
88233,Trancoso,Guarda,Trancoso (São Pedro)
88234,Fundão,Castelo Branco,Silvares
88235,Oleiros,Castelo Branco,Mosteiro
88236,Tondela,Viseu,Tourigo
88237,Oliveira De Frades,Viseu,Destriz
88238,Soure,Coimbra,Soure
88239,Gondomar,Porto,Jovim
88240,Miranda Do Douro,Bragança,Atenor
88241,Vila Verde,Braga,Vilarinho
88242,Vila Nova De Famalicão,Braga,Lagoa
88243,Mafra,Lisboa,Malveira
88244,Loures,Lisboa,Unhos
88245,Alijó,Vila Real,São Mamede De Ribatua
88246,Chaves,Vila Real,Calvão
88247,Montalegre,Vila Real,Sezelhe
88248,Almodôvar,Beja,Santa Clara-A-Nova
88249,Armamar,Viseu,Folgosa
88250,Vila Verde,Braga,Mós
88251,Vila Verde,Braga,Pico
88252,Coruche,Santarém,Biscainho
88253,Portel,Évora,Vera Cruz
88254,Mora,Évora,Cabeção
88255,Nisa,Portalegre,Alpalhão
88256,Sabugal,Guarda,Águas Belas
88257,Leiria,Leiria,Barreira
88258,Oliveira De Azeméis,Aveiro,Travanca
88259,Santa Marta De Penaguião,Vila Real,Medrões
88260,Almodôvar,Beja,Aldeia Dos Fernandes
88261,Penamacor,Castelo Branco,Benquerença
88262,Covilhã,Castelo Branco,Dominguizo
88263,Arcos De Valdevez,Viana Do Castelo,Monte Redondo
88264,Esposende,Braga,Fão
88265,Loures,Lisboa,Santo António Dos Cavaleiros
88266,Santa Marta De Penaguião,Vila Real,Louredo
88267,Almeida,Guarda,Miuzela
88268,Aveiro,Aveiro,Eixo
88269,Arouca,Aveiro,Albergaria Da Serra
88270,Santo Tirso,Porto,Água Longa
88271,Vila Do Conde,Porto,Rio Mau
88272,Paredes De Coura,Viana Do Castelo,Bico
88273,Braga,Braga,Vilaça
88274,Cartaxo,Santarém,Pontével
88275,Santarém,Santarém,Vale De Figueira
88276,Bragança,Bragança,Mós
88277,Alfândega Da Fé,Bragança,Alfândega Da Fé
88278,São Pedro Do Sul,Viseu,Candal
88279,Porto De Mós,Leiria,Alqueidão Da Serra
88280,São João Da Madeira,Aveiro,São João Da Madeira
88281,Ponte Da Barca,Viana Do Castelo,Ponte Da Barca
88282,Ferreira Do Zêzere,Santarém,Ferreira Do Zêzere
88283,Guarda,Guarda,Vela
88284,Penacova,Coimbra,Travanca Do Mondego
88285,Pombal,Leiria,Carnide
88286,Baião,Porto,Santa Marinha Do Zêzere
88287,Viana Do Castelo,Viana Do Castelo,Geraz Do Lima (Santa Leocádia)
88288,Paredes De Coura,Viana Do Castelo,Mozelos
88289,Valença,Viana Do Castelo,Gondomil
88290,Alijó,Vila Real,Vila Verde
88291,Ourique,Beja,Ourique
88292,Sertã,Castelo Branco,Várzea Dos Cavaleiros
88293,Albergaria-A-Velha,Aveiro,São João De Loure
88294,Leiria,Leiria,Coimbrão
88295,Condeixa-A-Nova,Coimbra,Vila Seca
88296,Matosinhos,Porto,Guifões
88297,Amarante,Porto,Cepelos
88298,Abrantes,Santarém,Abrantes (São Vicente)
88299,Cascais,Lisboa,Alcabideche
88300,Alijó,Vila Real,Vila Chã
88301,Chaves,Vila Real,Bobadela
88302,Viseu,Viseu,São Cipriano
88303,Mortágua,Viseu,Marmeleira
88304,Paredes,Porto,Duas Igrejas
88305,Ponte Da Barca,Viana Do Castelo,Touvedo (São Lourenço)
88306,Paredes De Coura,Viana Do Castelo,Romarigães
88307,Terras De Bouro,Braga,Balança
88308,Sabrosa,Vila Real,Souto Maior
88309,Vila Flor,Bragança,Benlhevai
88310,Trancoso,Guarda,Vila Franca Das Naves
88311,Vila Nova De Foz Côa,Guarda,Horta
88312,São João Da Pesqueira,Viseu,Trevões
88313,Melgaço,Viana Do Castelo,São Paio
88314,Viana Do Castelo,Viana Do Castelo,Meixedo
88315,Chaves,Vila Real,Santo Estêvão
88316,Valpaços,Vila Real,Fiães
88317,Trancoso,Guarda,Castanheira
88318,Aveiro,Aveiro,Nariz
88319,Ponte De Lima,Viana Do Castelo,Vitorino Dos Piães
88320,Arcos De Valdevez,Viana Do Castelo,Távora (São Vicente)
88321,Braga,Braga,Fraião
88322,Chamusca,Santarém,Vale De Cavalos
88323,Peso Da Régua,Vila Real,Loureiro
88324,Vila Flor,Bragança,Lodões
88325,Vila Nova De Foz Côa,Guarda,Sebadelhe
88326,Sever Do Vouga,Aveiro,Silva Escura
88327,Anadia,Aveiro,Tamengos
88328,Pombal,Leiria,Albergaria Dos Doze
88329,Lousada,Porto,Alvarenga
88330,Celorico De Basto,Braga,Britelo
88331,Murça,Vila Real,Noura
88332,Macedo De Cavaleiros,Bragança,Olmos
88333,Carrazeda De Ansiães,Bragança,Pereiros
88334,Mirandela,Bragança,Mascarenhas
88335,Covilhã,Castelo Branco,Cortes Do Meio
88336,Soure,Coimbra,Granja Do Ulmeiro
88337,Tábua,Coimbra,Tábua
88338,Trofa,Porto,Bougado (São Martinho)
88339,Maia,Porto,Pedrouços
88340,Portalegre,Portalegre,Ribeira De Nisa
88341,Nisa,Portalegre,Arez
88342,Guarda,Guarda,Ramela
88343,Vila Nova De Foz Côa,Guarda,Santo Amaro
88344,Anadia,Aveiro,Vila Nova De Monsarros
88345,Pombal,Leiria,Vila Cã
88346,Macedo De Cavaleiros,Bragança,Lamalonga
88347,Vila Do Conde,Porto,Árvore
88348,Póvoa De Varzim,Porto,Balazar
88349,Melgaço,Viana Do Castelo,Cubalhão
88350,Guimarães,Braga,Briteiros (Santa Leocádia)
88351,Amares,Braga,Dornelas
88352,Valpaços,Vila Real,Santiago Da Ribeira De Alhariz
88353,Sousel,Portalegre,Cano
88354,Almeida,Guarda,Vilar Formoso
88355,Oleiros,Castelo Branco,Orvalho
88356,Oliveira De Azeméis,Aveiro,Carregosa
88357,Valongo,Porto,Campo
88358,Terras De Bouro,Braga,Valdosende
88359,Vila Verde,Braga,Arcozelo
88360,Tomar,Santarém,Beselga
88361,Mirandela,Bragança,Romeu
88362,Torre De Moncorvo,Bragança,Castedo
88363,Pinhel,Guarda,Azevo
88364,Sernancelhe,Viseu,Macieira
88365,Arouca,Aveiro,Burgo
88366,Braga,Braga,Lomar
88367,Guimarães,Braga,São Faustino
88368,Rio Maior,Santarém,Assentiz
88369,Alcochete,Setúbal,Alcochete
88370,Rio Maior,Santarém,São João Da Ribeira
88371,Santarém,Santarém,Pombalinho
88372,Ponte De Lima,Viana Do Castelo,Feitosa
88373,Guimarães,Braga,Briteiros (Santo Estêvão)
88374,Coruche,Santarém,Fajarda
88375,Lisboa,Lisboa,Carnide
88376,Vila Flor,Bragança,Seixo De Manhoses
88377,Tondela,Viseu,Mouraz
88378,Lamego,Viseu,Lamego (Sé)
88379,Vale De Cambra,Aveiro,Vila Cova De Perrinho
88380,Paços De Ferreira,Porto,Lamoso
88381,Barcelos,Braga,Silveiros
88382,Celorico De Basto,Braga,Canedo De Basto
88383,Seixal,Setúbal,Amora
88384,Beja,Beja,Santa Clara De Louredo
88385,Guarda,Guarda,Vila Fernando
88386,Estarreja,Aveiro,Avanca
88387,Leiria,Leiria,Maceira
88388,Cantanhede,Coimbra,Outil
88389,Oliveira De Azeméis,Aveiro,São Martinho Da Gândara
88390,Viana Do Castelo,Viana Do Castelo,Portela Susã
88391,Arcos De Valdevez,Viana Do Castelo,Padreiro (Salvador)
88392,Guimarães,Braga,Serzedelo
88393,Vila Verde,Braga,Carreiras (São Miguel)
88394,Almeida,Guarda,Cabreira
88395,Ponte De Sor,Portalegre,Ponte De Sor
88396,Monforte,Portalegre,Assumar
88397,Fornos De Algodres,Guarda,Algodres
88398,Sertã,Castelo Branco,Marmeleiro
88399,Belmonte,Castelo Branco,Maçainhas
88400,Penedono,Viseu,Beselga
88401,Guimarães,Braga,Lordelo
88402,Viana Do Castelo,Viana Do Castelo,Darque
88403,Ponte De Lima,Viana Do Castelo,Gandra
88404,Guimarães,Braga,Arosa
88405,Vila Real,Vila Real,Vila Real (São Pedro)
88406,Leiria,Leiria,Monte Redondo
88407,Arganil,Coimbra,Sarzedo
88408,Bombarral,Leiria,Bombarral
88409,Batalha,Leiria,Golpilheira
88410,Vila Verde,Braga,Barbudo
88411,Amarante,Porto,Amarante (São Gonçalo)
88412,Silves,Faro,Alcantarilha
88413,Fundão,Castelo Branco,Telhado
88414,Vale De Cambra,Aveiro,Roge
88415,Valença,Viana Do Castelo,Boivão
88416,Monção,Viana Do Castelo,Lapela
88417,Guimarães,Braga,Abação (São Tomé)
88418,Barcelos,Braga,Aldreu
88419,Amares,Braga,Barreiros
88420,Tomar,Santarém,São Pedro De Tomar
88421,Sabrosa,Vila Real,Gouvães Do Douro
88422,Mogadouro,Bragança,Castro Vicente
88423,Sines,Setúbal,Sines
88424,Tábua,Coimbra,Covelo
88425,Santo Tirso,Porto,Couto (São Miguel)
88426,Caminha,Viana Do Castelo,Âncora
88427,Vinhais,Bragança,Montouto
88428,Almeida,Guarda,Azinhal
88429,Tondela,Viseu,Tondela
88430,Mealhada,Aveiro,Antes
88431,Marinha Grande,Leiria,Vieira De Leiria
88432,Ponte De Lima,Viana Do Castelo,Serdedelo
88433,Barcelos,Braga,Palme
88434,Vila Pouca De Aguiar,Vila Real,Soutelo De Aguiar
88435,Macedo De Cavaleiros,Bragança,Murçós
88436,Cantanhede,Coimbra,Portunhos
88437,Vila Nova De Famalicão,Braga,Outiz
88438,Ponte De Lima,Viana Do Castelo,Freixo
88439,Ponte Da Barca,Viana Do Castelo,Vade (São Pedro)
88440,Paredes De Coura,Viana Do Castelo,Coura
88441,Mondim De Basto,Vila Real,Paradança
88442,Mafra,Lisboa,Milharado
88443,Almada,Setúbal,Sobreda
88444,Estremoz,Évora,Glória
88445,Nelas,Viseu,Carvalhal Redondo
88446,Oliveira Do Hospital,Coimbra,Meruge
88447,Santo Tirso,Porto,Vilarinho
88448,Penafiel,Porto,Rio Mau
88449,Barcelos,Braga,Cossourado
88450,Vila Nova De Famalicão,Braga,Gavião
88451,Braga,Braga,Cabreiros
88452,Lisboa,Lisboa,Coração De Jesus
88453,Montalegre,Vila Real,Donões
88454,Carrazeda De Ansiães,Bragança,Linhares
88455,Tavira,Faro,Luz
88456,São João Da Pesqueira,Viseu,Castanheiro Do Sul
88457,Vila Nova De Gaia,Porto,Grijó
88458,Marco De Canaveses,Porto,Santo Isidoro
88459,Monção,Viana Do Castelo,Portela
88460,Viana Do Castelo,Viana Do Castelo,Perre
88461,Chaves,Vila Real,Tronco
88462,Sátão,Viseu,Silvã De Cima
88463,Lamego,Viseu,Penude
88464,Amarante,Porto,Rebordelo
88465,Matosinhos,Porto,Matosinhos
88466,Barcelos,Braga,Moure
88467,Vieira Do Minho,Braga,Vilar Do Chão
88468,Portimão,Faro,Alvor
88469,Felgueiras,Porto,Borba De Godim
88470,Vieira Do Minho,Braga,Salamonde
88471,Fafe,Braga,Arnozela
88472,Vila Verde,Braga,Oleiros
88473,Sardoal,Santarém,Santiago De Montalegre
88474,Lagoa,Faro,Estômbar
88475,Vila De Rei,Castelo Branco,Fundada
88476,Anadia,Aveiro,Mogofores
88477,Lamego,Viseu,Meijinhos
88478,Barcelos,Braga,Durrães
88479,Bragança,Bragança,Deilão
88480,Macedo De Cavaleiros,Bragança,Morais
88481,Santa Maria Da Feira,Aveiro,Vale
88482,Paços De Ferreira,Porto,Meixomil
88483,Guimarães,Braga,Leitões
88484,Lamego,Viseu,Lalim
88485,Lousada,Porto,Caíde De Rei
88486,Paços De Ferreira,Porto,Modelos
88487,Gondomar,Porto,São Pedro Da Cova
88488,Barcelos,Braga,Igreja Nova
88489,Guimarães,Braga,Airão (São João Baptista)
88490,Torres Novas,Santarém,Pedrógão
88491,Peso Da Régua,Vila Real,Vinhós
88492,Vila Real,Vila Real,Vale De Nogueiras
88493,Gavião,Portalegre,Gavião
88494,Avis,Portalegre,Benavila
88495,Fundão,Castelo Branco,Capinha
88496,Tabuaço,Viseu,Paradela
88497,Fafe,Braga,Cepães
88498,Abrantes,Santarém,Pego
88499,Santarém,Santarém,Pernes
88500,Benavente,Santarém,Benavente
88501,Vinhais,Bragança,Moimenta
88502,Loulé,Faro,Almansil
88503,Ponte De Sor,Portalegre,Tramaga
88504,Alvito,Beja,Vila Nova Da Baronia
88505,Moimenta Da Beira,Viseu,Sarzedo
88506,Leiria,Leiria,Azoia
88507,Vila Do Conde,Porto,Macieira Da Maia
88508,Guimarães,Braga,Infantas
88509,Oeiras,Lisboa,Algés
88510,Santa Marta De Penaguião,Vila Real,Alvações Do Corgo
88511,Vila Viçosa,Évora,Bencatel
88512,Serpa,Beja,Vale De Vargo
88513,Celorico Da Beira,Guarda,Vila Boa Do Mondego
88514,Armamar,Viseu,Santo Adrião
88515,Felgueiras,Porto,Sendim
88516,Caminha,Viana Do Castelo,Venade
88517,Paredes De Coura,Viana Do Castelo,Rubiães
88518,Braga,Braga,Arcos
88519,Montijo,Setúbal,Canha
88520,Tomar,Santarém,Madalena
88521,Alter Do Chão,Portalegre,Cunheira
88522,Santa Comba Dão,Viseu,Vimieiro
88523,Miranda Do Douro,Bragança,Águas Vivas
88524,Trancoso,Guarda,Vilares
88525,Vila Nova De Paiva,Viseu,Touro
88526,Póvoa De Lanhoso,Braga,Travassos
88527,Vila Nova De Famalicão,Braga,Vale (São Martinho)
88528,Montalegre,Vila Real,Mourilhe
88529,Armamar,Viseu,Santiago
88530,Alcobaça,Leiria,Montes
88531,Portalegre,Portalegre,São Lourenço
88532,Oliveira De Frades,Viseu,Varzielas
88533,Vila Nova De Gaia,Porto,Oliveira Do Douro
88534,Ponte Da Barca,Viana Do Castelo,Vila Chã (Santiago)
88535,Vila Verde,Braga,Prado (São Miguel)
88536,Amadora,Lisboa,Damaia
88537,Castro Marim,Faro,Altura
88538,Mora,Évora,Pavia
88539,Penamacor,Castelo Branco,Pedrógão De São Pedro
88540,Fundão,Castelo Branco,Aldeia Nova Do Cabo
88541,Esposende,Braga,Gandra
88542,Lourinhã,Lisboa,Lourinhã
88543,Torres Vedras,Lisboa,Campelos
88544,Guarda,Guarda,Gagos
88545,Vila Nova De Foz Côa,Guarda,Numão
88546,Ílhavo,Aveiro,Gafanha Da Nazaré
88547,Penedono,Viseu,Penela Da Beira
88548,Cantanhede,Coimbra,Vilamar
88549,Penela,Coimbra,Podentes
88550,Condeixa-A-Nova,Coimbra,Furadouro
88551,Viana Do Castelo,Viana Do Castelo,Outeiro
88552,Celorico De Basto,Braga,Gémeos
88553,Braga,Braga,Escudeiros
88554,Ferreira Do Zêzere,Santarém,Igreja Nova Do Sobral
88555,Carrazeda De Ansiães,Bragança,Ribalonga
88556,Fornos De Algodres,Guarda,Infias
88557,Miranda Do Douro,Bragança,Póvoa
88558,Sertã,Castelo Branco,Pedrógão Pequeno
88559,Sintra,Lisboa,Almargem Do Bispo
88560,Alcanena,Santarém,Monsanto
88561,Lisboa,Lisboa,Beato
88562,Mirandela,Bragança,Mirandela
88563,Vila Flor,Bragança,Valtorno
88564,Almeida,Guarda,Ade
88565,Sever Do Vouga,Aveiro,Couto De Esteves
88566,Ponte De Lima,Viana Do Castelo,Poiares
88567,Ourém,Santarém,Casal Dos Bernardos
88568,Santa Marta De Penaguião,Vila Real,Sever
88569,Mogadouro,Bragança,Travanca
88570,Vinhais,Bragança,Santalha
88571,Vinhais,Bragança,Edral
88572,Vinhais,Bragança,Vila Verde
88573,Viseu,Viseu,Repeses
88574,Leiria,Leiria,Marrazes
88575,Águeda,Aveiro,Valongo Do Vouga
88576,Figueira Da Foz,Coimbra,São Julião Da Figueira Da Foz
88577,Góis,Coimbra,Vila Nova Do Ceira
88578,Caldas Da Rainha,Leiria,Caldas Da Rainha (Nossa Senhora Do Pópulo)
88579,Melgaço,Viana Do Castelo,Castro Laboreiro
88580,Lisboa,Lisboa,Alto Do Pina
88581,Boticas,Vila Real,Dornelas
88582,Sabugal,Guarda,Aldeia Velha
88583,Almeida,Guarda,Malhada Sorda
88584,Aguiar Da Beira,Guarda,Pena Verde
88585,Castelo Branco,Castelo Branco,Malpica Do Tejo
88586,Mangualde,Viseu,Santiago De Cassurrães
88587,Vagos,Aveiro,Ponte De Vagos
88588,Mesão Frio,Vila Real,Vila Jusã
88589,Lamego,Viseu,Cepões
88590,Coimbra,Coimbra,Castelo Viegas
88591,Amarante,Porto,Bustelo
88592,Penafiel,Porto,Perozelo
88593,Loures,Lisboa,Fanhões
88594,Lourinhã,Lisboa,Reguengo Grande
88595,Pinhel,Guarda,Alverca Da Beira
88596,Pinhel,Guarda,Vale De Madeira
88597,Soure,Coimbra,Figueiró Do Campo
88598,Santo Tirso,Porto,Areias
88599,Marco De Canaveses,Porto,São Nicolau
88600,Póvoa De Lanhoso,Braga,Brunhais
88601,Mesão Frio,Vila Real,Mesão Frio (Santa Cristina)
88602,Pinhel,Guarda,Pinhel
88603,Guarda,Guarda,Vila Soeiro
88604,São João Da Pesqueira,Viseu,Vale De Figueira
88605,Penafiel,Porto,Penafiel
88606,Amarante,Porto,Ataíde
88607,Vila Nova De Gaia,Porto,Vila Nova De Gaia (Santa Marinha)
88608,Fafe,Braga,Estorãos
88609,Guimarães,Braga,Nespereira
88610,Vila Franca De Xira,Lisboa,Forte Da Casa
88611,Chaves,Vila Real,Soutelinho Da Raia
88612,Montalegre,Vila Real,Reigoso
88613,Crato,Portalegre,Crato E Mártires
88614,Pinhel,Guarda,Atalaia
88615,Santa Comba Dão,Viseu,Pinheiro De Ázere
88616,Oeiras,Lisboa,Porto Salvo
88617,Lisboa,Lisboa,São João De Brito
88618,Murça,Vila Real,Palheiros
88619,Ferreira Do Alentejo,Beja,Canhestros
88620,Idanha-A-Nova,Castelo Branco,Alcafozes
88621,Penalva Do Castelo,Viseu,Germil
88622,Oliveira De Frades,Viseu,Arcozelo Das Maias
88623,São Pedro Do Sul,Viseu,Vila Maior
88624,Tarouca,Viseu,Granja Nova
88625,Vila Nova De Gaia,Porto,São Pedro Da Afurada
88626,Vila Nova De Gaia,Porto,Avintes
88627,Vila Verde,Braga,Aboim Da Nóbrega
88628,Bragança,Bragança,Donai
88629,Elvas,Portalegre,"Ajuda, Salvador E Santo Ildefonso"
88630,Idanha-A-Nova,Castelo Branco,Zebreira
88631,Penacova,Coimbra,São Paio De Mondego
88632,Paços De Ferreira,Porto,Codessos
88633,Amadora,Lisboa,Falagueira
88634,Vila Real,Vila Real,Constantim
88635,Bragança,Bragança,Castro De Avelãs
88636,Mourão,Évora,Luz
88637,Seia,Guarda,Santa Eulália
88638,Figueira De Castelo Rodrigo,Guarda,Vermiosa
88639,Guarda,Guarda,Seixo Amarelo
88640,Oliveira De Frades,Viseu,Ribeiradio
88641,Mangualde,Viseu,Freixiosa
88642,Armamar,Viseu,Coura
88643,Coimbra,Coimbra,Santa Clara
88644,Ponte De Lima,Viana Do Castelo,Cabração
88645,Macedo De Cavaleiros,Bragança,Talhas
88646,Tabuaço,Viseu,Vale De Figueira
88647,Lousã,Coimbra,Serpins
88648,Marco De Canaveses,Porto,Vila Boa De Quires
88649,Azambuja,Lisboa,Maçussa
88650,Chaves,Vila Real,Arcossó
88651,Montemor-O-Novo,Évora,Cortiçadas De Lavre
88652,Odemira,Beja,Saboia
88653,Figueira De Castelo Rodrigo,Guarda,Figueira De Castelo Rodrigo
88654,Sabugal,Guarda,Vila Do Touro
88655,Cinfães,Viseu,São Cristovão De Nogueira
88656,Soure,Coimbra,Brunhós
88657,Amarante,Porto,Madalena
88658,Penafiel,Porto,Santiago De Subarrifana
88659,Santarém,Santarém,Santarém (São Nicolau)
88660,Carrazeda De Ansiães,Bragança,Pinhal Do Norte
88661,Almodôvar,Beja,São Barnabé
88662,Oleiros,Castelo Branco,Cambas
88663,Covilhã,Castelo Branco,Verdelhos
88664,Fundão,Castelo Branco,Alcongosta
88665,Oliveira Do Bairro,Aveiro,Troviscal
88666,Coimbra,Coimbra,São Silvestre
88667,Guimarães,Braga,Silvares
88668,Vila Verde,Braga,Lanhas
88669,Vila Verde,Braga,Sabariz
88670,Cascais,Lisboa,São Domingos De Rana
88671,Sabugal,Guarda,Vila Boa
88672,Pinhel,Guarda,Bogalhal
88673,Amarante,Porto,Lufrei
88674,Trofa,Porto,Muro
88675,Fafe,Braga,Vinhós
88676,Ferreira Do Zêzere,Santarém,Águas Belas
88677,Lisboa,Lisboa,Santiago
88678,Aljezur,Faro,Rogil
88679,Loulé,Faro,Querença
88680,Beja,Beja,Beja (São João Baptista)
88681,Celorico Da Beira,Guarda,Mesquitela
88682,Guarda,Guarda,Corujeira
88683,Fundão,Castelo Branco,Aldeia De Joanes
88684,Leiria,Leiria,Leiria
88685,Pombal,Leiria,Mata Mourisca
88686,Felgueiras,Porto,Aião
88687,Vizela,Braga,Infias
88688,Amares,Braga,Paranhos
88689,Montalegre,Vila Real,Covelães
88690,Estremoz,Évora,Santa Vitória Do Ameixial
88691,Águeda,Aveiro,Recardães
88692,Tondela,Viseu,Mosteiro De Fráguas
88693,Nelas,Viseu,Moreira
88694,Aveiro,Aveiro,Santa Joana
88695,Figueira Da Foz,Coimbra,Marinha Das Ondas
88696,Braga,Braga,Fradelos
88697,Braga,Braga,Semelhe
88698,Amares,Braga,Besteiros
88699,Vila Flor,Bragança,Vila Flor
88700,Macedo De Cavaleiros,Bragança,Lagoa
88701,Macedo De Cavaleiros,Bragança,Bornes
88702,Alvaiázere,Leiria,Pussos
88703,Castelo De Paiva,Aveiro,Paraíso
88704,Paços De Ferreira,Porto,Freamunde
88705,Penafiel,Porto,Irivo
88706,Vila Verde,Braga,Valdreu
88707,Mondim De Basto,Vila Real,Pardelhas
88708,Lousada,Porto,Lustosa
88709,Monção,Viana Do Castelo,Moreira
88710,Vila Verde,Braga,Nevogilde
88711,Arraiolos,Évora,Vimieiro
88712,Castro Verde,Beja,Casével
88713,Grândola,Setúbal,Santa Margarida Da Serra
88714,Castro Daire,Viseu,Monteiras
88715,Anadia,Aveiro,Vilarinho Do Bairro
88716,Montemor-O-Velho,Coimbra,Tentúgal
88717,Mogadouro,Bragança,Sanhoane
88718,Alcobaça,Leiria,Pataias
88719,Arcos De Valdevez,Viana Do Castelo,Portela
88720,Melgaço,Viana Do Castelo,Paços
88721,Barcelos,Braga,Faria
88722,Alenquer,Lisboa,Cadafais
88723,Vinhais,Bragança,Vinhais
88724,Celorico Da Beira,Guarda,Ratoeira
88725,Santa Maria Da Feira,Aveiro,Vila Maior
88726,Paredes,Porto,Cete
88727,Póvoa De Lanhoso,Braga,Fonte Arcada
88728,Cabeceiras De Basto,Braga,Vila Nune
88729,Terras De Bouro,Braga,Ribeira
88730,Sintra,Lisboa,Terrugem
88731,Vinhais,Bragança,Ervedosa
88732,Avis,Portalegre,Aldeia Velha
88733,Almeida,Guarda,Leomil
88734,Coimbra,Coimbra,Ameal
88735,Amarante,Porto,Vila Chã Do Marão
88736,Santo Tirso,Porto,Carreira
88737,Barcelos,Braga,Sequeade
88738,Cadaval,Lisboa,Cadaval
88739,Torres Vedras,Lisboa,Runa
88740,Alcanena,Santarém,Bugalhos
88741,Mirandela,Bragança,Marmelos
88742,Alfândega Da Fé,Bragança,Agrobom
88743,Trancoso,Guarda,Valdujo
88744,Aguiar Da Beira,Guarda,Dornelas
88745,Mangualde,Viseu,Mangualde
88746,Leiria,Leiria,Carreira
88747,Barcelos,Braga,Mariz
88748,Almeirim,Santarém,Benfica Do Ribatejo
88749,Vila Viçosa,Évora,Vila Viçosa (Conceição)
88750,Ponte De Lima,Viana Do Castelo,Fontão
88751,Mafra,Lisboa,Cheleiros
88752,Cadaval,Lisboa,Figueiros
88753,Boticas,Vila Real,Curros
88754,Valpaços,Vila Real,Vassal
88755,Mogadouro,Bragança,Urrós
88756,Figueira De Castelo Rodrigo,Guarda,Penha De Águia
88757,Guarda,Guarda,Rochoso
88758,Aguiar Da Beira,Guarda,Coruche
88759,Vouzela,Viseu,Campia
88760,Vagos,Aveiro,Calvão
88761,Penalva Do Castelo,Viseu,Real
88762,Arcos De Valdevez,Viana Do Castelo,Couto
88763,Lisboa,Lisboa,Santa Engrácia
88764,Macedo De Cavaleiros,Bragança,Peredo
88765,Santa Maria Da Feira,Aveiro,Escapães
88766,Santo Tirso,Porto,Refojos De Riba De Ave
88767,Gondomar,Porto,Covelo
88768,Cabeceiras De Basto,Braga,Painzela
88769,Fafe,Braga,Quinchães
88770,Braga,Braga,Pousada
88771,Tondela,Viseu,Caparrosa
88772,Tabuaço,Viseu,Granja Do Tedo
88773,Mealhada,Aveiro,Barcouço
88774,Caminha,Viana Do Castelo,Gondar
88775,Guimarães,Braga,Prazins (Santa Eufémia)
88776,Sintra,Lisboa,São João Das Lampas
88777,Alcanena,Santarém,Vila Moreira
88778,Alandroal,Évora,Capelins (Santo António)
88779,Mêda,Guarda,Casteição
88780,Aguiar Da Beira,Guarda,Cortiçada
88781,Viseu,Viseu,Fragosela
88782,São João Da Pesqueira,Viseu,Pereiros
88783,Espinho,Aveiro,Espinho
88784,Penafiel,Porto,Canelas
88785,Póvoa De Lanhoso,Braga,Oliveira
88786,Odivelas,Lisboa,Póvoa De Santo Adrião
88787,Vendas Novas,Évora,Landeira
88788,Moura,Beja,Amareleja
88789,Odemira,Beja,Colos
88790,Odemira,Beja,Santa Clara-A-Velha
88791,Oliveira Do Bairro,Aveiro,Oiã
88792,Águeda,Aveiro,Borralha
88793,Vieira Do Minho,Braga,Pinheiro
88794,Vila Nova De Famalicão,Braga,Mouquim
88795,Bragança,Bragança,Gondesende
88796,Águeda,Aveiro,Préstimo
88797,Oliveira Do Hospital,Coimbra,Travanca De Lagos
88798,Penafiel,Porto,Recezinhos (São Mamede)
88799,Vila Do Conde,Porto,Touguinha
88800,Maia,Porto,Gemunde
88801,Vieira Do Minho,Braga,Louredo
88802,Estremoz,Évora,Veiros
88803,Coruche,Santarém,Branca
88804,Fronteira,Portalegre,Cabeço De Vide
88805,Castro Daire,Viseu,São Joaninho
88806,Anadia,Aveiro,Amoreira Da Gândara
88807,Caminha,Viana Do Castelo,Seixas
88808,Celorico De Basto,Braga,Moreira Do Castelo
88809,Valpaços,Vila Real,Ervões
88810,Carrazeda De Ansiães,Bragança,Beira Grande
88811,Mogadouro,Bragança,Penas Roias
88812,Vimioso,Bragança,Avelanoso
88813,Serpa,Beja,Vila Nova De São Bento
88814,Oleiros,Castelo Branco,Sobral
88815,Fafe,Braga,Regadas
88816,Salvaterra De Magos,Santarém,Marinhais
88817,Castelo De Vide,Portalegre,Nossa Senhora Da Graça De Póvoa E Meadas
88818,Sabugal,Guarda,Vale Das Éguas
88819,Pombal,Leiria,Santiago De Litém
88820,Amarante,Porto,Gatão
88821,Mondim De Basto,Vila Real,Mondim De Basto
88822,Ponte De Lima,Viana Do Castelo,Gondufe
88823,Arcos De Valdevez,Viana Do Castelo,Arcos De Valdevez (São Salvador)
88824,Vimioso,Bragança,Matela
88825,Albergaria-A-Velha,Aveiro,Valmaior
88826,Tábua,Coimbra,Meda De Mouros
88827,Felgueiras,Porto,Pedreira
88828,Baião,Porto,São Tomé De Covelas
88829,Braga,Braga,Celeirós
88830,Caminha,Viana Do Castelo,Moledo
88831,Tavira,Faro,Conceição
88832,Sabugal,Guarda,Souto
88833,Guarda,Guarda,Faia
88834,Coimbra,Coimbra,Almalaguês
88835,Mealhada,Aveiro,Mealhada
88836,Vila Do Conde,Porto,Azurara
88837,Viana Do Castelo,Viana Do Castelo,Carvoeiro
88838,Ponte De Lima,Viana Do Castelo,Labruja
88839,Barcelos,Braga,Paradela
88840,Guimarães,Braga,Gominhães
88841,Miranda Do Douro,Bragança,Ifanes
88842,Vila Do Bispo,Faro,Raposeira
88843,Beja,Beja,Trindade
88844,Caldas Da Rainha,Leiria,Santa Catarina
88845,Óbidos,Leiria,Gaeiras
88846,Sintra,Lisboa,Cacém
88847,Guarda,Guarda,Panoias De Cima
88848,Castelo Branco,Castelo Branco,Benquerenças
88849,Vila Nova De Poiares,Coimbra,Poiares (Santo André)
88850,Ponte De Lima,Viana Do Castelo,Calvelo
88851,Terras De Bouro,Braga,Gondoriz
88852,Miranda Do Douro,Bragança,Paradela
88853,Mação,Santarém,Aboboreira
88854,Anadia,Aveiro,Moita
88855,Alcobaça,Leiria,Cela
88856,Baião,Porto,Loivos Do Monte
88857,Vila Verde,Braga,Escariz (São Mamede)
88858,Braga,Braga,Vimieiro
88859,Setúbal,Setúbal,Setúbal (São Sebastião)
88860,Santarém,Santarém,Alcanede
88861,Benavente,Santarém,Barrosa
88862,Valpaços,Vila Real,Santa Maria De Emeres
88863,Miranda Do Douro,Bragança,Constantim
88864,Alfândega Da Fé,Bragança,Vales
88865,Moura,Beja,Moura (Santo Agostinho)
88866,Guarda,Guarda,Pêra Do Moço
88867,Sertã,Castelo Branco,Nesperal
88868,Penamacor,Castelo Branco,Águas
88869,Santa Maria Da Feira,Aveiro,Caldas De São Jorge
88870,Arouca,Aveiro,Mansores
88871,Matosinhos,Porto,Perafita
88872,Lousada,Porto,Casais
88873,Esposende,Braga,Antas
88874,Montalegre,Vila Real,Cabril
88875,Faro,Faro,Faro (Sé)
88876,Aguiar Da Beira,Guarda,Aguiar Da Beira
88877,Marinha Grande,Leiria,Moita
88878,Viana Do Castelo,Viana Do Castelo,Vila Franca
88879,Arcos De Valdevez,Viana Do Castelo,Sistelo
88880,Monção,Viana Do Castelo,Messegães
88881,Braga,Braga,Tenões
88882,Borba,Évora,Rio De Moinhos
88883,Odemira,Beja,Pereiras-Gare
88884,Guarda,Guarda,Guarda (São Vicente)
88885,Oliveira De Azeméis,Aveiro,Cesar
88886,Arouca,Aveiro,Canelas
88887,Maia,Porto,Nogueira
88888,Abrantes,Santarém,Rossio Ao Sul Do Tejo
88889,Boticas,Vila Real,Granja
88890,Bragança,Bragança,Sendas
88891,Celorico Da Beira,Guarda,Celorico (São Pedro)
88892,Vila Velha De Ródão,Castelo Branco,Vila Velha De Ródão
88893,Penamacor,Castelo Branco,Vale Da Senhora Da Póvoa
88894,Sátão,Viseu,Mioma
88895,Viseu,Viseu,Couto De Cima
88896,Águeda,Aveiro,Espinhel
88897,Pombal,Leiria,Ilha
88898,Vila Verde,Braga,Atães
88899,Esposende,Braga,Marinhas
88900,Almada,Setúbal,Almada
88901,Macedo De Cavaleiros,Bragança,Soutelo Mourisco
88902,Arganil,Coimbra,São Martinho Da Cortiça
88903,Guimarães,Braga,Candoso (São Martinho)
88904,Barcelos,Braga,Vila Cova
88905,Abrantes,Santarém,Rio De Moinhos
88906,Chaves,Vila Real,Selhariz
88907,Idanha-A-Nova,Castelo Branco,Rosmaninhal
88908,Arganil,Coimbra,Celavisa
88909,Montemor-O-Velho,Coimbra,Carapinheira
88910,Monção,Viana Do Castelo,Longos Vales
88911,Vila Nova De Cerveira,Viana Do Castelo,Mentrestido
88912,Pinhel,Guarda,Pereiro
88913,Guarda,Guarda,Valhelhas
88914,Santa Maria Da Feira,Aveiro,Lourosa
88915,Braga,Braga,Merelim (São Paio)
88916,Arruda Dos Vinhos,Lisboa,Arranhó
88917,Sintra,Lisboa,Sintra (Santa Maria E São Miguel)
88918,Golegã,Santarém,Golegã
88919,Alijó,Vila Real,Vilar De Maçada
88920,Vimioso,Bragança,Angueira
88921,Bragança,Bragança,Failde
88922,Albergaria-A-Velha,Aveiro,Alquerubim
88923,Castanheira De Pêra,Leiria,Castanheira De Pêra
88924,Vila Verde,Braga,Cabanelas
88925,Ponte De Lima,Viana Do Castelo,Moreira Do Lima
88926,Paredes De Coura,Viana Do Castelo,Paredes De Coura
88927,Vinhais,Bragança,Candedo
88928,Mangualde,Viseu,Moimenta De Maceira Dão
88929,Marco De Canaveses,Porto,Manhuncelos
88930,Ponte De Lima,Viana Do Castelo,Friastelas
88931,Caminha,Viana Do Castelo,Caminha (Matriz)
88932,Almodôvar,Beja,Gomes Aires
88933,Estarreja,Aveiro,Fermelã
88934,São João Da Pesqueira,Viseu,Paredes Da Beira
88935,Cantanhede,Coimbra,Bolho
88936,Guimarães,Braga,Fermentões
88937,Barcelos,Braga,Milhazes
88938,Sintra,Lisboa,Mira-Sintra
88939,Arraiolos,Évora,Arraiolos
88940,Pinhel,Guarda,Pala
88941,Penalva Do Castelo,Viseu,Trancozelos
88942,Castro Daire,Viseu,Picão
88943,Figueira Da Foz,Coimbra,São Pedro
88944,Ponte De Lima,Viana Do Castelo,Sá
88945,Vila Verde,Braga,Codeceda
88946,Torres Novas,Santarém,Assentiz
88947,Moita,Setúbal,Baixa Da Banheira
88948,Sabrosa,Vila Real,Parada De Pinhão
88949,São Pedro Do Sul,Viseu,Carvalhais
88950,Amarante,Porto,Salvador Do Monte
88951,Oeiras,Lisboa,Queijas
88952,Olhão,Faro,Moncarapacho
88953,Montemor-O-Velho,Coimbra,Ereira
88954,Vila Nova De Gaia,Porto,Gulpilhares
88955,Póvoa De Varzim,Porto,Estela
88956,Paredes,Porto,Baltar
88957,Baião,Porto,Frende
88958,Valença,Viana Do Castelo,Fontoura
88959,Paredes De Coura,Viana Do Castelo,Cossourado
88960,Arcos De Valdevez,Viana Do Castelo,Aboim Das Choças
88961,Abrantes,Santarém,Tramagal
88962,Loures,Lisboa,Camarate
88963,Moita,Setúbal,Gaio-Rosário
88964,Beja,Beja,Baleizão
88965,Mértola,Beja,São Pedro De Solis
88966,Fornos De Algodres,Guarda,Sobral Pichorro
88967,Seia,Guarda,São Romão
88968,Celorico Da Beira,Guarda,Baraçal
88969,Penalva Do Castelo,Viseu,Pindo
88970,Penacova,Coimbra,Lorvão
88971,Caldas Da Rainha,Leiria,Nadadouro
88972,Vila Nova De Famalicão,Braga,Bairro
88973,Mondim De Basto,Vila Real,Vilar De Ferreiros
88974,Ferreira Do Zêzere,Santarém,Paio Mendes
88975,Rio Maior,Santarém,Malaqueijo
88976,São Pedro Do Sul,Viseu,São Pedro Do Sul
88977,Marco De Canaveses,Porto,Sande
88978,Valença,Viana Do Castelo,Sanfins
88979,Vila Real,Vila Real,Vila Cova
88980,Lagoa,Faro,Carvoeiro
88981,Viseu,Viseu,Ribafeita
88982,Águeda,Aveiro,Fermentelos
88983,Figueira Da Foz,Coimbra,Alhadas
88984,Ferreira Do Alentejo,Beja,Ferreira Do Alentejo
88985,Trancoso,Guarda,Freches
88986,Fundão,Castelo Branco,Vale De Prazeres
88987,Penamacor,Castelo Branco,Meimão
88988,Castelo Branco,Castelo Branco,Juncal Do Campo
88989,Resende,Viseu,Freigil
88990,Peso Da Régua,Vila Real,Vilarinho Dos Freires
88991,Torre De Moncorvo,Bragança,Carviçais
88992,Leiria,Leiria,Amor
88993,Coimbra,Coimbra,Assafarge
88994,Soure,Coimbra,Vila Nova De Anços
88995,Ponte De Lima,Viana Do Castelo,Beiral Do Lima
88996,Esposende,Braga,Fonte Boa
88997,Chaves,Vila Real,Vilela Do Tâmega
88998,Reguengos De Monsaraz,Évora,Reguengos De Monsaraz
88999,Campo Maior,Portalegre,São João Baptista
89000,Sertã,Castelo Branco,Palhais
89001,Vagos,Aveiro,Gafanha Da Boa Hora
89002,Cinfães,Viseu,Espadanedo
89003,Sátão,Viseu,Avelal
89004,Vizela,Braga,Caldas De Vizela (São Miguel)
89005,Caminha,Viana Do Castelo,Arga De São João
89006,Santa Marta De Penaguião,Vila Real,Cumieira
89007,Miranda Do Corvo,Coimbra,Miranda Do Corvo
89008,Tábua,Coimbra,São João Da Boa Vista
89009,Arganil,Coimbra,Vila Cova De Alva
89010,Pampilhosa Da Serra,Coimbra,Dornelas Do Zêzere
89011,Pombal,Leiria,Guia
89012,Mondim De Basto,Vila Real,Bilhó
89013,Guarda,Guarda,Jarmelo (São Pedro)
89014,Leiria,Leiria,Colmeias
89015,Penafiel,Porto,Valpedre
89016,Melgaço,Viana Do Castelo,Prado
89017,Vila Nova De Famalicão,Braga,Landim
89018,Trancoso,Guarda,Moimentinha
89019,Gouveia,Guarda,Nespereira
89020,Ansião,Leiria,Torre De Vale De Todos
89021,Amarante,Porto,Jazente
89022,Cabeceiras De Basto,Braga,Rio Douro
89023,Caminha,Viana Do Castelo,Arga De Cima
89024,Montijo,Setúbal,Atalaia
89025,Santarém,Santarém,Gançaria
89026,Valpaços,Vila Real,Tinhela
89027,Sátão,Viseu,Vila Longa
89028,Amarante,Porto,Padronelo
89029,Vila Real,Vila Real,Guiães
89030,Sabugal,Guarda,Bismula
89031,Pombal,Leiria,Meirinhas
89032,Póvoa De Varzim,Porto,Argivai
89033,Guimarães,Braga,Guardizela
89034,Arcos De Valdevez,Viana Do Castelo,Távora (Santa Maria)
89035,Guimarães,Braga,Caldelas
89036,Alenquer,Lisboa,Ribafria
89037,Tomar,Santarém,Pedreira
89038,Bragança,Bragança,Zóio
89039,Évora,Évora,Canaviais
89040,Gouveia,Guarda,Rio Torto
89041,Trancoso,Guarda,Reboleiro
89042,Sátão,Viseu,Águas Boas
89043,Montemor-O-Velho,Coimbra,Montemor-O-Velho
89044,Fafe,Braga,Silvares (São Martinho)
89045,Ponte Da Barca,Viana Do Castelo,Ruivos
89046,Póvoa De Lanhoso,Braga,Rendufinho
89047,Rio Maior,Santarém,Arruda Dos Pisões
89048,Alcochete,Setúbal,São Francisco
89049,Lisboa,Lisboa,Alcântara
89050,Vinhais,Bragança,Vilar De Lomba
89051,Almodôvar,Beja,Almodôvar
89052,Penalva Do Castelo,Viseu,Castelo De Penalva
89053,Tarouca,Viseu,Várzea Da Serra
89054,Oliveira De Azeméis,Aveiro,Macinhata Da Seixa
89055,Santa Maria Da Feira,Aveiro,Argoncilhe
89056,Barcelos,Braga,Oliveira
89057,Fafe,Braga,Monte
89058,Azambuja,Lisboa,Azambuja
89059,Sobral De Monte Agraço,Lisboa,Sobral De Monte Agraço
89060,Chaves,Vila Real,Vilar De Nantes
89061,Sertã,Castelo Branco,Cabeçudo
89062,Alvaiázere,Leiria,Alvaiázere
89063,Santa Maria Da Feira,Aveiro,Pigeiros
89064,Caldas Da Rainha,Leiria,Caldas Da Rainha (Santo Onofre)
89065,Loures,Lisboa,Lousa
89066,Mirandela,Bragança,Vila Boa
89067,Santiago Do Cacém,Setúbal,São Bartolomeu Da Serra
89068,Alcácer Do Sal,Setúbal,Alcácer Do Sal (Santiago)
89069,Seia,Guarda,Santa Comba
89070,Castelo Branco,Castelo Branco,Escalos De Cima
89071,Oleiros,Castelo Branco,Sarnadas De São Simão
89072,Ovar,Aveiro,Cortegaça
89073,Vila Flor,Bragança,Vilas Boas
89074,Anadia,Aveiro,São Lourenço Do Bairro
89075,Oliveira Do Hospital,Coimbra,Penalva De Alva
89076,Cantanhede,Coimbra,Sanguinheira
89077,Coimbra,Coimbra,Vil De Matos
89078,Póvoa De Lanhoso,Braga,Covelas
89079,Montalegre,Vila Real,Chã
89080,Murtosa,Aveiro,Monte
89081,Amarante,Porto,Travanca
89082,Felgueiras,Porto,Vila Fria
89083,Braga,Braga,Santa Lucrécia De Algeriz
89084,Arcos De Valdevez,Viana Do Castelo,Extremo
89085,Barcelos,Braga,Vilar Do Monte
89086,Loures,Lisboa,Santo Antão Do Tojal
89087,Almada,Setúbal,Charneca De Caparica
89088,Évora,Évora,São Vicente Do Pigeiro
89089,Sousel,Portalegre,Santo Amaro
89090,Gouveia,Guarda,Nabais
89091,Vila Nova De Foz Côa,Guarda,Chãs
89092,Castelo Branco,Castelo Branco,Ninho Do Açor
89093,Belmonte,Castelo Branco,Colmeal Da Torre
89094,Vila Real,Vila Real,Vila Marim
89095,Vila Real,Vila Real,Borbela
89096,Mirandela,Bragança,Cabanelas
89097,Mogadouro,Bragança,Vale De Porco
89098,Pampilhosa Da Serra,Coimbra,Janeiro De Baixo
89099,Vale De Cambra,Aveiro,Codal
89100,Ribeira De Pena,Vila Real,Canedo
89101,Ponte Da Barca,Viana Do Castelo,Germil
89102,Celorico De Basto,Braga,Agilde
89103,Torres Novas,Santarém,Paço
89104,Guarda,Guarda,Maçainhas
89105,Penamacor,Castelo Branco,Penamacor
89106,Carregal Do Sal,Viseu,Currelos
89107,Tondela,Viseu,Lajeosa Do Dão
89108,Esposende,Braga,Gemeses
89109,Vila Real,Vila Real,Mouçós
89110,Vila Flor,Bragança,Freixiel
89111,Vila Nova De Foz Côa,Guarda,Cedovim
89112,Castelo Branco,Castelo Branco,Louriçal Do Campo
89113,Porto De Mós,Leiria,Calvaria De Cima
89114,Guimarães,Braga,Ponte
89115,Chaves,Vila Real,Samaiões
89116,Portel,Évora,Santana
89117,Carregal Do Sal,Viseu,Oliveira Do Conde
89118,Tábua,Coimbra,Pinheiro De Coja
89119,Soure,Coimbra,Degracias
89120,Gondomar,Porto,Baguim Do Monte (Rio Tinto)
89121,Fafe,Braga,Gontim
89122,Cabeceiras De Basto,Braga,Cabeceiras De Basto
89123,Vila Verde,Braga,Esqueiros
89124,Montijo,Setúbal,Alto-Estanqueiro-Jardia
89125,Mora,Évora,Mora
89126,Viseu,Viseu,Campo
89127,Penedono,Viseu,Granja
89128,Penela,Coimbra,Penela (São Miguel)
89129,Guimarães,Braga,Urgezes
89130,Vila Nova De Cerveira,Viana Do Castelo,Covas
89131,Vieira Do Minho,Braga,Anissó
89132,Vila Franca De Xira,Lisboa,São João Dos Montes
89133,Montalegre,Vila Real,Santo André
89134,Bragança,Bragança,Aveleda
89135,Paços De Ferreira,Porto,Raimonda
89136,Torres Novas,Santarém,Torres Novas (Salvador)
89137,Sabrosa,Vila Real,Vilarinho De São Romão
89138,Torre De Moncorvo,Bragança,Mós
89139,Montemor-O-Novo,Évora,Santiago Do Escoural
89140,Alcácer Do Sal,Setúbal,Comporta
89141,Figueira De Castelo Rodrigo,Guarda,Colmeal
89142,Proença-A-Nova,Castelo Branco,Sobreira Formosa
89143,Vila Velha De Ródão,Castelo Branco,Fratel
89144,Vagos,Aveiro,Santo André De Vagos
89145,Mortágua,Viseu,Pala
89146,Paredes De Coura,Viana Do Castelo,Insalde
89147,Vila Verde,Braga,Godinhaços
89148,Cadaval,Lisboa,Pêro Moniz
89149,Gavião,Portalegre,Margem
89150,Aguiar Da Beira,Guarda,Gradiz
89151,Oliveira Do Hospital,Coimbra,São Sebastião Da Feira
89152,Paredes,Porto,Lordelo
89153,Marco De Canaveses,Porto,Favões
89154,Paredes,Porto,Bitarães
89155,Vila Nova De Gaia,Porto,São Félix Da Marinha
89156,Terras De Bouro,Braga,Chamoim
89157,Barcelos,Braga,Tregosa
89158,Torres Vedras,Lisboa,Maxial
89159,Coruche,Santarém,Coruche
89160,Mogadouro,Bragança,Vilar De Rei
89161,Castro Daire,Viseu,Pepim
89162,Marco De Canaveses,Porto,Soalhães
89163,Paços De Ferreira,Porto,Seroa
89164,Braga,Braga,Priscos
89165,Lisboa,Lisboa,Lumiar
89166,Idanha-A-Nova,Castelo Branco,Monfortinho
89167,Viseu,Viseu,Orgens
89168,Paços De Ferreira,Porto,Carvalhosa
89169,Barcelos,Braga,Carapeços
89170,Chamusca,Santarém,Chouto
89171,Peso Da Régua,Vila Real,Fontelas
89172,Alijó,Vila Real,Santa Eugénia
89173,Bragança,Bragança,Gostei
89174,Faro,Faro,Estoi
89175,Redondo,Évora,Montoito
89176,Covilhã,Castelo Branco,Coutada
89177,Águeda,Aveiro,Belazaima Do Chão
89178,Albergaria-A-Velha,Aveiro,Angeja
89179,Moimenta Da Beira,Viseu,Ariz
89180,Chaves,Vila Real,Bustelo
89181,Mirandela,Bragança,Aguieiras
89182,Carrazeda De Ansiães,Bragança,Castanheiro
89183,Cantanhede,Coimbra,Febres
89184,Paredes,Porto,Mouriz
89185,Braga,Braga,Adaúfe
89186,Oeiras,Lisboa,Linda-A-Velha
89187,Torres Vedras,Lisboa,Ventosa
89188,Santarém,Santarém,Azoia De Baixo
89189,Tondela,Viseu,Campo De Besteiros
89190,Oliveira De Azeméis,Aveiro,Macieira De Sarnes
89191,Fafe,Braga,Queimadela
89192,Vila Nova De Cerveira,Viana Do Castelo,Vila Meã
89193,Macedo De Cavaleiros,Bragança,Vilarinho Do Monte
89194,Vila Nova De Foz Côa,Guarda,Murça
89195,Castro Daire,Viseu,Mezio
89196,Aveiro,Aveiro,Eirol
89197,Moimenta Da Beira,Viseu,Alvite
89198,Porto De Mós,Leiria,Porto De Mós (São João Baptista)
89199,Penafiel,Porto,Cabeça Santa
89200,Amares,Braga,Seramil
89201,Barcelos,Braga,Couto
89202,Mogadouro,Bragança,Vilarinho Dos Galegos
89203,Serpa,Beja,Vila Verde De Ficalho
89204,Seia,Guarda,Vila Cova À Coelheira
89205,Leiria,Leiria,Souto De Carpalhosa
89206,Santa Maria Da Feira,Aveiro,Milheirós De Poiares
89207,Nazaré,Leiria,Valado Dos Frades
89208,Mondim De Basto,Vila Real,Atei
89209,Almada,Setúbal,Costa Da Caparica
89210,Avis,Portalegre,Figueira E Barros
89211,Santiago Do Cacém,Setúbal,Ermidas-Sado
89212,Trancoso,Guarda,Sebadelhe Da Serra
89213,Anadia,Aveiro,Arcos
89214,Estarreja,Aveiro,Beduído
89215,Cinfães,Viseu,Gralheira
89216,Lamego,Viseu,Pretarouca
89217,Terras De Bouro,Braga,Souto
89218,Viana Do Castelo,Viana Do Castelo,Meadela
89219,Mogadouro,Bragança,Castanheira
89220,Lagos,Faro,Odiáxere
89221,Portel,Évora,Portel
89222,Montemor-O-Novo,Évora,Ciborro
89223,Figueira De Castelo Rodrigo,Guarda,Escarigo
89224,Vila Nova De Foz Côa,Guarda,Santa Comba
89225,Aguiar Da Beira,Guarda,Valverde
89226,Murça,Vila Real,Jou
89227,Carrazeda De Ansiães,Bragança,Pombal
89228,Covilhã,Castelo Branco,Orjais
89229,Castro Daire,Viseu,Ermida
89230,Sever Do Vouga,Aveiro,Sever Do Vouga
89231,Sernancelhe,Viseu,Ferreirim
89232,Oliveira Do Hospital,Coimbra,Bobadela
89233,Arcos De Valdevez,Viana Do Castelo,Cabreiro
89234,Águeda,Aveiro,Macinhata Do Vouga
89235,São Pedro Do Sul,Viseu,Figueiredo De Alva
89236,Coimbra,Coimbra,Coimbra (Sé Nova)
89237,Castelo De Paiva,Aveiro,Fornos
89238,Oliveira De Azeméis,Aveiro,Oliveira De Azeméis
89239,Viana Do Castelo,Viana Do Castelo,Deão
89240,Mesão Frio,Vila Real,Barqueiros
89241,Bragança,Bragança,Nogueira
89242,Anadia,Aveiro,Paredes Do Bairro
89243,Braga,Braga,Braga (São Vicente)
89244,Albufeira,Faro,Olhos De Água
89245,Évora,Évora,Nossa Senhora De Guadalupe
89246,Seia,Guarda,São Martinho
89247,Gouveia,Guarda,Gouveia (São Julião)
89248,Sátão,Viseu,Rio De Moinhos
89249,Sernancelhe,Viseu,Vila Da Ponte
89250,Mirandela,Bragança,Lamas De Orelhão
89251,Arouca,Aveiro,Urrô
89252,Águeda,Aveiro,Macieira De Alcoba
89253,Arcos De Valdevez,Viana Do Castelo,Alvora
89254,Vila Nova De Famalicão,Braga,Joane
89255,Vimioso,Bragança,Vilar Seco
89256,Macedo De Cavaleiros,Bragança,Grijó
89257,Reguengos De Monsaraz,Évora,Corval
89258,Pinhel,Guarda,Vascoveiro
89259,Trancoso,Guarda,Cogula
89260,Figueira Da Foz,Coimbra,Santana
89261,Arouca,Aveiro,Arouca
89262,Penafiel,Porto,Guilhufe
89263,Braga,Braga,Braga (Maximinos)
89264,Constância,Santarém,Montalvo
89265,Torres Novas,Santarém,Chancelaria
89266,Macedo De Cavaleiros,Bragança,Macedo De Cavaleiros
89267,Ovar,Aveiro,Esmoriz
89268,Vila Do Conde,Porto,Retorta
89269,Marco De Canaveses,Porto,Magrelos
89270,Braga,Braga,Tebosa
89271,Viana Do Castelo,Viana Do Castelo,Montaria
89272,Castro Verde,Beja,Santa Bárbara De Padrões
89273,Sabugal,Guarda,Pena Lobo
89274,Braga,Braga,Panoias
89275,Valpaços,Vila Real,Valpaços
89276,Sabugal,Guarda,Aldeia Do Bispo
89277,Armamar,Viseu,Goujoim
89278,Óbidos,Leiria,Óbidos (São Pedro)
89279,Santo Tirso,Porto,Reguenga
89280,Mondim De Basto,Vila Real,Ermelo
89281,Bragança,Bragança,Carrazedo
89282,Montemor-O-Novo,Évora,Cabrela
89283,Figueira De Castelo Rodrigo,Guarda,Algodres
89284,Moimenta Da Beira,Viseu,Peva
89285,Santa Maria Da Feira,Aveiro,Santa Maria De Lamas
89286,Amarante,Porto,Vila Caiz
89287,Gondomar,Porto,Foz Do Sousa
89288,Vila Real,Vila Real,Mateus
89289,Trofa,Porto,Bougado (Santiago)
89290,Barcelos,Braga,Minhotães
89291,Monção,Viana Do Castelo,Barroças E Taias
89292,Rio Maior,Santarém,Asseiceira
89293,Torres Novas,Santarém,Meia Via
89294,Oeiras,Lisboa,Caxias
89295,Loulé,Faro,Benafim
89296,Portel,Évora,Amieira
89297,Arcos De Valdevez,Viana Do Castelo,Paçô
89298,Alcanena,Santarém,Malhou
89299,Vinhais,Bragança,São Jomil
89300,Carrazeda De Ansiães,Bragança,Belver
89301,Sabugal,Guarda,Moita
89302,Porto De Mós,Leiria,Alcaria
89303,Vila Nova Da Barquinha,Santarém,Atalaia
89304,Alijó,Vila Real,Sanfins Do Douro
89305,Vimioso,Bragança,Carção
89306,Silves,Faro,Silves
89307,Lamego,Viseu,Vila Nova De Souto D El-Rei
89308,Braga,Braga,Este (São Pedro)
89309,Vila Verde,Braga,Barros
89310,Vila Nova De Famalicão,Braga,Cavalões
89311,Loures,Lisboa,Sacavém
89312,Mogadouro,Bragança,Valverde
89313,Paredes,Porto,Rebordosa
89314,Bragança,Bragança,Coelhoso
89315,Beja,Beja,Quintos
89316,Guarda,Guarda,Gonçalo Bocas
89317,Castro Daire,Viseu,Mamouros
89318,Lousada,Porto,Meinedo
89319,Monção,Viana Do Castelo,Tangil
89320,Arcos De Valdevez,Viana Do Castelo,Tabaçô
89321,Sintra,Lisboa,Rio De Mouro
89322,Golegã,Santarém,Azinhaga
89323,Vila Real,Vila Real,Vila Real (Nossa Senhora Da Conceição)
89324,Bragança,Bragança,Outeiro
89325,Vidigueira,Beja,Vidigueira
89326,Penamacor,Castelo Branco,Aranhas
89327,Ponte De Lima,Viana Do Castelo,Mato
89328,Esposende,Braga,Curvos
89329,Beja,Beja,Beja (Santiago Maior)
89330,Covilhã,Castelo Branco,Aldeia Do Souto
89331,Anadia,Aveiro,Ancas
89332,Pombal,Leiria,Louriçal
89333,Cantanhede,Coimbra,Sepins
89334,Santa Maria Da Feira,Aveiro,Romariz
89335,Alfândega Da Fé,Bragança,Gebelim
89336,Macedo De Cavaleiros,Bragança,Carrapatas
89337,Pampilhosa Da Serra,Coimbra,Unhais-O-Velho
89338,Vizela,Braga,Vizela (São Paio)
89339,Vila Verde,Braga,Loureira
89340,Alcobaça,Leiria,Évora De Alcobaça
89341,Vila Nova De Gaia,Porto,Valadares
89342,Ponte De Lima,Viana Do Castelo,Cepões
89343,Monção,Viana Do Castelo,Mazedo
89344,Barcelos,Braga,Vila Frescainha (São Martinho)
89345,Ribeira De Pena,Vila Real,Santo Aleixo De Além-Tâmega
89346,Ourém,Santarém,Rio De Couros
89347,Lisboa,Lisboa,Marvila
89348,Nisa,Portalegre,Espírito Santo
89349,Mêda,Guarda,Mêda
89350,Carregal Do Sal,Viseu,Cabanas De Viriato
89351,Marco De Canaveses,Porto,Tabuado
89352,Santo Tirso,Porto,Negrelos (São Mamede)
89353,Guimarães,Braga,Airão (Santa Maria)
89354,Melgaço,Viana Do Castelo,Penso
89355,Setúbal,Setúbal,São Lourenço
89356,Almada,Setúbal,Laranjeiro
89357,Boticas,Vila Real,Sapiãos
89358,Chaves,Vila Real,Sanfins
89359,Ourique,Beja,Santana Da Serra
89360,Trancoso,Guarda,Fiães
89361,Vila De Rei,Castelo Branco,São João Do Peso
89362,Figueira Da Foz,Coimbra,Maiorca
89363,Pombal,Leiria,Carriço
89364,Odivelas,Lisboa,Pontinha
89365,Mogadouro,Bragança,Brunhozinho
89366,Miranda Do Douro,Bragança,Sendim
89367,Felgueiras,Porto,Regilde
89368,Sintra,Lisboa,Agualva
89369,Alijó,Vila Real,Pópulo
89370,Mirandela,Bragança,Avidagos
89371,Idanha-A-Nova,Castelo Branco,Aldeia De Santa Margarida
89372,Lamego,Viseu,Cambres
89373,Leiria,Leiria,Ortigosa
89374,Celorico Da Beira,Guarda,Rapa
89375,Moimenta Da Beira,Viseu,Aldeia De Nacomba
89376,Marco De Canaveses,Porto,Paços De Gaiolo
89377,Ponte Da Barca,Viana Do Castelo,Azias
89378,Vieira Do Minho,Braga,Soutelo
89379,Vila Verde,Braga,Atiães
89380,Mogadouro,Bragança,Meirinhos
89381,Lagos,Faro,Lagos (São Sebastião)
89382,Ponte De Sor,Portalegre,Longomel
89383,Oliveira De Frades,Viseu,Sejães
89384,Vila Verde,Braga,Oriz (São Miguel)
89385,Torres Novas,Santarém,Torres Novas (Santiago)
89386,São Pedro Do Sul,Viseu,Sul
89387,Braga,Braga,Palmeira
89388,Braga,Braga,Braga (São José De São Lázaro)
89389,Vila Franca De Xira,Lisboa,Sobralinho
89390,Mirandela,Bragança,Vale De Salgueiro
89391,Bragança,Bragança,Salsas
89392,Alcoutim,Faro,Giões
89393,Mêda,Guarda,Prova
89394,Oleiros,Castelo Branco,Álvaro
89395,Águeda,Aveiro,Trofa
89396,Oliveira Do Hospital,Coimbra,Lajeosa
89397,Figueira Da Foz,Coimbra,Ferreira-A-Nova
89398,Condeixa-A-Nova,Coimbra,Zambujal
89399,Felgueiras,Porto,Pombeiro De Ribavizela
89400,Trofa,Porto,Coronado (São Mamede)
89401,Celorico De Basto,Braga,Ourilhe
89402,Guimarães,Braga,Castelões
89403,Vila Flor,Bragança,Trindade
89404,Silves,Faro,Algoz
89405,Elvas,Portalegre,Santa Eulália
89406,Nisa,Portalegre,Amieira Do Tejo
89407,Seia,Guarda,Tourais
89408,Penamacor,Castelo Branco,Salvador
89409,Covilhã,Castelo Branco,Tortosendo
89410,Vila Real,Vila Real,Folhadela
89411,Bragança,Bragança,Baçal
89412,Pedrógão Grande,Leiria,Vila Facaia
89413,Penacova,Coimbra,Friúmes
89414,Peniche,Leiria,Peniche (Conceição)
89415,Braga,Braga,Nogueira
89416,Esposende,Braga,Mar
89417,Rio Maior,Santarém,Outeiro Da Cortiçada
89418,Sabugal,Guarda,Forcalhos
89419,Mação,Santarém,Cardigos
89420,Leiria,Leiria,Santa Catarina Da Serra
89421,Caldas Da Rainha,Leiria,Vidais
89422,Chamusca,Santarém,Ulme
89423,Mafra,Lisboa,Venda Do Pinheiro
89424,Peso Da Régua,Vila Real,Godim
89425,Estremoz,Évora,Estremoz (Santa Maria)
89426,Lamego,Viseu,Lamego (Almacave)
89427,Pombal,Leiria,Abiul
89428,Coimbra,Coimbra,Torre De Vilela
89429,Peniche,Leiria,Peniche (São Pedro)
89430,Lousada,Porto,Aveleda
89431,Paredes,Porto,Vila Cova De Carros
89432,Celorico De Basto,Braga,Caçarilhe
89433,Barcelos,Braga,Grimancelos
89434,Mogadouro,Bragança,Bemposta
89435,Mafra,Lisboa,Vila Franca Do Rosário
89436,Vila Franca De Xira,Lisboa,Vila Franca De Xira
89437,Trancoso,Guarda,Carnicães
89438,Fundão,Castelo Branco,Bogas De Cima
89439,Pampilhosa Da Serra,Coimbra,Pessegueiro
89440,Mourão,Évora,Mourão
89441,Portalegre,Portalegre,Fortios
89442,Viseu,Viseu,Couto De Baixo
89443,Marco De Canaveses,Porto,Avessadas
89444,Mangualde,Viseu,Lobelhe Do Mato
89445,Marco De Canaveses,Porto,Fornos
89446,Guimarães,Braga,Briteiros (Salvador)
89447,Chaves,Vila Real,Vale De Anta
89448,Covilhã,Castelo Branco,Boidobra
89449,Paredes De Coura,Viana Do Castelo,Agualonga
89450,Paços De Ferreira,Porto,Paços De Ferreira
89451,Ourém,Santarém,Ribeira Do Farrio
89452,Sertã,Castelo Branco,Figueiredo
89453,Vila Do Conde,Porto,Tougues
89454,Celorico Da Beira,Guarda,Minhocal
89455,Barcelos,Braga,Vila Seca
89456,Alcácer Do Sal,Setúbal,Torrão
89457,Guarda,Guarda,Mizarela
89458,Viseu,Viseu,Rio De Loba
89459,Loulé,Faro,Loulé (São Sebastião)
89460,Guarda,Guarda,Codesseiro
89461,Belmonte,Castelo Branco,Inguias
89462,Penafiel,Porto,Lagares
89463,Sintra,Lisboa,Colares
89464,Braga,Braga,Arentim
89465,Gouveia,Guarda,Vinhó
89466,Chaves,Vila Real,Soutelo
89467,Arouca,Aveiro,Cabreiros
89468,Torres Vedras,Lisboa,Ramalhal
89469,Vila Nova De Cerveira,Viana Do Castelo,Nogueira
89470,Guimarães,Braga,Corvite
89471,Braga,Braga,Penso (Santo Estêvão)
89472,Cabeceiras De Basto,Braga,Cavez
89473,Fafe,Braga,Antime
89474,Estremoz,Évora,São Bento Do Cortiço
89475,Guarda,Guarda,Fernão Joanes
89476,Barcelos,Braga,Fragoso
89477,Bragança,Bragança,Izeda
89478,Loures,Lisboa,Santa Iria De Azoia
89479,Arcos De Valdevez,Viana Do Castelo,Ermelo
89480,Carrazeda De Ansiães,Bragança,Seixo De Ansiães
89481,Alcobaça,Leiria,Maiorga
89482,Crato,Portalegre,Gáfete
89483,Chaves,Vila Real,Ervededo
89484,Vila Do Conde,Porto,Parada
89485,Fornos De Algodres,Guarda,Figueiró Da Granja
89486,Castelo Branco,Castelo Branco,São Vicente Da Beira
89487,Pinhel,Guarda,Lameiras
89488,Tábua,Coimbra,Espariz
89489,Lisboa,Lisboa,São João
89490,Castro Daire,Viseu,Ester
89491,Vizela,Braga,Caldas De Vizela (São João)
89492,Alijó,Vila Real,Amieiro
89493,Felgueiras,Porto,Santão
89494,Barcelos,Braga,Gilmonde
89495,Viana Do Castelo,Viana Do Castelo,Viana Do Castelo (Monserrate)
89496,Bragança,Bragança,Babe
89497,Trancoso,Guarda,Palhais
89498,Amares,Braga,Caires
89499,Montemor-O-Novo,Évora,Foros De Vale De Figueira
89500,Figueira De Castelo Rodrigo,Guarda,Mata De Lobos
89501,Penafiel,Porto,Vila Cova
89502,Vieira Do Minho,Braga,Ruivães
89503,Torres Vedras,Lisboa,Torres Vedras (São Pedro E São Tiago)
89504,Arcos De Valdevez,Viana Do Castelo,Padreiro (Santa Cristina)
89505,Almeida,Guarda,Amoreira
89506,Sabugal,Guarda,Cerdeira
89507,Viana Do Alentejo,Évora,Aguiar
89508,Cantanhede,Coimbra,Corticeiro De Cima
89509,Cascais,Lisboa,Carcavelos
89510,Castelo Branco,Castelo Branco,Alcains
89511,Mirandela,Bragança,Vale De Gouvinhas
89512,Torres Vedras,Lisboa,A Dos Cunhados
89513,Cantanhede,Coimbra,Ourentã
89514,Seia,Guarda,Várzea De Meruge
89515,Abrantes,Santarém,Alferrarede
89516,Fafe,Braga,Silvares (São Clemente)
89517,Beja,Beja,Cabeça Gorda
89518,Chaves,Vila Real,Santo António De Monforte
89519,Vinhais,Bragança,Soeira
89520,Alfândega Da Fé,Bragança,Vilarelhos
89521,Arcos De Valdevez,Viana Do Castelo,Vila Fonche
89522,Covilhã,Castelo Branco,Sobral De São Miguel
89523,Ponte De Lima,Viana Do Castelo,Estorãos
89524,Penedono,Viseu,Souto
89525,Faro,Faro,Montenegro
89526,Grândola,Setúbal,Azinheira Dos Barros E São Mamede Do Sádão
89527,Seia,Guarda,Torrozelo
89528,Pampilhosa Da Serra,Coimbra,Vidual
89529,Figueira De Castelo Rodrigo,Guarda,Quintã De Pêro Martins
89530,Castro Daire,Viseu,Cujó
89531,Tondela,Viseu,Dardavaz
89532,Mangualde,Viseu,Alcafache
89533,Mira,Coimbra,Mira
89534,Leiria,Leiria,Santa Eufémia
89535,Marco De Canaveses,Porto,Alpendurada E Matos
89536,Murça,Vila Real,Vilares
89537,Leiria,Leiria,Cortes
89538,Paredes,Porto,Gandra
89539,Felgueiras,Porto,Varziela
89540,Torres Vedras,Lisboa,Dois Portos
89541,Sabrosa,Vila Real,Torre Do Pinhão
89542,Vila Flor,Bragança,Candoso
89543,Bragança,Bragança,São Julião De Palácios
89544,Estarreja,Aveiro,Veiros
89545,Covilhã,Castelo Branco,Covilhã (São Martinho)
89546,Santa Marta De Penaguião,Vila Real,Lobrigos (São João Baptista)
89547,Proença-A-Nova,Castelo Branco,Peral
89548,Covilhã,Castelo Branco,Vila Do Carvalho
89549,Mirandela,Bragança,Torre De Dona Chama
89550,Miranda Do Douro,Bragança,Miranda Do Douro
89551,Macedo De Cavaleiros,Bragança,Sezulfe
89552,Idanha-A-Nova,Castelo Branco,Toulões
89553,Mortágua,Viseu,Almaça
89554,Pampilhosa Da Serra,Coimbra,Cabril
89555,Guimarães,Braga,Gonça
89556,Monção,Viana Do Castelo,Pias
89557,Terras De Bouro,Braga,Monte
89558,Odemira,Beja,Odemira (Santa Maria)
89559,Ferreira Do Zêzere,Santarém,Areias
89560,Sintra,Lisboa,Casal De Cambra
89561,Almada,Setúbal,Feijó
89562,Seia,Guarda,Valezim
89563,Penafiel,Porto,Sebolido
89564,Fafe,Braga,Felgueiras
89565,Proença-A-Nova,Castelo Branco,Proença-A-Nova
89566,Sertã,Castelo Branco,Cumeada
89567,Arouca,Aveiro,Moldes
89568,Mértola,Beja,Alcaria Ruiva
89569,Chaves,Vila Real,Redondelo
89570,Fundão,Castelo Branco,Atalaia Do Campo
89571,Baião,Porto,Baião (Santa Leocádia)
89572,Vila Verde,Braga,Ponte
89573,Vila Flor,Bragança,Santa Comba De Vilariça
89574,Moimenta Da Beira,Viseu,Castelo
89575,Arcos De Valdevez,Viana Do Castelo,Rio De Moinhos
89576,Barcelos,Braga,Várzea
89577,Vila Nova De Paiva,Viseu,Pendilhe
89578,Peniche,Leiria,Atouguia Da Baleia
89579,Amarante,Porto,Real
89580,Valpaços,Vila Real,Sonim
89581,Campo Maior,Portalegre,Nossa Senhora Da Graça Dos Degolados
89582,São João Da Pesqueira,Viseu,Espinhosa
89583,Cantanhede,Coimbra,Cantanhede
89584,Guimarães,Braga,Gandarela
89585,Gavião,Portalegre,Atalaia
89586,Vinhais,Bragança,Fresulfe
89587,Resende,Viseu,Resende
89588,Pampilhosa Da Serra,Coimbra,Fajão
89589,Gouveia,Guarda,São Paio
89590,Vila Real De Santo António,Faro,Monte Gordo
89591,Évora,Évora,Bacelo
89592,Abrantes,Santarém,Martinchel
89593,Sátão,Viseu,Ferreira De Aves
89594,Vouzela,Viseu,Fornelo Do Monte
89595,Vila Nova De Famalicão,Braga,Mogege
89596,Estarreja,Aveiro,Salreu
89597,Sernancelhe,Viseu,Lamosa
89598,Melgaço,Viana Do Castelo,Chaviães
89599,Castro Daire,Viseu,Almofala
89600,Oliveira De Azeméis,Aveiro,Fajões
89601,Ansião,Leiria,Chão De Couce
89602,Aguiar Da Beira,Guarda,Eirado
89603,Peso Da Régua,Vila Real,Canelas
89604,Penafiel,Porto,Rans
89605,Coruche,Santarém,Santana Do Mato
89606,Braga,Braga,Parada De Tibães
89607,Vila Verde,Braga,Vila Verde
89608,Cinfães,Viseu,Travanca
89609,Sesimbra,Setúbal,Sesimbra (Santiago)
89610,Vila Real,Vila Real,Vila Real (São Dinis)
89611,Ponte De Lima,Viana Do Castelo,Refóios Do Lima
89612,Elvas,Portalegre,São Brás E São Lourenço
89613,Trancoso,Guarda,Souto Maior
89614,Guimarães,Braga,Vermil
89615,Barcelos,Braga,Cambeses
89616,Arcos De Valdevez,Viana Do Castelo,Jolda (Madalena)
89617,Marco De Canaveses,Porto,Rio De Galinhas
89618,Nisa,Portalegre,São Matias
89619,Moimenta Da Beira,Viseu,Caria
89620,Santarém,Santarém,Santarém (São Salvador)
89621,Vila Do Bispo,Faro,Sagres
89622,Aljustrel,Beja,Ervidel
89623,Pombal,Leiria,Pelariga
89624,Sousel,Portalegre,Casa Branca
89625,Ferreira Do Zêzere,Santarém,Dornes
89626,Terras De Bouro,Braga,Vilar
89627,Trancoso,Guarda,Feital
89628,Amarante,Porto,Olo
89629,Santiago Do Cacém,Setúbal,Santiago Do Cacém
89630,Vila Verde,Braga,Oriz (Santa Marinha)
89631,Macedo De Cavaleiros,Bragança,Podence
89632,Moimenta Da Beira,Viseu,Paradinha
89633,Vila Verde,Braga,Sande
89634,Braga,Braga,Braga (Cividade)
89635,Montijo,Setúbal,Montijo
89636,Resende,Viseu,Anreade
89637,Macedo De Cavaleiros,Bragança,Arcas
89638,Sernancelhe,Viseu,Arnas
89639,Coimbra,Coimbra,Ribeira De Frades
89640,Arouca,Aveiro,São Miguel Do Mato
89641,Ourique,Beja,Panóias
89642,São Pedro Do Sul,Viseu,Santa Cruz Da Trapa
89643,Celorico Da Beira,Guarda,Velosa
89644,Palmela,Setúbal,Palmela
89645,Vieira Do Minho,Braga,Guilhofrei
89646,Lagos,Faro,Lagos (Santa Maria)
89647,Chaves,Vila Real,Nogueira Da Montanha
89648,Montalegre,Vila Real,Sarraquinhos
89649,Resende,Viseu,São Romão De Aregos
89650,Paredes De Coura,Viana Do Castelo,Cristelo
89651,Ourém,Santarém,Cercal
89652,Évora,Évora,Senhora Da Saúde
89653,Gouveia,Guarda,Vila Nova De Tazem
89654,Leiria,Leiria,Carvide
89655,São João Da Pesqueira,Viseu,Várzea De Trevões
89656,Lousada,Porto,Ordem
89657,Barcelos,Braga,Ucha
89658,Penedono,Viseu,Antas
89659,Celorico Da Beira,Guarda,Salgueirais
89660,Caldas Da Rainha,Leiria,Coto
89661,Anadia,Aveiro,Avelãs De Cima
89662,Moimenta Da Beira,Viseu,Nagosa
89663,Oliveira Do Hospital,Coimbra,Lagares
89664,Guarda,Guarda,Cavadoude
89665,Caldas Da Rainha,Leiria,Foz Do Arelho
89666,Monção,Viana Do Castelo,Valadares
89667,Serpa,Beja,Pias
89668,Lamego,Viseu,Bigorne
89669,Ribeira De Pena,Vila Real,Limões
89670,Estremoz,Évora,Arcos
89671,Valpaços,Vila Real,Vilarandelo
89672,Mirandela,Bragança,Barcel
89673,Tondela,Viseu,Vilar De Besteiros
89674,Lousada,Porto,Sousela
89675,Felgueiras,Porto,Friande
89676,Vila Nova De Foz Côa,Guarda,Vila Nova De Foz Côa
89677,Matosinhos,Porto,Lavra
89678,Celorico De Basto,Braga,Infesta
89679,Boticas,Vila Real,Vilar
89680,Santa Maria Da Feira,Aveiro,Mosteiró
89681,Setúbal,Setúbal,Setúbal (Nossa Senhora Da Anunciada)
89682,Montalegre,Vila Real,Fiães Do Rio
89683,Resende,Viseu,Felgueiras
89684,Sertã,Castelo Branco,Troviscal
89685,Cuba,Beja,Cuba
89686,Alfândega Da Fé,Bragança,Sendim Da Serra
89687,Macedo De Cavaleiros,Bragança,Corujas
89688,Monchique,Faro,Alferce
89689,Barrancos,Beja,Barrancos
89690,Fundão,Castelo Branco,Pêro Viseu
89691,Vouzela,Viseu,Carvalhal De Vermilhas
89692,Moimenta Da Beira,Viseu,Pêra Velha
89693,Esposende,Braga,Palmeira De Faro
89694,Seia,Guarda,Alvoco Da Serra
89695,Marvão,Portalegre,São Salvador Da Aramenha
89696,Mirandela,Bragança,São Salvador
89697,Celorico De Basto,Braga,Molares
89698,Torre De Moncorvo,Bragança,Horta Da Vilariça
89699,Viseu,Viseu,Calde
89700,Vila Nova De Paiva,Viseu,Fráguas
89701,Santa Maria Da Feira,Aveiro,Fornos
89702,Paços De Ferreira,Porto,Eiriz
89703,Chaves,Vila Real,Vilas Boas
89704,Castro Marim,Faro,Castro Marim
89705,Silves,Faro,Tunes
89706,Castelo Branco,Castelo Branco,Monforte Da Beira
89707,Ílhavo,Aveiro,Gafanha Da Encarnação
89708,Penela,Coimbra,Espinhal
89709,Óbidos,Leiria,Amoreira
89710,Vila Do Conde,Porto,Aveleda
89711,Azambuja,Lisboa,Vila Nova Da Rainha
89712,Fafe,Braga,Fornelos
89713,Vouzela,Viseu,São Miguel Do Mato
89714,Montalegre,Vila Real,Meixide
89715,São Pedro Do Sul,Viseu,Valadares
89716,Amadora,Lisboa,Alfornelos
89717,Melgaço,Viana Do Castelo,Lamas De Mouro
89718,Sernancelhe,Viseu,Chosendo
89719,Silves,Faro,Pêra
89720,Vinhais,Bragança,Vale Das Fontes
89721,Mogadouro,Bragança,Paradela
89722,Tavira,Faro,Santa Catarina Da Fonte Do Bispo
89723,Celorico De Basto,Braga,Codeçoso
89724,Grândola,Setúbal,Grândola
89725,Cadaval,Lisboa,Cercal
89726,Odivelas,Lisboa,Odivelas
89727,Almodôvar,Beja,Santa Cruz
89728,Vila Nova De Famalicão,Braga,Gondifelos
89729,Vila Pouca De Aguiar,Vila Real,Telões
89730,Alfândega Da Fé,Bragança,Parada
89731,Lousada,Porto,Figueiras
89732,Braga,Braga,Braga (São Vítor)
89733,Ponte De Lima,Viana Do Castelo,Fojo Lobal
89734,Arcos De Valdevez,Viana Do Castelo,Gavieira
89735,Oliveira Do Hospital,Coimbra,Nogueira Do Cravo
89736,Tábua,Coimbra,Covas
89737,Castelo De Vide,Portalegre,São João Baptista
89738,Gouveia,Guarda,Figueiró Da Serra
89739,Póvoa De Lanhoso,Braga,Geraz Do Minho
89740,Lourinhã,Lisboa,Moledo
89741,Évora,Évora,Nossa Senhora Da Tourega
89742,Freixo De Espada À Cinta,Bragança,Ligares
89743,Montijo,Setúbal,Pegões
89744,Vila Verde,Braga,Vila De Prado
89745,Cabeceiras De Basto,Braga,Basto
89746,Felgueiras,Porto,Vizela (São Jorge)
89747,Tomar,Santarém,Além Da Ribeira
89748,Ponte Da Barca,Viana Do Castelo,Vila Nova De Muía
89749,Almeirim,Santarém,Raposa
89750,Arraiolos,Évora,Santa Justa
89751,Vila Nova De Foz Côa,Guarda,Mós
89752,Covilhã,Castelo Branco,Covilhã (São Pedro)
89753,Macedo De Cavaleiros,Bragança,Chacim
89754,Bragança,Bragança,Quintela De Lampaças
89755,Montemor-O-Velho,Coimbra,Santo Varão
89756,Castelo De Paiva,Aveiro,Pedorido
89757,Sintra,Lisboa,Sintra (São Martinho)
89758,Valença,Viana Do Castelo,Taião
89759,Melgaço,Viana Do Castelo,Cousso
89760,Sabugal,Guarda,Vilar Maior
89761,Amarante,Porto,Gouveia (São Simão)
89762,Santarém,Santarém,Santarém (Marvila)
89763,Gondomar,Porto,Fânzeres
89764,São Pedro Do Sul,Viseu,Manhouce
89765,Cinfães,Viseu,Fornelos
89766,Seixal,Setúbal,Corroios
89767,Rio Maior,Santarém,Fráguas
89768,Póvoa De Lanhoso,Braga,Campos
89769,Barcelos,Braga,Manhente
89770,Oliveira De Frades,Viseu,Reigoso
89771,Portalegre,Portalegre,Urra
89772,Chaves,Vila Real,Seara Velha
89773,Viseu,Viseu,Ranhados
89774,Almodôvar,Beja,Senhora Da Graça De Padrões
89775,Vila Pouca De Aguiar,Vila Real,Afonsim
89776,Penalva Do Castelo,Viseu,Lusinde
89777,Loulé,Faro,Quarteira
89778,Amares,Braga,Prozelo
89779,Barreiro,Setúbal,Lavradio
89780,Lamego,Viseu,Lazarim
89781,Pampilhosa Da Serra,Coimbra,Machio
89782,Chaves,Vila Real,Santa Leocádia
89783,Mogadouro,Bragança,Peredo Da Bemposta
89784,Murtosa,Aveiro,Torreira
89785,Armamar,Viseu,Vacalar
89786,Bombarral,Leiria,Vale Covo
89787,Ponte De Lima,Viana Do Castelo,Vilar Do Monte
89788,Chaves,Vila Real,São Pedro De Agostém
89789,Mogadouro,Bragança,Remondes
89790,Condeixa-A-Nova,Coimbra,Condeixa-A-Velha
89791,Portimão,Faro,Portimão
89792,Alfândega Da Fé,Bragança,Ferradosa
89793,Mira,Coimbra,Carapelhos
89794,Vila Nova De Famalicão,Braga,Louro
89795,Amadora,Lisboa,Alfragide
89796,Celorico De Basto,Braga,Basto (São Clemente)
89797,Marvão,Portalegre,Beirã
89798,Aguiar Da Beira,Guarda,Souto De Aguiar Da Beira
89799,Torre De Moncorvo,Bragança,Larinho
89800,Lousada,Porto,Lodares
89801,Tomar,Santarém,Junceira
89802,Aveiro,Aveiro,Aradas
89803,Mogadouro,Bragança,Soutelo
89804,Mafra,Lisboa,Ericeira
89805,Vila Do Conde,Porto,Labruge
89806,Barcelos,Braga,Martim
89807,Póvoa De Lanhoso,Braga,Esperança
89808,Vagos,Aveiro,Covão Do Lobo
89809,Tábua,Coimbra,Ázere
89810,Ponte Da Barca,Viana Do Castelo,Sampriz
89811,Olhão,Faro,Quelfes
89812,Sernancelhe,Viseu,Penso
89813,Maia,Porto,Avioso (Santa Maria)
89814,Gondomar,Porto,Medas
89815,Alcochete,Setúbal,Samouco
89816,Maia,Porto,Folgosa
89817,Barreiro,Setúbal,Coina
89818,Carrazeda De Ansiães,Bragança,Mogo De Malta
89819,Mogadouro,Bragança,São Martinho Do Peso
89820,Sabugal,Guarda,Aldeia Da Ribeira
89821,Cabeceiras De Basto,Braga,Pedraça
89822,Braga,Braga,Ferreiros
89823,Barcelos,Braga,Barcelos
89824,Oliveira De Azeméis,Aveiro,Palmaz
89825,Santa Comba Dão,Viseu,Treixedo
89826,Cantanhede,Coimbra,Pocariça
89827,Vila Verde,Braga,Covas
89828,Coruche,Santarém,Erra
89829,Águeda,Aveiro,Aguada De Cima
89830,Vila Verde,Braga,Valbom (São Pedro)
89831,Vila Verde,Braga,Travassós
89832,Gondomar,Porto,Lomba
89833,Amarante,Porto,Vila Garcia
89834,Barcelos,Braga,Perelhal
89835,Amadora,Lisboa,Buraca (Parte)
89836,Bragança,Bragança,França
89837,Marinha Grande,Leiria,Marinha Grande
89838,Torre De Moncorvo,Bragança,Lousa
89839,Tondela,Viseu,Santiago De Besteiros
89840,Caminha,Viana Do Castelo,Orbacém
89841,Beja,Beja,Beja (Santa Maria Da Feira)
89842,Oliveira Do Hospital,Coimbra,São Gião
89843,Tabuaço,Viseu,Pereiro
89844,Figueiró Dos Vinhos,Leiria,Campelo
89845,Cabeceiras De Basto,Braga,Faia
89846,Portel,Évora,Monte Do Trigo
89847,Lisboa,Lisboa,Nossa Senhora De Fátima
89848,Oliveira Do Bairro,Aveiro,Mamarrosa
89849,Lamego,Viseu,Parada Do Bispo
89850,Vila Do Conde,Porto,Fornelo
89851,Penafiel,Porto,Croca
89852,Chaves,Vila Real,Santa Cruz/Trindade
89853,Vila Flor,Bragança,Samões
89854,Vila Real,Vila Real,Andrães
89855,Nelas,Viseu,Santar
89856,Lamego,Viseu,Ferreiros De Avões
89857,Fafe,Braga,Arões (São Romão)
89858,Santiago Do Cacém,Setúbal,Alvalade
89859,Ovar,Aveiro,Ovar
89860,Penalva Do Castelo,Viseu,Vila Cova Do Covelo
89861,Faro,Faro,Santa Bárbara De Nexe
89862,Figueira Da Foz,Coimbra,Tavarede
89863,Montalegre,Vila Real,Salto
89864,Covilhã,Castelo Branco,Paul
89865,Barcelos,Braga,Lama
89866,Almeida,Guarda,Freineda
89867,Tábua,Coimbra,Sinde
89868,Oeiras,Lisboa,Oeiras E São Julião Da Barra
89869,Póvoa De Lanhoso,Braga,Friande
89870,Fafe,Braga,Passos
89871,Albergaria-A-Velha,Aveiro,Albergaria-A-Velha
89872,Águeda,Aveiro,Castanheira Do Vouga
89873,Torres Novas,Santarém,Torres Novas (Santa Maria)
89874,Ponte Da Barca,Viana Do Castelo,Entre Ambos-Os-Rios
89875,Sever Do Vouga,Aveiro,Talhadas
89876,Castro Marim,Faro,Odeleite
89877,Cuba,Beja,Vila Ruiva
89878,Mirandela,Bragança,Alvites
89879,Vieira Do Minho,Braga,Campos
89880,Carrazeda De Ansiães,Bragança,Selores
89881,Arganil,Coimbra,Pomares
89882,Caminha,Viana Do Castelo,Vila Praia De Âncora
89883,Sines,Setúbal,Porto Covo
89884,Nelas,Viseu,Vilar Seco
89885,Lousada,Porto,Macieira
89886,Fornos De Algodres,Guarda,Fuinhas
89887,Vila Nova De Cerveira,Viana Do Castelo,Loivo
89888,Barcelos,Braga,Alvito (São Martinho)
89889,Montalegre,Vila Real,Vilar De Perdizes (São Miguel)
89890,Bragança,Bragança,Macedo Do Mato
89891,Vagos,Aveiro,Fonte De Angeão
89892,Vila Nova De Gaia,Porto,Vilar Do Paraíso
89893,Montijo,Setúbal,Afonsoeiro
89894,Chaves,Vila Real,Oura
89895,Penacova,Coimbra,Carvalho
89896,Vila Verde,Braga,Freiriz
89897,Alijó,Vila Real,Pegarinhos
89898,Serpa,Beja,Brinches
89899,Barcelos,Braga,Roriz
89900,Sabugal,Guarda,Rendo
89901,Santa Maria Da Feira,Aveiro,Louredo
89902,Oliveira Do Bairro,Aveiro,Palhaça
89903,Óbidos,Leiria,Vau
89904,Chaves,Vila Real,Póvoa De Agrações
89905,Palmela,Setúbal,Pinhal Novo
89906,Pinhel,Guarda,Ervas Tenras
89907,Alvaiázere,Leiria,Rego Da Murta
89908,Lousã,Coimbra,Gândaras
89909,Valongo,Porto,Alfena
89910,Crato,Portalegre,Aldeia Da Mata
89911,Barcelos,Braga,Cristelo
89912,Boticas,Vila Real,Boticas
89913,Montemor-O-Velho,Coimbra,Arazede
89914,Lousada,Porto,Boim
89915,Arcos De Valdevez,Viana Do Castelo,Grade
89916,Vila Verde,Braga,Parada De Gatim
89917,Elvas,Portalegre,Vila Boim
89918,Sabrosa,Vila Real,Provesende
89919,Torres Novas,Santarém,Brogueira
89920,Terras De Bouro,Braga,Cibões
89921,Vila Do Conde,Porto,Outeiro Maior
89922,Penafiel,Porto,Urrô
89923,Odivelas,Lisboa,Ramada
89924,Vila Nova De Famalicão,Braga,Cruz
89925,Penafiel,Porto,Marecos
89926,Vila Nova De Famalicão,Braga,Pedome
89927,Guimarães,Braga,Creixomil
89928,Ponte Da Barca,Viana Do Castelo,Bravães
89929,Castro Daire,Viseu,Parada De Ester
89930,Bragança,Bragança,Paradinha Nova
89931,Arcos De Valdevez,Viana Do Castelo,Senharei
89932,Alandroal,Évora,Terena (São Pedro)
89933,Ferreira Do Alentejo,Beja,Peroguarda
89934,Mêda,Guarda,Coriscada
89935,Vila Real,Vila Real,Lamas De Olo
89936,Santa Comba Dão,Viseu,Santa Comba Dão
89937,Chaves,Vila Real,Vilarinho Das Paranheiras
89938,Aveiro,Aveiro,Vera Cruz
89939,Lisboa,Lisboa,Benfica
89940,Chaves,Vila Real,Loivos
89941,Alcobaça,Leiria,Martingança
89942,Felgueiras,Porto,Sousa
89943,Azambuja,Lisboa,Vale Do Paraíso
89944,Oleiros,Castelo Branco,Oleiros
89945,Amarante,Porto,Carneiro
89946,Miranda Do Douro,Bragança,Genísio
89947,Marco De Canaveses,Porto,Freixo
89948,Vila Nova De Famalicão,Braga,Vila Nova De Famalicão
89949,Cinfães,Viseu,Ferreiros De Tendais
89950,Figueiró Dos Vinhos,Leiria,Bairradas
89951,Ponte Da Barca,Viana Do Castelo,Cuide De Vila Verde
89952,Lourinhã,Lisboa,Miragaia
89953,Seia,Guarda,Teixeira
89954,Ferreira Do Zêzere,Santarém,Chãos
89955,Mértola,Beja,São Miguel Do Pinheiro
89956,Sesimbra,Setúbal,Sesimbra (Castelo)
89957,Fundão,Castelo Branco,Fundão
89958,Santa Maria Da Feira,Aveiro,Souto
89959,Fundão,Castelo Branco,Alcaide
89960,Góis,Coimbra,Colmeal
89961,Chaves,Vila Real,Oucidres
89962,Santa Maria Da Feira,Aveiro,Rio Meão
89963,Oliveira Do Hospital,Coimbra,São Paio De Gramaços
89964,Carrazeda De Ansiães,Bragança,Fonte Longa
89965,Vila Flor,Bragança,Carvalho De Egas
89966,Oliveira Do Hospital,Coimbra,Vila Pouca Da Beira
89967,Armamar,Viseu,Tões
89968,Vila Nova De Famalicão,Braga,Ribeirão
89969,Abrantes,Santarém,Aldeia Do Mato
89970,Felgueiras,Porto,Rande
89971,Estarreja,Aveiro,Pardilhó
89972,Odemira,Beja,Luzianes-Gare
89973,Celorico De Basto,Braga,Vale De Bouro
89974,Figueira Da Foz,Coimbra,Moinhos Da Gândara
89975,Vieira Do Minho,Braga,Mosteiro
89976,Guarda,Guarda,Vila Franca Do Deão
89977,Ourique,Beja,Garvão
89978,Bragança,Bragança,Bragança (Sé)
89979,Odemira,Beja,Odemira (São Salvador)
89980,Leiria,Leiria,Caranguejeira
89981,Castanheira De Pêra,Leiria,Coentral
89982,Celorico De Basto,Braga,Corgo
89983,Arraiolos,Évora,Sabugueiro
89984,Vale De Cambra,Aveiro,Cepelos
89985,Mangualde,Viseu,Várzea De Tavares
89986,Amarante,Porto,Ansiães
89987,Coruche,Santarém,Couço
89988,Mafra,Lisboa,Sobral Da Abelheira
89989,Évora,Évora,Horta Das Figueiras
89990,Gouveia,Guarda,Gouveia (São Pedro)
89991,Murça,Vila Real,Murça
89992,Chaves,Vila Real,Vidago
89993,Viana Do Castelo,Viana Do Castelo,Vila Fria
89994,Monção,Viana Do Castelo,Cortes
89995,Abrantes,Santarém,Carvalhal
89996,Macedo De Cavaleiros,Bragança,Santa Combinha
89997,Ribeira De Pena,Vila Real,Alvadia
89998,Guimarães,Braga,Selho (São Jorge)
89999,Póvoa De Lanhoso,Braga,Galegos
90000,Arcos De Valdevez,Viana Do Castelo,Arcos De Valdevez (São Paio)
90001,Lousada,Porto,Silvares
90002,Miranda Do Douro,Bragança,São Martinho De Angueira
90003,Alcoutim,Faro,Vaqueiros
90004,Reguengos De Monsaraz,Évora,Monsaraz
90005,Fafe,Braga,Golães
90006,Ponte Da Barca,Viana Do Castelo,Paço Vedro De Magalhães
90007,Montalegre,Vila Real,Pondras
90008,Penedono,Viseu,Castainço
90009,Torre De Moncorvo,Bragança,Cardanha
90010,Barcelos,Braga,Góios
90011,Ferreira Do Zêzere,Santarém,Beco
90012,Oliveira De Azeméis,Aveiro,Vila De Cucujães
90013,Bragança,Bragança,Carragosa
90014,Guarda,Guarda,Adão
90015,Arronches,Portalegre,Mosteiros
90016,Sabugal,Guarda,Quintas De São Bartolomeu
90017,Santa Maria Da Feira,Aveiro,Mozelos
90018,Vieira Do Minho,Braga,Eira Vedra
90019,Celorico Da Beira,Guarda,Vale De Azares
90020,Vieira Do Minho,Braga,Tabuaças
90021,Paredes De Coura,Viana Do Castelo,Castanheira
90022,Alenquer,Lisboa,Alenquer (Santo Estêvão)
90023,Sernancelhe,Viseu,Freixinho
90024,Albufeira,Faro,Ferreiras
90025,Azambuja,Lisboa,Manique Do Intendente
90026,Braga,Braga,Sobreposta
90027,Porto De Mós,Leiria,Arrimal
90028,Santarém,Santarém,Vaqueiros
90029,Alcobaça,Leiria,Vimeiro
90030,Santarém,Santarém,Azoia De Cima
90031,Felgueiras,Porto,Unhão
90032,Figueiró Dos Vinhos,Leiria,Arega
90033,Carrazeda De Ansiães,Bragança,Vilarinho Da Castanheira
90034,Sátão,Viseu,Sátão
90035,Santa Marta De Penaguião,Vila Real,Fornelos
90036,Amarante,Porto,Gondar
90037,Elvas,Portalegre,Vila Fernando
90038,Covilhã,Castelo Branco,Teixoso
90039,Idanha-A-Nova,Castelo Branco,Oledo
90040,Lagos,Faro,Bensafrim
90041,Vinhais,Bragança,Rebordelo
90042,Carrazeda De Ansiães,Bragança,Parambos
90043,Cantanhede,Coimbra,Covões
90044,Barcelos,Braga,Pousa
90045,Bragança,Bragança,Espinhosela
90046,Arcos De Valdevez,Viana Do Castelo,Jolda (São Paio)
90047,Porto De Mós,Leiria,Mendiga
90048,Celorico De Basto,Braga,Arnóia
90049,Vouzela,Viseu,Alcofra
90050,Monforte,Portalegre,Monforte
90051,Sabrosa,Vila Real,Sabrosa
90052,Alter Do Chão,Portalegre,Alter Do Chão
90053,Bragança,Bragança,Alfaião
90054,Terras De Bouro,Braga,Covide
90055,Arcos De Valdevez,Viana Do Castelo,Vale
90056,Marco De Canaveses,Porto,Paredes De Viadores
90057,Alijó,Vila Real,Ribalonga
90058,Ponte De Lima,Viana Do Castelo,Brandara
90059,Beja,Beja,São Brissos
90060,Barcelos,Braga,Abade De Neiva
90061,Guarda,Guarda,Pousade
90062,Penafiel,Porto,Novelas
90063,Lisboa,Lisboa,Campo Grande
90064,Amares,Braga,Caldelas
90065,Santo Tirso,Porto,Negrelos (São Tomé)
90066,Loulé,Faro,Boliqueime
90067,Cuba,Beja,Faro Do Alentejo
90068,Trancoso,Guarda,Rio De Mel
90069,Sabugal,Guarda,Aldeia De Santo António
90070,Mortágua,Viseu,Trezói
90071,Esposende,Braga,Vila Chã
90072,Odivelas,Lisboa,Olival De Basto
90073,Tondela,Viseu,Guardão
90074,Vieira Do Minho,Braga,Parada Do Bouro
90075,Alijó,Vila Real,Cotas
90076,Amadora,Lisboa,São Brás
90077,Águeda,Aveiro,Águeda
90078,Torres Vedras,Lisboa,Carvoeira
90079,Esposende,Braga,Rio Tinto
90080,Aveiro,Aveiro,Glória
90081,Amares,Braga,Sequeiros
90082,Anadia,Aveiro,Avelãs De Caminho
90083,Vinhais,Bragança,Vilar De Ossos
90084,Alijó,Vila Real,Casal De Loivos
90085,Vila Nova De Gaia,Porto,Arcozelo
90086,São Pedro Do Sul,Viseu,Bordonhos
90087,Braga,Braga,Penso (São Vicente)
90088,Guimarães,Braga,Pencelo
90089,Nelas,Viseu,Nelas
90090,Seia,Guarda,Carragozela
90091,Resende,Viseu,Cárquere
90092,Batalha,Leiria,Reguengo Do Fetal
90093,Lousada,Porto,Vilar Do Torno E Alentém
90094,Oleiros,Castelo Branco,Amieira
90095,Alfândega Da Fé,Bragança,Eucisia
90096,Celorico Da Beira,Guarda,Casas Do Soeiro
90097,Tomar,Santarém,Asseiceira
90098,Sabugal,Guarda,Baraçal
90099,Vila Verde,Braga,Azões
90100,Fronteira,Portalegre,São Saturnino
90101,Armamar,Viseu,Queimada
90102,Guarda,Guarda,Benespera
90103,Alfândega Da Fé,Bragança,Valverde
90104,Celorico Da Beira,Guarda,Vide Entre Vinhas
90105,Carrazeda De Ansiães,Bragança,Zedes
90106,Bragança,Bragança,Pombares
90107,Ponte De Lima,Viana Do Castelo,Vitorino Das Donas
90108,Guarda,Guarda,Aldeia Do Bispo
90109,Montalegre,Vila Real,Morgade
90110,Esposende,Braga,Apúlia
90111,Guimarães,Braga,Gémeos
90112,Penamacor,Castelo Branco,Aldeia Do Bispo
90113,Ponte Da Barca,Viana Do Castelo,Oleiros
90114,Melgaço,Viana Do Castelo,Gave
90115,Boticas,Vila Real,Fiães Do Tâmega
90116,Amarante,Porto,Figueiró (Santa Cristina)
90117,Abrantes,Santarém,Bemposta
90118,Penafiel,Porto,Paredes
90119,Maia,Porto,Maia
90120,Felgueiras,Porto,Moure
90121,Santiago Do Cacém,Setúbal,Santo André
90122,Vila Nova De Gaia,Porto,Pedroso
90123,Vila Nova De Gaia,Porto,Sermonde
90124,Arganil,Coimbra,Cerdeira
90125,Macedo De Cavaleiros,Bragança,Castelãos
90126,Castro Daire,Viseu,Cabril
90127,Montalegre,Vila Real,Negrões
90128,Condeixa-A-Nova,Coimbra,Bem Da Fé
90129,Arruda Dos Vinhos,Lisboa,Santiago Dos Velhos
90130,Santo Tirso,Porto,Rebordões
90131,Peso Da Régua,Vila Real,Sedielos
90132,Valpaços,Vila Real,Rio Torto
90133,Torres Novas,Santarém,Ribeira Branca
90134,Elvas,Portalegre,São Vicente E Ventosa
90135,Cabeceiras De Basto,Braga,Abadim
90136,Seia,Guarda,Paranhos
90137,Fornos De Algodres,Guarda,Casal Vasco
90138,Vila Nova Da Barquinha,Santarém,Moita Do Norte
90139,Ponte De Lima,Viana Do Castelo,Boalhosa
90140,Mafra,Lisboa,Carvoeira
90141,Terras De Bouro,Braga,Carvalheira
90142,Arouca,Aveiro,Santa Eulália
90143,Fornos De Algodres,Guarda,Maceira
90144,Vila Nova De Gaia,Porto,Canelas
90145,Ourém,Santarém,Matas
90146,Cascais,Lisboa,Cascais
90147,Fornos De Algodres,Guarda,Fornos De Algodres
90148,Montalegre,Vila Real,Cambeses Do Rio
90149,Vila Pouca De Aguiar,Vila Real,Lixa Do Alvão
90150,Setúbal,Setúbal,Setúbal (Santa Maria Da Graça)
90151,Santo Tirso,Porto,Burgães
90152,Matosinhos,Porto,Custóias
90153,Valpaços,Vila Real,Carrazedo De Montenegro
90154,Viana Do Castelo,Viana Do Castelo,Areosa
90155,Caminha,Viana Do Castelo,Vilar De Mouros
90156,Torres Novas,Santarém,Alcorochel
90157,Elvas,Portalegre,Assunção
90158,Braga,Braga,Lamas
90159,Coimbra,Coimbra,São João Do Campo
90160,Vila Franca De Xira,Lisboa,Alhandra
90161,Matosinhos,Porto,Santa Cruz Do Bispo
90162,Torres Vedras,Lisboa,Silveira
90163,Vila Flor,Bragança,Vale Frechoso
90164,Seia,Guarda,Sameice
90165,Montalegre,Vila Real,Vila Da Ponte
90166,Barcelos,Braga,Campo
90167,Arganil,Coimbra,Pombeiro Da Beira
90168,Penedono,Viseu,Póvoa De Penela
90169,Barcelos,Braga,Negreiros
90170,Abrantes,Santarém,Alvega
90171,Torres Novas,Santarém,Parceiros De Igreja
90172,Fundão,Castelo Branco,Alpedrinha
90173,Figueira De Castelo Rodrigo,Guarda,Reigada
90174,Viseu,Viseu,Viseu (Coração De Jesus)
90175,Oliveira De Azeméis,Aveiro,Pinheiro Da Bemposta
90176,Sátão,Viseu,São Miguel De Vila Boa
90177,Torres Vedras,Lisboa,São Pedro Da Cadeira
90178,Vila Pouca De Aguiar,Vila Real,Pensalvos
90179,Marco De Canaveses,Porto,Torrão
90180,Mortágua,Viseu,Mortágua
90181,Vila Flor,Bragança,Roios
90182,Reguengos De Monsaraz,Évora,Campo
90183,Pinhel,Guarda,Freixedas
90184,Mação,Santarém,Carvoeiro
90185,Resende,Viseu,São João De Fontoura
90186,Barcelos,Braga,Alvelos
90187,Torres Vedras,Lisboa,Freiria
90188,Proença-A-Nova,Castelo Branco,Montes Da Senhora
90189,Mértola,Beja,São Sebastião Dos Carros
90190,Figueira Da Foz,Coimbra,Borda Do Campo
90191,Alfândega Da Fé,Bragança,Saldonha
90192,Coimbra,Coimbra,São Martinho Do Bispo
90193,Vimioso,Bragança,Pinelo
90194,Monção,Viana Do Castelo,Trute
90195,Bragança,Bragança,Castrelos
90196,Caldas Da Rainha,Leiria,Salir De Matos
90197,Tomar,Santarém,Tomar (São João Baptista)
90198,Bragança,Bragança,Rebordãos
90199,Guarda,Guarda,Pêro Soares
90200,Guarda,Guarda,Vila Cortês Do Mondego
90201,Lisboa,Lisboa,Anjos
90202,Leiria,Leiria,Pousos
90203,Sabrosa,Vila Real,São Cristovão Do Douro
90204,Viana Do Castelo,Viana Do Castelo,Mazarefes
90205,Vila Do Conde,Porto,Malta
90206,Monção,Viana Do Castelo,Luzio
90207,Trancoso,Guarda,Cótimos
90208,Boticas,Vila Real,Codessoso
90209,Oeiras,Lisboa,Paço De Arcos
90210,Sintra,Lisboa,Sintra (São Pedro De Penaferrim)
90211,Paredes,Porto,Castelões De Cepeda
90212,Vila Do Conde,Porto,Fajozes
90213,Vila Nova De Foz Côa,Guarda,Castelo Melhor
90214,Guimarães,Braga,Tabuadelo
90215,Amares,Braga,Lago
90216,Terras De Bouro,Braga,Vilar Da Veiga
90217,Vila Nova De Paiva,Viseu,Queiriga
90218,Pinhel,Guarda,Pínzio
90219,Baião,Porto,Valadares
90220,Sabrosa,Vila Real,São Lourenço De Ribapinhão
90221,Tábua,Coimbra,Póvoa De Midões
90222,Guarda,Guarda,Arrifana
90223,Soure,Coimbra,Alfarelos
90224,Abrantes,Santarém,São Facundo
90225,Vila Do Conde,Porto,Bagunte
90226,Guimarães,Braga,Calvos
90227,Penafiel,Porto,Eja
90228,Torres Novas,Santarém,Torres Novas (São Pedro)
90229,Sintra,Lisboa,Algueirão-Mem Martins
90230,Ourém,Santarém,Formigais
90231,Palmela,Setúbal,Marateca
90232,Vila Do Conde,Porto,Vilar De Pinheiro
90233,Moimenta Da Beira,Viseu,Sever
90234,Montemor-O-Velho,Coimbra,Seixo De Gatões
90235,Vila Viçosa,Évora,Ciladas
90236,Leiria,Leiria,Regueira De Pontes
90237,Macedo De Cavaleiros,Bragança,Vilar Do Monte
90238,Chaves,Vila Real,Águas Frias
90239,Cabeceiras De Basto,Braga,Refojos De Basto
90240,Coimbra,Coimbra,Taveiro
90241,Vila Real,Vila Real,Justes
90242,Borba,Évora,Borba (Matriz)
90243,Ponte De Lima,Viana Do Castelo,Navió
90244,Silves,Faro,Armação De Pêra
90245,Condeixa-A-Nova,Coimbra,Anobra
90246,Sabrosa,Vila Real,Celeirós
90247,Torres Novas,Santarém,Riachos
90248,Covilhã,Castelo Branco,Aldeia De São Francisco De Assis
90249,Valença,Viana Do Castelo,São Pedro Da Torre
90250,Montalegre,Vila Real,Montalegre
90251,Vale De Cambra,Aveiro,Macieira De Cambra
90252,Arcos De Valdevez,Viana Do Castelo,Santar
90253,Alandroal,Évora,Juromenha (Nossa Senhora Do Loreto)
90254,Mêda,Guarda,Barreira
90255,Serpa,Beja,Serpa (Santa Maria)
90256,Vila Real,Vila Real,Abaças
90257,Mirandela,Bragança,Franco
90258,Évora,Évora,Sé E São Pedro
90259,Gouveia,Guarda,Vila Franca Da Serra
90260,Chaves,Vila Real,Santa Maria Maior
90261,Mirandela,Bragança,Caravelas
90262,Portalegre,Portalegre,Alegrete
90263,Bragança,Bragança,Rio De Onor
90264,Sernancelhe,Viseu,Sernancelhe
90265,Sátão,Viseu,Romãs
90266,Montemor-O-Velho,Coimbra,Gatões
90267,Viseu,Viseu,Santos Evos
90268,Crato,Portalegre,Vale Do Peso
90269,Tabuaço,Viseu,Sendim
90270,Montijo,Setúbal,Santo Isidro De Pegões
90271,Tábua,Coimbra,Carapinha
90272,Bragança,Bragança,Rebordainhos
90273,Portimão,Faro,Mexilhoeira Grande
90274,Vieira Do Minho,Braga,Vieira Do Minho
90275,Portalegre,Portalegre,Sé
90276,Vila Nova De Gaia,Porto,Serzedo
90277,Leiria,Leiria,Parceiros
90278,Almeida,Guarda,Freixo
90279,Mogadouro,Bragança,Ventozelo
90280,Setúbal,Setúbal,Setúbal (São Julião)
90281,Felgueiras,Porto,Jugueiros
90282,Cadaval,Lisboa,Vermelha
90283,Barcelos,Braga,Midões
90284,Barcelos,Braga,Bastuço (São João)
90285,Gouveia,Guarda,Melo
90286,Évora,Évora,São Miguel De Machede
90287,Moimenta Da Beira,Viseu,Rua
90288,Sever Do Vouga,Aveiro,Cedrim
90289,Fafe,Braga,Pedraído
90290,Torres Vedras,Lisboa,Maceira
90291,Alcobaça,Leiria,Coz
90292,Olhão,Faro,Pechão
90293,Estremoz,Évora,Santo Estêvão
90294,Bragança,Bragança,Pinela
90295,Chaves,Vila Real,Lama De Arcos
90296,Sabugal,Guarda,Fóios
90297,Sernancelhe,Viseu,Faia
90298,Paredes,Porto,Louredo
90299,Nisa,Portalegre,Montalvão
90300,Figueira Da Foz,Coimbra,Vila Verde
90301,Tabuaço,Viseu,Barcos
90302,Loures,Lisboa,Bobadela
90303,Santo Tirso,Porto,Monte Córdova
90304,Trancoso,Guarda,Vale Do Seixo
90305,Vila Nova De Gaia,Porto,Mafamude
90306,Fronteira,Portalegre,Fronteira
90307,Avis,Portalegre,Maranhão
90308,Mirandela,Bragança,Navalho
90309,Resende,Viseu,Panchorra
90310,Maia,Porto,Milheirós
90311,Santa Maria Da Feira,Aveiro,Canedo
90312,Melgaço,Viana Do Castelo,Parada Do Monte
90313,Lisboa,Lisboa,Charneca
90314,Idanha-A-Nova,Castelo Branco,Idanha-A-Velha
90315,Paredes,Porto,Beire
90316,Vila Velha De Ródão,Castelo Branco,Perais
90317,Mirandela,Bragança,Cedães
90318,Ansião,Leiria,Lagarteira
90319,Azambuja,Lisboa,Alcoentre
90320,Póvoa De Lanhoso,Braga,Lanhoso
90321,Barcelos,Braga,Alvito (São Pedro)
90322,Sabugal,Guarda,Vale Longo
90323,Paredes,Porto,Parada De Todeia
90324,Penalva Do Castelo,Viseu,Matela
90325,Mangualde,Viseu,Cunha Alta
90326,Maia,Porto,Vila Nova Da Telha
90327,Fafe,Braga,Seidões
90328,Pinhel,Guarda,Santa Eufémia
90329,Mértola,Beja,Santana De Cambas
90330,Aveiro,Aveiro,São Jacinto
90331,Santiago Do Cacém,Setúbal,Abela
90332,Vila Pouca De Aguiar,Vila Real,Capeludos
90333,Azambuja,Lisboa,Vila Nova De São Pedro
90334,Lamego,Viseu,Samodães
90335,Amarante,Porto,Chapa
90336,Viseu,Viseu,Silgueiros
90337,Fornos De Algodres,Guarda,Juncais
90338,Arcos De Valdevez,Viana Do Castelo,Loureda
90339,Vila Real De Santo António,Faro,Vila Real De Santo António
90340,Penafiel,Porto,Rio De Moinhos
90341,Vila Nova De Gaia,Porto,Vilar De Andorinho
90342,Lousã,Coimbra,Vilarinho
90343,Lousada,Porto,Cristelos
90344,Matosinhos,Porto,Leça Do Balio
90345,Lamego,Viseu,Magueija
90346,Arcos De Valdevez,Viana Do Castelo,Soajo
90347,Torres Novas,Santarém,Olaia
90348,Almeida,Guarda,Aldeia Nova
90349,Aguiar Da Beira,Guarda,Forninhos
90350,Santa Marta De Penaguião,Vila Real,Sanhoane
90351,Mangualde,Viseu,Mesquitela
90352,Castro Daire,Viseu,Gosende
90353,Valpaços,Vila Real,Vales
90354,Santo Tirso,Porto,Campo (São Martinho)
90355,Proença-A-Nova,Castelo Branco,São Pedro Do Esteval
90356,Viseu,Viseu,Boa Aldeia
90357,Loures,Lisboa,Loures
90358,Maia,Porto,Avioso (São Pedro)
90359,Melgaço,Viana Do Castelo,Cristoval
90360,Mogadouro,Bragança,Vila De Ala
90361,Almeirim,Santarém,Fazendas De Almeirim
90362,Braga,Braga,Esporões
90363,Vila Do Conde,Porto,Mosteiró
90364,Armamar,Viseu,São Romão
90365,Oliveira Do Hospital,Coimbra,Avô
90366,Vila Nova De Famalicão,Braga,Antas
90367,Coimbra,Coimbra,Eiras
90368,Viana Do Castelo,Viana Do Castelo,Carreço
90369,Fundão,Castelo Branco,Póvoa De Atalaia
90370,Oliveira De Frades,Viseu,São Vicente De Lafões
90371,Ponte De Lima,Viana Do Castelo,Fornelos
90372,Guimarães,Braga,Souto (Santa Maria)
90373,Baião,Porto,Teixeiró
90374,Paços De Ferreira,Porto,Ferreira
90375,Póvoa De Lanhoso,Braga,Póvoa De Lanhoso (Nossa Senhora Do Amparo)
90376,Viana Do Castelo,Viana Do Castelo,Afife
90377,Vila Verde,Braga,Cervães
90378,Amarante,Porto,Figueiró (Santiago)
90379,Fornos De Algodres,Guarda,Vila Soeiro Do Chão
90380,Ferreira Do Alentejo,Beja,Figueira Dos Cavaleiros
90381,Alcobaça,Leiria,Aljubarrota (Prazeres)
90382,Miranda Do Corvo,Coimbra,Rio Vide
90383,Vila Do Conde,Porto,Ferreiró
90384,Lisboa,Lisboa,Ajuda
90385,Viseu,Viseu,Torredeita
90386,Lamego,Viseu,Penajóia
90387,Amarante,Porto,Fridão
90388,Freixo De Espada À Cinta,Bragança,Mazouco
90389,Évora,Évora,Évora (Santo Antão)
90390,Gouveia,Guarda,Folgosinho
90391,Sintra,Lisboa,Massamá
90392,Fafe,Braga,Aboim
90393,Seia,Guarda,Travancinha
90394,Mirandela,Bragança,Frechas
90395,Torres Vedras,Lisboa,Matacães
90396,Vila Nova De Cerveira,Viana Do Castelo,Lovelhe
90397,Penalva Do Castelo,Viseu,Ínsua
90398,Castro Daire,Viseu,Reriz
90399,Baião,Porto,Gestaçô
90400,Fafe,Braga,São Gens
90401,Vila Nova Da Barquinha,Santarém,Vila Nova Da Barquinha
90402,Marco De Canaveses,Porto,Toutosa
90403,Alijó,Vila Real,Favaios
90404,Braga,Braga,Nogueiró
90405,Covilhã,Castelo Branco,Unhais Da Serra
90406,Covilhã,Castelo Branco,Casegas
90407,Alcobaça,Leiria,Bárrio
90408,Vila Do Conde,Porto,Vila Chã
90409,Vieira Do Minho,Braga,Caniçada
90410,Avis,Portalegre,Valongo
90411,Ansião,Leiria,Alvorge
90412,Melgaço,Viana Do Castelo,Roussas
90413,Viana Do Castelo,Viana Do Castelo,Mujães
90414,Pombal,Leiria,Pombal
90415,Alenquer,Lisboa,Aldeia Gavinha
90416,Alcoutim,Faro,Alcoutim
90417,Paredes De Coura,Viana Do Castelo,Linhares
90418,Sintra,Lisboa,Montelavar
90419,Montemor-O-Velho,Coimbra,Verride
90420,Vila Nova De Famalicão,Braga,Portela
90421,Fundão,Castelo Branco,Donas
90422,Nisa,Portalegre,Tolosa
90423,Coimbra,Coimbra,Coimbra (São Bartolomeu)
90424,Barcelos,Braga,Barqueiros
90425,Sabugal,Guarda,Santo Estêvão
90426,Oliveira De Frades,Viseu,Souto De Lafões
90427,Loures,Lisboa,Apelação
90428,Setúbal,Setúbal,São Simão
90429,Fafe,Braga,Vila Cova
90430,Santa Comba Dão,Viseu,Couto Do Mosteiro
90431,Trancoso,Guarda,Moreira De Rei
90432,Pinhel,Guarda,Póvoa D El-Rei
90433,Alfândega Da Fé,Bragança,Vilar Chão
90434,Penafiel,Porto,Galegos
90435,Trancoso,Guarda,Aldeia Nova
90436,Póvoa De Lanhoso,Braga,Taíde
90437,Oleiros,Castelo Branco,Madeirã
90438,Loures,Lisboa,São Julião Do Tojal
90439,Arcos De Valdevez,Viana Do Castelo,Giela
90440,Chaves,Vila Real,Mairos
90441,Rio Maior,Santarém,Ribeira De São João
90442,Ponte De Lima,Viana Do Castelo,Seara
90443,Castelo Branco,Castelo Branco,Castelo Branco
90444,Viana Do Castelo,Viana Do Castelo,Subportela
90445,Viana Do Alentejo,Évora,Viana Do Alentejo
90446,Vila Nova De Famalicão,Braga,Carreira
90447,Lousã,Coimbra,Casal De Ermio
90448,Guimarães,Braga,Selho (São Lourenço)
90449,Amadora,Lisboa,Brandoa
90450,Viseu,Viseu,Cota
90451,Miranda Do Douro,Bragança,Vila Chã De Braciosa
90452,Vila Pouca De Aguiar,Vila Real,Vreia De Bornes
90453,Arraiolos,Évora,São Gregório
90454,Coimbra,Coimbra,Ceira
90455,Tavira,Faro,Cabanas De Tavira
90456,Seia,Guarda,Lapa Dos Dinheiros
90457,Moura,Beja,Safara
90458,Tondela,Viseu,Sabugosa
90459,Chaves,Vila Real,Moreiras
90460,Lagos,Faro,Luz
90461,Beja,Beja,Nossa Senhora Das Neves
90462,Trancoso,Guarda,Granja
90463,Penafiel,Porto,Bustelo
90464,Baião,Porto,Campelo
90465,Oliveira Do Hospital,Coimbra,Lagos Da Beira
90466,Ponte De Sor,Portalegre,Vale De Açor
90467,Torres Novas,Santarém,Zibreira
90468,Ponte Da Barca,Viana Do Castelo,Touvedo (Salvador)
90469,Marvão,Portalegre,Santo António Das Areias
90470,Sabrosa,Vila Real,Paradela De Guiães
90471,Rio Maior,Santarém,Arrouquelas
90472,Macedo De Cavaleiros,Bragança,Talhinhas
90473,Bombarral,Leiria,Roliça
90474,Montalegre,Vila Real,Outeiro
90475,Amares,Braga,Ferreiros
90476,Condeixa-A-Nova,Coimbra,Belide
90477,Lisboa,Lisboa,Castelo
90478,Lisboa,Lisboa,Socorro
90479,Mesão Frio,Vila Real,Mesão Frio (São Nicolau)
90480,Mirandela,Bragança,Pereira
90481,Lisboa,Lisboa,Alvalade
90482,Lisboa,Lisboa,Santos-O-Velho
90483,Lisboa,Lisboa,Santa Maria De Belém
90484,Lisboa,Lisboa,São Mamede
90485,Lisboa,Lisboa,São Domingos De Benfica
90486,Lisboa,Lisboa,Santa Isabel
90487,Porto,Porto,Paranhos
90488,Lisboa,Lisboa,Penha De França
90489,Lisboa,Lisboa,São Miguel
90490,Porto,Porto,Lordelo Do Ouro
90491,Lousada,Porto,União Das Freguesias De Figueiras E Covas
90492,Porto,Porto,Bonfim
90493,Chaves,Vila Real,União Das Freguesias De Calvão E Soutelinho Da Raia
90494,Vila Nova De Gaia,Porto,União Das Freguesias De Gulpilhares E Valadares
90495,Porto,Porto,Cedofeita
90496,Porto,Porto,Nevogilde
90497,Porto,Porto,Foz Do Douro
90498,Lisboa,Lisboa,Prazeres
90499,Peniche,Leiria,Ajuda
90500,Amarante,Porto,"União Das Freguesias De Bustelo, Carneiro E Carvalho De Rei"
