id,data,year,gust_max,is_dry_day,is_high_wind_day,location_id,precip_hours,precip_sum,pressure_msl,radiation,sunshine,temp_max,temp_mean,temp_min,wind_dir,wind_max
129,20240102,2024,70.2,false,false,438,,37.4,,0.59,0,13.4,11.25,9.1,184,25.8
130,20240102,2024,40.7,false,false,2953,,10.5,,2.22,2008.01,15.8,11.8,7.8,214,22.7
131,20240102,2024,51.8,false,false,1996,,12.8,,1.58,0,15.9,12.8,9.7,180,27.8
132,20240102,2024,66.2,false,true,495,,41.8,,1.13,0,9.9,6.800000000000001,3.7,229,32.8
133,20240102,2024,64.4,false,false,523,,28.9,,1.37,0,11.3,7.15,3,226,29.7
134,20240102,2024,55.8,false,false,323,,32.1,,1.51,0,14.4,11.4,8.4,208,28.8
135,20240102,2024,67.7,false,false,1450,,38.5,,1.25,0,12.5,8.55,4.6,217,28
136,20240102,2024,58.7,false,false,1581,,47.2,,0.68,0,12.7,10.649999999999999,8.6,195,18.9
137,20240102,2024,66.2,false,false,919,,65,,0.84,0,11.4,8.4,5.4,227,22.2
138,20240102,2024,56.9,false,false,453,,43.8,,0.61,0,12.7,10.45,8.2,188,21.3
139,20240102,2024,58.7,false,false,2621,,47.2,,0.68,0,10.7,8.6,6.5,195,18.9
659,20240105,2024,43.2,false,false,386,,3.1,,8.76,30613.32,13.6,10.35,7.1,311,23.1
831,20240106,2024,14.8,true,false,3221,,0,,7.55,28291.45,8.9,4.3500000000000005,-0.2,50,7.3
832,20240106,2024,20.2,true,false,688,,0,,8.15,27374.58,11,7.45,3.9,31,10.9
833,20240106,2024,16.9,true,false,1122,,0,,7.71,28069.88,8.5,4,-0.5,40,7.4
834,20240106,2024,18.7,true,false,2191,,0,,7.9,28072.28,10.2,5.6,1,31,7.9
835,20240106,2024,25.9,true,false,729,,0,,9.87,31470.59,13.8,10.45,7.1,358,13.7
836,20240106,2024,17.6,true,false,2229,,0,,8.14,30773.45,13.4,8.45,3.5,324,9.3
837,20240106,2024,20.9,true,false,774,,0,,7.8,28086.46,11.1,6.35,1.6,46,11.5
838,20240106,2024,21.6,true,false,245,,0,,7.9,28020.7,11.7,7.35,3,24,10.9
839,20240106,2024,25.2,true,false,2198,,0,,8.28,26662.61,11.1,7.4,3.7,339,12
840,20240106,2024,17.6,true,false,2804,,0,,7.37,28917.97,11.1,6.3999999999999995,1.7,63,7.3
841,20240106,2024,18.4,true,false,333,,0,,8.39,29504.31,10.6,5.95,1.3,72,7.7
1105,20240107,2024,25.2,true,false,2499,,0,,9.17,29898.48,10.2,4.85,-0.5,83,10.5
1106,20240107,2024,15.8,true,false,1145,,0,,9.2,30210.46,11.3,8.8,6.3,36,6.2
1107,20240107,2024,16.2,true,false,388,,0,,9.01,26688.37,12.3,7.3500000000000005,2.4,24,6.8
1108,20240107,2024,15.5,true,false,1984,,0,,9.04,29867.19,8.1,2.9499999999999997,-2.2,74,8.7
1109,20240107,2024,11.9,true,false,1234,,0,,9.96,30707.2,14,8.25,2.5,296,7.2
1110,20240107,2024,13.7,true,false,188,,0,,10.17,31080.76,12.6,7.4,2.2,45,5.6
1585,20240108,2024,22.7,false,false,203,,3.8,,4.17,2136.88,12.8,9.15,5.5,72,10.7
1586,20240108,2024,17.6,false,false,1133,,2.2,,2.44,0,7.6,4.05,0.5,101,8.3
1587,20240108,2024,24.5,false,false,2377,,5.3,,2.68,0,4.8,1.9,-1,88,12.2
1588,20240108,2024,15.1,false,false,504,,2.5,,3.19,1669.61,2.6,0.9,-0.8,107,4.9
1589,20240108,2024,18.4,false,false,777,,2.9,,2.53,0,10.4,6.300000000000001,2.2,80,10.3
1590,20240108,2024,31.3,false,false,2492,,7.3,,4.41,1415.6,10.4,7.550000000000001,4.7,122,16.3
2509,20240109,2024,27.7,false,false,1133,,8.2,,2.97,513.6,6.3,3.4499999999999997,0.6,164,9.7
2510,20240109,2024,27,false,false,320,,3.2,,2.99,1303.21,10.9,8.25,5.6,75,15.3
2511,20240109,2024,28.1,true,false,850,,0,,3.56,3442.21,13.2,11.399999999999999,9.6,110,14.2
2512,20240109,2024,23.4,false,false,561,,6.9,,3.05,281.17,2.4,0.44999999999999996,-1.5,107,8
2513,20240109,2024,23.8,false,false,445,,5.9,,2.81,1053.01,5.4,2.7,0,179,10
2514,20240109,2024,12.2,false,false,725,,3.8,,2.9,3397.03,4.8,1.7,-1.4,64,4.7
2515,20240109,2024,24.1,false,false,359,,5.9,,2.97,0,6.8,4.95,3.1,74,10.5
2516,20240109,2024,22,false,false,2878,,3.4,,2.58,0,4.5,2.45,0.4,92,6.1
2517,20240109,2024,28.8,false,false,2063,,3.8,,2.15,0,7.8,5.65,3.5,139,10
2518,20240109,2024,13.3,false,false,942,,3,,4.06,12237.51,6.4,3.35,0.3,42,6.9
2579,20240109,2024,13.3,false,false,1681,,3,,4.06,12237.51,5.9,2.85,-0.2,42,6.9
2580,20240109,2024,16.6,false,false,3017,,1.7,,4.47,9318.42,7.4,3.75,0.1,85,7.3
2581,20240109,2024,27,false,false,739,,4.1,,2.14,0,9,6.55,4.1,152,11.3
2582,20240109,2024,25.2,false,false,558,,5,,3.29,1557.41,7.2,5.15,3.1,107,9.4
2583,20240109,2024,20.5,false,false,653,,3.3,,2.59,2984.09,8.2,5.85,3.5,106,9
2615,20240109,2024,21.2,false,false,2308,,1.4,,4.54,8767,8.1,4.1,0.1,156,9
2519,20240110,2024,21.6,false,false,942,,7.2,,2.15,192.06,7.8,5.6,3.4,287,10.5
2584,20240110,2024,37.1,false,false,653,,8.8,,1.53,0,8.3,7.1000000000000005,5.9,241,13.8
2616,20240110,2024,31.3,false,false,2308,,1.4,,2.39,0,8.4,7.050000000000001,5.7,249,15.8
4247,20240110,2024,17.3,false,false,2475,,0.4,,7.67,28661.2,15,11.6,8.2,256,8.4
4248,20240110,2024,17.3,false,false,2616,,0.3,,5.89,22584.16,14.1,10.2,6.3,279,8.4
4249,20240110,2024,23.4,false,false,1933,,7.1,,2.24,315.94,7.9,5.4,2.9,119,10
4250,20240110,2024,25.9,false,false,2091,,0.4,,5.18,15041.56,12.9,9.35,5.8,268,11.6
4251,20240110,2024,18.4,true,false,425,,0,,9.02,31068.06,15.2,10.899999999999999,6.6,295,10
4252,20240110,2024,28.1,false,false,1411,,2.9,,2.38,175.19,7,4.75,2.5,224,12.3
2520,20240111,2024,19.8,false,false,942,,0.1,,7.74,27917.29,8.6,4.1499999999999995,-0.3,28,10
2585,20240111,2024,36.7,true,false,653,,0,,9.22,30032.17,8,4.5,1,80,15.2
2617,20240111,2024,32.4,false,false,2308,,0.4,,8.39,28170.11,7.9,4.5,1.1,54,13.7
4283,20240111,2024,37.8,true,false,2942,,0,,9.26,30305.95,6.8,4.1,1.4,109,11.9
2521,20240112,2024,36,true,false,942,,0,,7.64,30090.63,8.2,4.75,1.3,74,17.8
2586,20240112,2024,55.4,true,false,653,,0,,8.91,29296.11,7.9,4.9,1.9,88,24.2
2618,20240112,2024,41.4,true,false,2308,,0,,8.65,30511.04,9.6,4.6,-0.4,122,21.4
2522,20240113,2024,19.8,false,false,942,,13.9,,3.33,3807.67,9.9,6.5,3.1,47,9.9
2587,20240113,2024,55.8,false,false,653,,25,,2.42,2943.14,10.9,8.95,7,96,23.8
2619,20240113,2024,51.8,false,false,2308,,1.6,,4.93,16551.67,12,9.65,7.3,165,24.5
2523,20240114,2024,19.8,false,false,942,,14.2,,3.66,10800,12.2,9.8,7.4,50,6.1
2588,20240114,2024,32.4,false,false,653,,51.1,,1.9,649.49,12.8,11.05,9.3,118,11.7
2620,20240114,2024,52.6,false,false,2308,,8.1,,3.68,6578.09,11.5,10.5,9.5,183,27.4
2524,20240115,2024,20.9,false,false,942,,32,,2.8,2870.12,14.2,12,9.8,107,6.6
2589,20240115,2024,32.8,false,false,653,,45.5,,1.78,0,13.4,12.25,11.1,224,12.2
2621,20240115,2024,40,false,false,2308,,22.2,,3.59,3745.39,14.4,12.5,10.6,216,19.8
2525,20240116,2024,48.2,false,false,942,,18.5,,3.57,4836.14,15.2,13.25,11.3,164,23.1
2590,20240116,2024,79.2,false,true,653,,47.2,,3.52,12002.94,15.4,13.4,11.4,178,30.5
2622,20240116,2024,69.8,false,true,2308,,7.7,,5.77,20350.33,14.5,13.25,12,182,35.3
2526,20240117,2024,52.9,false,false,942,,31.5,,3.71,9621.72,12.6,11.3,10,194,21
2591,20240117,2024,78.8,false,true,653,,73.3,,2.08,609.58,11.5,10.15,8.8,221,30.5
2623,20240117,2024,69.8,false,true,2308,,11,,5.67,26957.85,12.5,11.15,9.8,223,35.2
2527,20240118,2024,37.1,false,false,942,,4.9,,5.44,15296.32,12.6,10.35,8.1,204,15.6
2592,20240118,2024,64.8,false,false,653,,17.8,,4.14,7540.32,10,8.7,7.4,232,26
2624,20240118,2024,49.7,false,false,2308,,5.5,,5.11,17136.45,11.8,10.2,8.6,239,25.6
2528,20240119,2024,46.4,false,false,942,,0.3,,7.8,28572.48,11.2,7.55,3.9,54,24.1
2593,20240119,2024,32.4,false,false,653,,0.1,,8.59,28932.77,12.2,8.149999999999999,4.1,60,13.4
2625,20240119,2024,44.3,false,false,2308,,9.6,,5.02,15966.89,8.4,4.5,0.6,30,21.1
2529,20240120,2024,13.7,true,false,942,,0,,10.58,30948.31,6.8,3.4,0,172,6.5
2594,20240120,2024,25.2,true,false,653,,0,,10.4,30870.39,9.5,5.25,1,109,11.6
2626,20240120,2024,21.2,true,false,2308,,0,,11.08,31325.77,7.1,1.65,-3.8,56,12
2530,20240121,2024,12.2,true,false,942,,0,,5.29,19933.32,7.5,3.3,-0.9,22,5.2
2595,20240121,2024,19.8,true,false,653,,0,,2.86,168.41,10.4,6.1000000000000005,1.8,127,7.5
2627,20240121,2024,20.9,true,false,2308,,0,,10.42,31366.28,12.2,6.1499999999999995,0.1,183,11.3
2531,20240122,2024,13,false,false,942,,0.1,,2.58,157.74,10.2,8.45,6.7,96,5
2596,20240122,2024,19.4,false,false,653,,8.1,,1.75,0,10.7,9.399999999999999,8.1,155,6.8
2628,20240122,2024,32.8,true,false,2308,,0,,6.97,21234.57,12.7,8.7,4.7,225,14.8
2532,20240123,2024,14,true,false,942,,0,,5.36,18000,13.6,10.5,7.4,23,6.5
2597,20240123,2024,18.4,false,false,653,,0.6,,7.48,27817.03,16.2,11.95,7.7,112,8
2629,20240123,2024,21.2,true,false,2308,,0,,9.51,27726.95,16.6,11.9,7.2,108,9.7
2533,20240124,2024,14.8,true,false,942,,0,,8.22,24755.83,13.6,10.55,7.5,6,7.3
2598,20240124,2024,24.1,true,false,653,,0,,10.12,31140.2,19.4,13.549999999999999,7.7,99,11.9
2630,20240124,2024,20.9,true,false,2308,,0,,8.57,23551.15,15.2,10.75,6.3,97,8.8
103,20240125,2024,14.4,true,false,1168,,0,,10.57,31210.66,15.6,11.4,7.2,50,8.7
104,20240125,2024,35.6,true,false,2712,,0,,10.68,31208,15.9,10.8,5.7,165,11.7
2534,20240125,2024,14,true,false,942,,0,,8.36,30129.61,12.5,9.1,5.7,351,5.1
2599,20240125,2024,15.8,true,false,653,,0,,10.5,31200.08,18,13.5,9,112,5.7
2631,20240125,2024,19.4,true,false,2308,,0,,10.11,31635.75,14.3,9.15,4,63,9.1
105,20240126,2024,13.3,true,false,1315,,0,,8.38,24646.43,15.7,11.1,6.5,50,6.4
2535,20240126,2024,15.1,true,false,942,,0,,9.33,29145.1,13.4,8.55,3.7,336,5.8
2600,20240126,2024,28.8,true,false,653,,0,,9.82,30104.81,18.8,13.25,7.7,92,13
2632,20240126,2024,20.5,true,false,2308,,0,,8.77,23849.04,11.6,8.65,5.7,46,7.6
106,20240127,2024,32,true,false,647,,0,,8.99,29768.63,18.6,12.950000000000001,7.3,115,11.8
107,20240127,2024,32,true,false,647,,0,,8.99,29768.63,17.4,11.799999999999999,6.2,115,11.8
2536,20240127,2024,14.4,true,false,942,,0,,9.12,31445.41,14.1,8.65,3.2,336,4.7
2601,20240127,2024,30.6,true,false,653,,0,,8.43,30577.7,18.2,13.35,8.5,96,13.3
2633,20240127,2024,22,true,false,2308,,0,,8.77,29520.28,16,9.85,3.7,111,12.3
108,20240128,2024,44.3,true,false,450,,0,,8.64,25241.08,17.5,13.3,9.1,158,17.6
109,20240128,2024,32.8,true,false,1581,,0,,8.8,25402.86,16.1,10.8,5.5,128,10.7
110,20240128,2024,25.6,true,false,829,,0,,8.63,29953.04,12.4,8.6,4.8,126,9.6
111,20240128,2024,20.2,true,false,1823,,0,,8.56,28816.83,14.3,9.850000000000001,5.4,60,10.5
2537,20240128,2024,15.1,true,false,942,,0,,8.65,30873.31,14.3,9.2,4.1,13,5.8
2602,20240128,2024,25.2,true,false,653,,0,,8.74,25304.76,16.4,11.6,6.8,106,9.5
2634,20240128,2024,39.6,true,false,2308,,0,,9.01,31514.74,15.4,12.15,8.9,170,18.4
112,20240129,2024,31,true,false,21,,0,,9.97,31285.12,19.4,15.299999999999999,11.2,165,17.2
113,20240129,2024,21.2,true,false,2665,,0,,9.4,27210.62,13.7,10.2,6.7,143,9.6
114,20240129,2024,29.9,true,false,852,,0,,9.68,29243.97,14.8,10.05,5.3,132,11.8
115,20240129,2024,26.6,false,false,502,,0.8,,9.93,29015.3,11,8.35,5.7,170,10.2
116,20240129,2024,41,true,false,2127,,0,,9.92,31505.54,14.7,10.95,7.2,178,14
117,20240129,2024,34.9,true,false,694,,0,,9.84,30219.94,14.7,11.05,7.4,154,14
118,20240129,2024,29.9,true,false,647,,0,,9.7,29152.89,15.1,11.2,7.3,136,11.6
119,20240129,2024,22.3,true,false,3201,,0,,9.61,31374.15,17.1,12.850000000000001,8.6,98,9.9
2538,20240129,2024,14.8,true,false,942,,0,,9.69,25200,15.7,10.7,5.7,20,6.2
2603,20240129,2024,26.3,true,false,653,,0,,9.62,31359.85,16.7,12.5,8.3,129,10.6
2635,20240129,2024,28.8,true,false,2308,,0,,10.8,30554.23,17.4,13.149999999999999,8.9,170,14.6
120,20240130,2024,23,true,false,2127,,0,,9.56,28988.51,15.7,10.3,4.9,127,7.1
121,20240130,2024,26.3,true,false,3238,,0,,10.12,30784.5,16.9,12.299999999999999,7.7,82,12.7
122,20240130,2024,29.9,true,false,647,,0,,10.28,31223.1,15.7,10.35,5,111,11.5
123,20240130,2024,25.9,true,false,438,,0,,9.52,29153.96,17.8,12.95,8.1,141,8.9
2539,20240130,2024,13,true,false,942,,0,,10.56,31621,15.7,10.149999999999999,4.6,5,5.1
2604,20240130,2024,25.6,true,false,653,,0,,10.19,31272.36,17.2,12.55,7.9,95,11.5
2636,20240130,2024,21.6,true,false,2308,,0,,10.85,31929.82,17.1,12,6.9,152,12.3
124,20240131,2024,18.7,true,false,490,,0,,10.69,30636.85,16.1,10.850000000000001,5.6,103,8.2
125,20240131,2024,18.4,true,false,2942,,0,,11.45,32393.45,17.7,12.95,8.2,114,8.4
126,20240131,2024,24.1,true,false,2782,,0,,11.07,31059.3,17.1,11.8,6.5,55,12.5
127,20240131,2024,27,true,false,385,,0,,12.03,33250.43,18.9,13.95,9,72,13.2
128,20240131,2024,21.2,true,false,1240,,0,,11.31,32178.02,15.1,10.35,5.6,73,11
2540,20240131,2024,15.5,true,false,942,,0,,11.26,32066.77,14.8,9.45,4.1,334,5.8
2605,20240131,2024,27.4,true,false,653,,0,,10.99,31061.83,18.2,13.35,8.5,92,11.5
2637,20240131,2024,22.3,true,false,2308,,0,,10.12,25332.92,13.2,8.899999999999999,4.6,55,8.7
2541,20240201,2024,15.8,true,false,942,,0,,11.26,31745.68,15.1,9.7,4.3,324,6.1
2606,20240201,2024,22.3,true,false,653,,0,,11.29,31518.23,19.1,13.15,7.2,84,7.6
2638,20240201,2024,21.6,true,false,2308,,0,,11.62,31941.64,14.1,9.15,4.2,48,8.6
140,20240202,2024,37.8,true,false,534,,0,,11.81,32847.22,14.6,11.45,8.3,44,17
141,20240202,2024,43.2,true,false,2603,,0,,11.4,32249.12,19.4,14.2,9,88,17.5
142,20240202,2024,34.2,true,false,1646,,0,,11.6,32456.66,12.8,9.100000000000001,5.4,105,10.2
143,20240202,2024,36,true,false,2752,,0,,11.55,32642.53,16.4,10.95,5.5,63,17.7
144,20240202,2024,41.4,true,false,2821,,0,,11.65,32678.67,16.9,13.149999999999999,9.4,98,16.6
145,20240202,2024,34.2,true,false,2562,,0,,11.42,32329.09,18.1,12.15,6.2,74,12.3
146,20240202,2024,40.3,true,false,374,,0,,11.45,32485.33,17.4,14.1,10.8,90,21.3
147,20240202,2024,32.8,true,false,647,,0,,11.76,32813.96,13.4,8.3,3.2,101,11
177,20240202,2024,34.2,true,false,87,,0,,11.42,32329.09,17,11.05,5.1,74,12.3
178,20240202,2024,37.4,true,false,543,,0,,11.75,32796.61,13.9,10.3,6.7,110,13
179,20240202,2024,43.2,true,false,914,,0,,11.4,32249.12,17,11.8,6.6,88,17.5
180,20240202,2024,32.8,true,false,2914,,0,,11.76,32813.96,15.2,10.149999999999999,5.1,101,11
181,20240202,2024,38.9,true,false,1674,,0,,11.43,32386.18,17.1,12.8,8.5,99,19.4
2542,20240202,2024,18,true,false,942,,0,,11.48,32399.19,15.5,9.35,3.2,43,11.6
2607,20240202,2024,43.2,true,false,653,,0,,11.4,32249.12,17.9,12.7,7.5,88,17.5
2639,20240202,2024,29.2,true,false,2308,,0,,11.8,32719.14,14.6,8.25,1.9,57,12.8
148,20240203,2024,34.2,true,false,647,,0,,11.85,33018.34,14.4,9.15,3.9,105,8.7
182,20240203,2024,29.9,true,false,1674,,0,,11.52,32794.09,17.6,12.75,7.9,94,15.3
2543,20240203,2024,18.7,true,false,942,,0,,11.67,32580.36,14.2,10.05,5.9,21,11.4
2608,20240203,2024,42.5,true,false,653,,0,,11.61,32741.75,17.1,12.55,8,89,16
2640,20240203,2024,17.6,true,false,2308,,0,,11.58,32903.72,15.2,8.6,2,99,8.2
149,20240204,2024,18.7,true,false,647,,0,,12.1,32461.01,14,9.4,4.8,86,8.1
183,20240204,2024,18.4,true,false,1674,,0,,11.74,32336.51,18,12.55,7.1,90,9.8
2544,20240204,2024,14.8,true,false,942,,0,,11.8,32861.89,14.8,9.4,4,8,5.5
2609,20240204,2024,18,true,false,653,,0,,11.73,32422.35,16.4,11.75,7.1,77,6.4
2641,20240204,2024,18,true,false,2308,,0,,12.17,33291.91,14.9,9.1,3.3,67,6.6
150,20240205,2024,18.4,true,false,647,,0,,10.01,27293.76,13.2,10.5,7.8,309,6.5
184,20240205,2024,15.5,true,false,1674,,0,,9.63,26539.82,16.9,11.6,6.3,111,7.3
2545,20240205,2024,16.2,true,false,942,,0,,9.85,32492.54,12.9,8.8,4.7,31,5.4
2610,20240205,2024,18.7,true,false,653,,0,,9.5,27075.39,15.4,11.7,8,209,7.6
2642,20240205,2024,15.8,true,false,2308,,0,,10.66,32245.8,14.2,8.75,3.3,185,5.9
151,20240206,2024,21.2,true,false,647,,0,,12.47,33557.7,11.8,7.2,2.6,191,6.9
185,20240206,2024,26.6,true,false,1674,,0,,11.96,33453.03,14.8,10.8,6.8,182,11.9
842,20240206,2024,24.5,true,false,322,,0,,12.04,33431.93,15,10.4,5.8,177,11.3
843,20240206,2024,28.8,true,false,2009,,0,,12.62,33903.59,17.1,12.100000000000001,7.1,266,15.4
844,20240206,2024,26.6,true,false,2847,,0,,11.96,33453.03,14.1,10.1,6.1,182,11.9
845,20240206,2024,25.6,true,false,1808,,0,,12.29,33279.41,15.6,11.8,8,178,13.6
846,20240206,2024,26.6,true,false,358,,0,,12.27,33494.43,13.8,9.75,5.7,200,12.4
847,20240206,2024,23,true,false,1813,,0,,11.9,33297.15,15.1,10.8,6.5,153,10.5
848,20240206,2024,27.4,true,false,1934,,0,,12.31,33495.06,16.6,10.950000000000001,5.3,293,10.8
849,20240206,2024,20.2,true,false,1312,,0,,11.94,33443.01,16.8,11.55,6.3,170,9.8
850,20240206,2024,20.2,true,false,2,,0,,12,33303.34,16.5,11.35,6.2,155,9.7
851,20240206,2024,15.8,true,false,514,,0,,11.86,33389.56,14.3,9.3,4.3,279,7.9
852,20240206,2024,25.9,true,false,726,,0,,12.35,33516,15.6,11.1,6.6,220,11.3
853,20240206,2024,22,true,false,3069,,0,,12.48,33661.01,15.4,11.15,6.9,235,11
854,20240206,2024,27,true,false,1051,,0,,11.94,34215.9,16.6,12.5,8.4,234,13.4
855,20240206,2024,26.6,true,false,2268,,0,,12.95,33863.68,15.4,11.3,7.2,293,12.6
856,20240206,2024,22,true,false,752,,0,,12.48,33661.01,15.4,11.15,6.9,235,11
857,20240206,2024,28.4,true,false,736,,0,,12.92,34215.91,16.6,12.5,8.4,258,13.2
858,20240206,2024,33.1,true,false,1539,,0,,11.82,32966.27,15.4,11.05,6.7,155,13
2546,20240206,2024,17.3,true,false,942,,0,,12.21,33279.54,14.9,9.75,4.6,2,6.1
2611,20240206,2024,24.5,true,false,653,,0,,12.09,33052.46,13.7,9.8,5.9,175,10.4
2643,20240206,2024,31.3,true,false,2308,,0,,12.13,33603.18,15.1,10.2,5.3,240,14.1
152,20240207,2024,45.7,false,false,647,,1.9,,6.81,14995.49,11.1,7.25,3.4,167,16.3
186,20240207,2024,57.6,false,false,1674,,3.1,,5.6,14650.97,15.1,11.6,8.1,189,27.4
1111,20240207,2024,46.4,false,false,2545,,0.2,,6.62,16388.05,14.6,9.7,4.8,212,17.6
1112,20240207,2024,42.8,true,false,419,,0,,11.73,34178.02,18.2,15.649999999999999,13.1,213,22.7
1113,20240207,2024,37.8,false,false,2741,,0.3,,9.1,22699.03,18.4,14.899999999999999,11.4,211,17.6
1114,20240207,2024,35.3,false,false,1952,,0.1,,3.07,1734.1,11.1,6.949999999999999,2.8,237,17.7
1115,20240207,2024,33.5,false,false,186,,0.4,,8.87,21542.32,18.2,14.55,10.9,215,16.8
1116,20240207,2024,37.1,false,false,850,,0.8,,10.93,34429.95,19,15.45,11.9,197,18.4
1117,20240207,2024,35.6,false,false,1104,,0.6,,6.91,16001.96,16.6,11.350000000000001,6.1,217,17.8
1118,20240207,2024,33.1,false,false,33,,0.2,,10.17,26882.77,19,15.1,11.2,217,15.5
2547,20240207,2024,23.4,false,false,942,,0.4,,4.11,8463.69,14.2,10,5.8,177,12.2
2612,20240207,2024,51.1,false,false,653,,5.9,,3.45,318.58,12.2,9.6,7,184,21.2
2644,20240207,2024,42.5,false,false,2308,,0.3,,6.95,21917.8,14,9,4,196,22.3
153,20240208,2024,90.7,false,false,647,,48.7,,1.62,0,7.8,7.05,6.3,167,25.7
187,20240208,2024,86,false,true,1674,,44.3,,1.26,0,13.4,12.25,11.1,190,39.7
1591,20240208,2024,67,false,true,2993,,20.3,,3.31,0,10.8,9.850000000000001,8.9,186,30.7
1592,20240208,2024,75.6,false,true,352,,45.8,,1.21,0,14.8,13.65,12.5,194,37.6
1593,20240208,2024,73.4,false,true,2444,,29.3,,2.14,0,14.2,13.05,11.9,182,38.3
1594,20240208,2024,71.3,false,true,196,,23.2,,1.71,0,17,15.55,14.1,201,39.1
1595,20240208,2024,53.6,false,false,53,,19.6,,2.61,0,14.2,12.5,10.8,172,26.8
1596,20240208,2024,81.4,false,true,910,,48.2,,0.96,0,14.8,13.7,12.6,187,45.8
1597,20240208,2024,79.2,false,true,2879,,24.9,,1.42,0,15.5,14.95,14.4,198,44.2
1598,20240208,2024,66.6,false,true,424,,27.9,,1.72,0,16.3,15.600000000000001,14.9,197,37
1599,20240208,2024,58.3,false,true,2355,,16.9,,3.02,0,16.5,14.25,12,194,30.3
1600,20240208,2024,59,false,false,286,,24.8,,2.12,0,14.5,12.95,11.4,183,25.6
1601,20240208,2024,52.9,false,false,175,,20.6,,2.76,0,14.4,12.3,10.2,189,27.3
1602,20240208,2024,50,false,false,3224,,19.3,,2.81,0,13.8,11.850000000000001,9.9,181,24.4
1603,20240208,2024,86.4,false,true,1495,,44.5,,1.04,0,14.6,13.5,12.4,193,35.7
1604,20240208,2024,82.8,false,true,96,,38.9,,1.38,0,13.2,12,10.8,191,36.1
2548,20240208,2024,43.6,false,false,942,,14.8,,2.12,0,11.1,10.2,9.3,167,22.9
2613,20240208,2024,75.6,false,true,653,,63.4,,0.92,0,11,9.9,8.8,188,31.3
2645,20240208,2024,79.9,false,true,2308,,20.5,,3.31,0,10.1,9.3,8.5,183,38.2
154,20240209,2024,63.7,false,false,647,,40.3,,2.96,3823.08,7.9,6,4.1,246,20.5
188,20240209,2024,58.3,false,false,1674,,41.9,,2.61,10599.9,12.1,10.3,8.5,240,27.9
2549,20240209,2024,45.4,false,false,942,,19.4,,2.52,4640.37,10.9,9.45,8,212,20.8
2614,20240209,2024,49,false,false,653,,37.2,,1.81,2198.06,10,8.3,6.6,234,21.3
2646,20240209,2024,71.3,false,true,2308,,19.9,,3.76,8605.37,11.4,9.1,6.8,227,34.9
2647,20240209,2024,54.4,false,false,1328,,47.3,,2.46,3619.67,12.8,10.95,9.1,233,25
2648,20240209,2024,60.1,false,false,492,,39.3,,1.69,0,12,10,8,234,18.4
2649,20240209,2024,48.2,false,false,527,,25.5,,1.98,0,10.6,9.25,7.9,284,16
2650,20240209,2024,57.6,false,false,705,,24.7,,3.19,3895.43,12.1,10.45,8.8,244,24.4
2651,20240209,2024,60.5,false,false,523,,32.1,,1.62,0,8.8,6.8500000000000005,4.9,238,18.8
2652,20240209,2024,68.8,false,false,558,,34.8,,2.32,575.88,10.4,8.7,7,252,21.4
2653,20240209,2024,62.3,false,true,590,,19.9,,4.53,12203.07,13.8,11.8,9.8,248,33.8
2654,20240209,2024,81,false,true,2745,,24.6,,7.51,19839.69,16,14.3,12.6,258,39
2655,20240209,2024,75.6,false,true,628,,16,,5.35,15539.99,13.9,11.4,8.9,238,37.1
2656,20240209,2024,55.1,false,false,65,,35.2,,2.01,3600,9,7.5,6,230,20.9
2657,20240209,2024,66.6,false,true,386,,16.3,,7.94,22837.2,15.9,13.45,11,249,36.7
2658,20240209,2024,63.7,false,false,2992,,24.3,,4.6,13446.27,12.3,10.600000000000001,8.9,247,29.7
2659,20240209,2024,51.5,false,false,71,,34.3,,2.32,4321.42,9.3,7.7,6.1,238,20.6
2660,20240209,2024,63.7,false,false,2914,,40.3,,2.96,3823.08,9.8,7.9,6,246,20.5
2661,20240209,2024,60.1,false,false,492,,39.3,,1.69,0,12,10,8,234,18.4
2691,20240209,2024,39.2,false,false,2232,,23.6,,2.42,5681.52,10.9,9.45,8,203,19.4
2692,20240209,2024,43.6,false,false,2494,,41.5,,1.58,503.01,11.1,9.649999999999999,8.2,223,17.1
2693,20240209,2024,51.1,false,false,111,,16.7,,2.58,7909.27,10.1,8.2,6.3,221,23.1
2694,20240209,2024,56.5,false,false,93,,37,,1.49,477.45,10,8.5,7,207,21.6
2724,20240209,2024,58.3,false,false,919,,40.8,,1.75,753,8.8,7,5.2,241,17.9
155,20240210,2024,66.2,false,false,647,,8.5,,6.87,19128.42,4.2,2.6500000000000004,1.1,301,23.1
189,20240210,2024,59.8,false,false,1674,,7.3,,9.47,31752.35,10.6,7.949999999999999,5.3,295,27.1
2550,20240210,2024,44.3,false,false,942,,2.4,,10.38,33963.7,9.3,6.4,3.5,285,23.6
2662,20240210,2024,63,false,false,492,,7,,5.55,12938.46,7.9,6.65,5.4,283,18.8
2695,20240210,2024,51.8,false,false,93,,11.1,,6.08,19043.22,7.4,5.65,3.9,294,15.6
2725,20240210,2024,63.7,false,false,919,,7.5,,6.33,15201.22,4.9,3.5500000000000003,2.2,287,21.1
4253,20240210,2024,57.2,false,false,133,,0.4,,11.42,34262.29,10.6,8.3,6,286,25.7
156,20240211,2024,44.3,false,false,647,,24.5,,2.38,3600,7,4.25,1.5,145,16.4
190,20240211,2024,57.6,false,false,1674,,22.2,,3.1,454.6,13,9.65,6.3,170,24.3
2551,20240211,2024,27,false,false,942,,9.8,,2.15,0,7.8,5.25,2.7,165,13
2663,20240211,2024,44.6,false,false,492,,13.7,,2.92,0,10.5,8.15,5.8,171,9.8
2696,20240211,2024,32.4,false,false,93,,12,,3.47,2197.37,9.5,7.15,4.8,131,10.9
2726,20240211,2024,33.5,false,false,919,,24.6,,2.91,0,6.6,4.3,2,137,9.8
4284,20240211,2024,60.8,false,true,1557,,10.8,,3.68,4743.75,17.6,13.200000000000001,8.8,235,32.7
4285,20240211,2024,30.6,false,false,86,,14.9,,3.04,1145.7,7.5,4.95,2.4,130,11.2
4286,20240211,2024,52.2,false,false,462,,19.3,,4.46,5425.19,10.9,7.95,5,153,19.9
157,20240212,2024,43.2,false,false,647,,6,,8.94,26530.06,11.2,8.85,6.5,261,12.1
191,20240212,2024,46.8,false,false,1674,,4.7,,10.57,30134.53,15,12.55,10.1,242,18.4
2552,20240212,2024,31.7,false,false,942,,0.5,,11.01,31848.18,16,11.65,7.3,266,15.8
2664,20240212,2024,65.2,false,false,492,,8.7,,9.91,28800,14,12.05,10.1,245,18.9
2697,20240212,2024,38.2,false,false,93,,7.3,,9.57,29783.07,13.2,10.6,8,208,9.4
2727,20240212,2024,54.4,false,false,919,,9.2,,9.45,28800,11.1,9.15,7.2,251,18
4287,20240212,2024,61.6,false,false,462,,5.1,,10.87,29961.92,12.6,10.1,7.6,249,22.5
158,20240213,2024,35.6,false,false,647,,3.4,,7.77,19751.3,14.4,10.5,6.6,158,12
192,20240213,2024,34.6,false,false,1674,,2.7,,7.99,20914.52,17.2,14.6,12,193,16.2
2553,20240213,2024,19.1,false,false,942,,1,,5.41,12609.89,15,11.3,7.6,58,7.2
2665,20240213,2024,44.6,false,false,492,,2.9,,6.51,16142.38,16.8,14.3,11.8,205,15.8
2698,20240213,2024,36.7,false,false,93,,2.2,,6.29,16021.06,15.5,12.85,10.2,167,14.6
2728,20240213,2024,39.6,false,false,919,,4,,6.62,18471.01,14.1,11.2,8.3,206,15.5
4288,20240213,2024,44.3,false,false,462,,1.3,,6.15,12300.35,14.1,11.899999999999999,9.7,172,18
159,20240214,2024,45.7,false,false,647,,2.2,,9.86,26158.09,16.4,13.45,10.5,132,15.3
193,20240214,2024,44.6,false,false,1674,,2,,10.55,27001.07,20.1,16.8,13.5,123,19.8
2554,20240214,2024,29.2,false,false,942,,3.7,,8.38,22619.93,19.3,14.65,10,89,13.5
2666,20240214,2024,45.7,false,false,492,,5.2,,9.72,27309.96,19.9,17.1,14.3,116,12.4
2699,20240214,2024,46.1,false,false,93,,2.9,,11.2,27366.44,20.2,16.25,12.3,131,14.5
2729,20240214,2024,39.2,false,false,919,,3.9,,9.63,27111.98,16.5,13.95,11.4,94,15.8
4289,20240214,2024,60.5,false,false,462,,2.7,,10.3,25683.98,19.1,15.8,12.5,149,21.3
160,20240215,2024,60.8,false,false,647,,21.8,,4.66,11072.02,12.5,9.2,5.9,198,18.8
194,20240215,2024,61.9,false,false,1674,,33.5,,5.02,10354.92,16.2,13.5,10.8,217,28.8
2555,20240215,2024,41,false,false,942,,7.2,,5.64,17244.49,15.2,10.35,5.5,245,22.7
2667,20240215,2024,70.9,false,false,492,,24.7,,3.14,5823.25,16.2,13.149999999999999,10.1,204,19.8
2700,20240215,2024,57.6,false,false,93,,35.4,,2.08,251.81,13.5,11.2,8.9,161,17.5
2730,20240215,2024,55.8,false,false,919,,29.4,,3.73,9482.48,12.8,10,7.2,214,17.6
4290,20240215,2024,75.2,false,false,462,,37.4,,3.61,5640.56,14.9,11.850000000000001,8.8,212,25.9
161,20240216,2024,24.1,false,false,647,,0.5,,8.67,23963.66,10,6.85,3.7,319,7.7
195,20240216,2024,17.6,false,false,1674,,0.1,,9.15,23630.05,14.9,11.75,8.6,227,7.9
2556,20240216,2024,17.3,false,false,942,,0.1,,9.03,28849.75,15,10,5,291,6.8
2668,20240216,2024,25.9,true,false,492,,0,,10.08,27470.52,14.3,11.25,8.2,271,8
2701,20240216,2024,18.7,false,false,93,,0.8,,9.18,24350.47,13.3,9.95,6.6,142,7
2731,20240216,2024,27.7,false,false,919,,0.3,,9.7,26785.49,11.2,8.25,5.3,293,8.3
4291,20240216,2024,25.2,false,false,462,,0.1,,9.24,24683.06,12.8,9.45,6.1,163,9.7
162,20240217,2024,22.7,true,false,647,,0,,13.81,34883.53,14,8.55,3.1,64,9
196,20240217,2024,19.8,true,false,1674,,0,,13.39,34876.72,17.7,12.45,7.2,62,8.6
2557,20240217,2024,18.4,true,false,942,,0,,13.04,34686.03,15.4,8.85,2.3,336,9.4
2669,20240217,2024,22.3,true,false,492,,0,,13.57,34754.34,18.2,12.649999999999999,7.1,87,6.5
2702,20240217,2024,20.9,true,false,93,,0,,13.3,34808.38,16.3,10.9,5.5,32,7.7
2732,20240217,2024,23.8,true,false,919,,0,,13.58,34759.2,14.9,9.65,4.4,68,6.2
4292,20240217,2024,22.7,true,false,462,,0,,13,34241.46,14.7,9.649999999999999,4.6,1,7.9
163,20240218,2024,22.3,true,false,647,,0,,12.7,34918.28,15.3,11.7,8.1,17,8.4
197,20240218,2024,22.3,true,false,1674,,0,,12.85,34636.43,19,13.6,8.2,55,10.1
2558,20240218,2024,16.9,true,false,942,,0,,12.86,34611.84,16.4,11.1,5.8,5,9
2670,20240218,2024,22.7,true,false,492,,0,,12.86,33191.48,20,14.9,9.8,27,8
2703,20240218,2024,18.7,true,false,93,,0,,12.52,32657.89,17.8,12.350000000000001,6.9,18,8.2
2733,20240218,2024,20.9,true,false,919,,0,,12.92,34323.5,16.8,12,7.2,15,8.3
4293,20240218,2024,29.9,true,false,462,,0,,12.37,32148.5,15.6,11.1,6.6,9,11.9
164,20240219,2024,27,true,false,647,,0,,14.28,35093.06,15.2,10.1,5,85,10.1
198,20240219,2024,27.4,true,false,1674,,0,,13.83,35032.35,19.7,14.95,10.2,84,12.5
318,20240219,2024,20.5,false,false,455,,0.1,,12.9,34993.46,17.1,12,6.9,20,8.4
319,20240219,2024,35.3,true,false,1581,,0,,13.45,34935.75,18.9,14.399999999999999,9.9,58,13.4
2559,20240219,2024,16.9,true,false,942,,0,,13.76,34792.73,19.1,13.4,7.7,359,9.4
2671,20240219,2024,34.2,true,false,492,,0,,13.95,34951.95,19.4,15.5,11.6,75,11.9
2704,20240219,2024,28.8,true,false,93,,0,,13.26,34967.05,19.8,14.75,9.7,41,11.8
2734,20240219,2024,39.6,true,false,919,,0,,13.94,34956.73,16.1,12,7.9,74,15.5
4294,20240219,2024,28.4,true,false,462,,0,,13.05,35060.97,18,13.1,8.2,43,10.7
165,20240220,2024,34.9,true,false,647,,0,,14.9,35366.73,15.8,9.15,2.5,111,10.6
199,20240220,2024,30.2,true,false,1674,,0,,14.49,35263.48,18.7,13.45,8.2,91,14.1
320,20240220,2024,27.4,true,false,893,,0,,14.52,35237.26,18.2,13,7.8,85,11.9
321,20240220,2024,37.4,true,false,540,,0,,15.01,35402.93,14.1,9.25,4.4,100,13
2560,20240220,2024,19.1,true,false,942,,0,,14.54,35123.91,16.4,9.799999999999999,3.2,360,8
2672,20240220,2024,32,true,false,492,,0,,14.76,35264.71,20.9,14.85,8.8,89,11.2
2705,20240220,2024,22.7,true,false,93,,0,,14.46,35194.64,17.9,12.549999999999999,7.2,55,9.4
2735,20240220,2024,32.4,true,false,919,,0,,14.73,35272.16,17.3,12.05,6.8,74,12.3
4295,20240220,2024,20.2,true,false,462,,0,,14.26,35181.94,17,12.05,7.1,70,7.8
166,20240221,2024,26.3,true,false,647,,0,,10.18,23509,12.3,9.05,5.8,228,8.3
200,20240221,2024,30.2,false,false,1674,,0.1,,9.32,21490.8,14.8,11.05,7.3,204,14.7
322,20240221,2024,43.6,false,false,2247,,0.4,,7.42,11806.27,11,8.35,5.7,241,18.2
323,20240221,2024,35.6,false,false,2940,,1.4,,9.09,20884.7,14,11.2,8.4,165,14.2
2561,20240221,2024,22.3,true,false,942,,0,,9.6,22971.01,15.3,10.55,5.8,231,10.2
2673,20240221,2024,37.8,false,false,492,,0.9,,8.26,15877.16,15.6,12.75,9.9,218,11.9
2706,20240221,2024,33.8,false,false,93,,1.4,,9.02,20259.95,13.6,10.2,6.8,168,12.9
2736,20240221,2024,34.9,false,false,919,,0.7,,8.32,17380.38,12.2,9.8,7.4,240,12.9
4296,20240221,2024,45.4,false,false,462,,0.6,,8.16,13731.16,11.9,9.1,6.3,178,17
167,20240222,2024,64.8,false,false,647,,20,,2.77,2809.38,8.7,4.949999999999999,1.2,275,23
201,20240222,2024,65.2,false,false,1674,,16.5,,3.12,6461.06,13,9.7,6.4,253,29.1
2562,20240222,2024,61.9,false,false,942,,4.4,,6.5,15211.18,15.1,8.85,2.6,248,28.4
2674,20240222,2024,82.1,false,false,492,,39.6,,3.34,6342.05,12.9,8.65,4.4,251,25.1
2707,20240222,2024,60.1,false,false,93,,31.4,,3.97,10000.27,11.6,7.8,4,244,21.4
2737,20240222,2024,71.6,false,false,919,,32.3,,3.15,6346.41,9.8,5.65,1.5,257,26.9
4297,20240222,2024,82.8,false,false,462,,20.6,,5.63,13684.59,11.3,8.25,5.2,257,29.3
168,20240223,2024,61.9,false,false,647,,16.4,,7.33,11708.03,3.9,2,0.1,294,19.6
202,20240223,2024,58.7,false,false,1674,,17.8,,9.69,34416.15,9.4,7.800000000000001,6.2,294,23.7
2563,20240223,2024,55.4,false,false,942,,3.8,,10.72,34480.02,9.5,6.45,3.4,257,26
2675,20240223,2024,67.7,false,false,492,,21.1,,7.28,8872.06,6.4,5.2,4,270,22
2708,20240223,2024,49.7,false,false,93,,31.2,,6.53,14925.23,6.9,4.1000000000000005,1.3,284,12.8
2738,20240223,2024,66.6,false,false,919,,17,,7.32,12108.34,4.8,2.95,1.1,277,26.4
4298,20240223,2024,73.4,false,false,462,,27.3,,8.97,32935.43,7.6,6.3,5,303,29.8
169,20240224,2024,55.8,false,false,647,,17.9,,8.21,21945.23,5.9,3.2,0.5,300,19.5
203,20240224,2024,67.3,false,true,1674,,15.1,,9.46,28800,11.6,8.65,5.7,286,32.7
2564,20240224,2024,41.8,false,false,942,,5.4,,9.59,31001.76,10.6,7.3,4,284,21.8
2676,20240224,2024,75.6,false,false,492,,24.9,,7.26,10903.29,10.5,7.5,4.5,275,21.3
2709,20240224,2024,48.6,false,false,93,,26,,5.73,9083.85,9.7,6.949999999999999,4.2,281,14.8
2739,20240224,2024,70.6,false,false,919,,26.4,,7.35,14681.44,7.5,4.45,1.4,284,24.9
4299,20240224,2024,81.4,false,true,462,,22.1,,8.7,26002.87,10.6,7.65,4.7,300,32.7
170,20240225,2024,79.2,false,false,647,,41.4,,2.76,0,8,6.25,4.5,272,24.2
204,20240225,2024,78.1,false,true,1674,,20.7,,2.42,0,13.1,11.25,9.4,261,35.5
2565,20240225,2024,65.5,false,true,942,,15.6,,5.35,2261.46,13.6,11.05,8.5,246,30.8
2677,20240225,2024,88.6,false,false,492,,63.7,,1.18,518.65,12.3,10.5,8.7,253,27.3
2710,20240225,2024,75.2,false,false,93,,43.7,,1.26,1185.45,11.1,9.35,7.6,252,22.2
2740,20240225,2024,77.8,false,false,919,,63.7,,1.27,182.75,9.2,7.5,5.8,256,28.9
4300,20240225,2024,99.4,false,true,462,,17.5,,2.3,6723.97,11.1,9.15,7.2,267,36
171,20240226,2024,69.5,false,false,647,,4.2,,11.35,35099.67,5.6,2.75,-0.1,325,24.6
205,20240226,2024,59.8,false,false,1674,,0.8,,12.92,35637.6,11.1,8.25,5.4,332,28.7
2566,20240226,2024,61.9,false,true,942,,0.5,,10.38,29557.23,10.1,7.55,5,322,33
2678,20240226,2024,73.4,false,false,492,,2.9,,9.6,25203.9,9.5,7.05,4.6,340,23
2711,20240226,2024,62.6,false,false,93,,2.1,,11.38,32750.15,8.8,6.3500000000000005,3.9,341,24.2
2741,20240226,2024,67.3,false,false,919,,1.1,,9.86,29551.3,6.8,4.25,1.7,333,24.5
4301,20240226,2024,80.6,false,true,462,,1.9,,13.46,35599.97,9.1,6.699999999999999,4.3,346,32.3
172,20240227,2024,52.2,true,false,647,,0,,13.12,36369.7,6.8,1.5499999999999998,-3.7,345,19.3
206,20240227,2024,43.6,true,false,1674,,0,,12.69,35900.54,12.1,8,3.9,345,20.3
2567,20240227,2024,48.2,true,false,942,,0,,13.47,36682.82,11.6,7.75,3.9,343,25.2
2679,20240227,2024,72.7,false,false,492,,0.1,,11.53,28382.62,10.3,7.45,4.6,8,25.1
2712,20240227,2024,49,true,false,93,,0,,11.19,32443.22,10.3,6.15,2,356,19.5
2742,20240227,2024,61.2,true,false,919,,0,,11.81,30161.26,7.7,4.7,1.7,360,21.5
4302,20240227,2024,59,true,false,462,,0,,12.65,34782.39,10.1,7,3.9,1,23.7
173,20240228,2024,28.1,true,false,647,,0,,15.94,36895.52,10.5,4.2,-2.1,353,10.3
207,20240228,2024,32,true,false,1674,,0,,14.32,36592.14,14.6,8.6,2.6,349,15.5
324,20240228,2024,31.7,true,false,2268,,0,,16.7,37234.05,14.1,7.8999999999999995,1.7,5,16
2568,20240228,2024,29.2,true,false,942,,0,,14.41,36912.43,13.1,7.8,2.5,314,13.5
2680,20240228,2024,44.3,true,false,492,,0,,14.18,36284.79,14.8,9.65,4.5,31,13
2713,20240228,2024,31.7,true,false,93,,0,,12.51,36433.59,13.6,7.75,1.9,359,10.8
2743,20240228,2024,30.6,true,false,919,,0,,14.18,36394.93,12.7,6.8,0.9,16,8.7
4303,20240228,2024,39.6,false,false,462,,0.1,,12,35585.53,12,8.15,4.3,360,15.1
174,20240229,2024,80.6,false,false,647,,4.8,,9.91,21333.9,7.3,3.85,0.4,315,27.7
208,20240229,2024,64.4,false,true,1674,,3.7,,12.39,27736.61,12.4,9.05,5.7,312,30.3
325,20240229,2024,59.4,true,false,2513,,0,,14.24,35775.5,14.4,8.85,3.3,313,29.3
326,20240229,2024,41.4,true,false,2504,,0,,15.04,37409.14,15.4,10.3,5.2,317,21
327,20240229,2024,54.7,false,false,1611,,1.1,,11.43,22654.41,11.6,7.05,2.5,287,26.6
2569,20240229,2024,54.7,false,false,942,,0.8,,9.94,21053.49,10.8,7,3.2,312,27.9
2681,20240229,2024,70.9,false,false,492,,4.8,,9.39,23066.81,10.2,6.5,2.8,300,24.7
2714,20240229,2024,64.1,false,false,93,,4.4,,10.05,25431.53,9.4,6.15,2.9,324,23.4
2744,20240229,2024,69.5,false,false,919,,4.8,,9.93,24834.62,7.6,4.25,0.9,302,26.9
4304,20240229,2024,80.3,false,true,462,,5.2,,12.78,28625.98,9.5,7.7,5.9,319,32.2
175,20240301,2024,47.2,false,false,647,,12.3,,5.8,10743.43,6.2,3.0500000000000003,-0.1,278,15.5
209,20240301,2024,49,false,false,1674,,12.5,,3.3,2151.77,10.6,7.75,4.9,257,22.2
2570,20240301,2024,42.8,false,false,942,,2.3,,6.44,11393.69,10.9,6.9,2.9,236,22
2682,20240301,2024,59.4,false,false,492,,26.8,,2.01,0,9.4,6.15,2.9,247,18.4
2715,20240301,2024,44.3,false,false,93,,23.1,,1.89,0,8.5,6.25,4,221,12.7
2745,20240301,2024,54.4,false,false,919,,28.7,,1.83,0,6.4,3,-0.4,256,19.9
4305,20240301,2024,60.5,false,false,462,,14.1,,4.12,5229.8,9.2,7.5,5.8,277,23.2
176,20240302,2024,74.9,false,false,647,,41.4,,3.17,6389.06,4.8,2.4,0,279,24.3
210,20240302,2024,79.2,false,true,1674,,21,,5.63,14327.96,9.8,6.9,4,278,36.6
211,20240302,2024,77.8,false,true,2795,,30.5,,3.96,11974.25,10.1,7.199999999999999,4.3,263,35.3
212,20240302,2024,69.1,false,true,495,,36.3,,5.19,14155.67,4.1,1.4499999999999997,-1.2,272,34.9
213,20240302,2024,67,false,false,93,,29.4,,4.78,13677.33,6.5,3.25,0,279,20.6
214,20240302,2024,76.7,false,false,540,,40.7,,3.17,9007.29,3.3,0.95,-1.4,266,25.2
215,20240302,2024,73.1,false,false,893,,41.8,,5.86,14974.55,5.7,2.7,-0.3,268,26.4
216,20240302,2024,67.3,false,false,445,,35.3,,3.72,8043.43,4,1.25,-1.5,260,22.9
217,20240302,2024,65.5,false,false,653,,35.4,,6.06,16099.83,7.4,4,0.6,272,25.5
218,20240302,2024,64.4,false,false,125,,23.2,,4.01,9889.79,4.2,1.8,-0.6,269,28.8
219,20240302,2024,68,false,true,698,,33.9,,6.04,14549.88,8.7,5.199999999999999,1.7,272,30.3
220,20240302,2024,66.6,false,false,1485,,27.4,,5.8,17210.59,9.2,6.35,3.5,277,25.3
221,20240302,2024,69.5,false,false,2621,,36.8,,4.58,14464.88,6,3.1,0.2,260,19.7
222,20240302,2024,73.1,false,false,893,,41.8,,5.86,14974.55,6.5,3.5,0.5,268,26.4
223,20240302,2024,81.4,false,true,65,,29.9,,5.29,14230.25,6.8,3.65,0.5,262,33.8
2571,20240302,2024,55.8,false,false,942,,17.6,,4.13,10401.88,9.3,6.15,3,264,26.2
2683,20240302,2024,78.8,false,false,492,,41.5,,5.67,15614.51,8.6,5.85,3.1,267,23.4
2716,20240302,2024,67,false,false,93,,29.4,,4.78,13677.33,7.8,4.55,1.3,279,20.6
2746,20240302,2024,73.1,false,false,919,,41.8,,5.86,14974.55,5.7,2.7,-0.3,268,26.4
4306,20240302,2024,89.6,false,true,462,,20,,6.46,17974.81,8.2,5.55,2.9,292,35.6
224,20240303,2024,47.2,false,false,65,,9,,8.35,20047.36,7.9,3.8000000000000003,-0.3,239,20.5
2572,20240303,2024,38.9,false,false,942,,1.8,,10.52,27945.13,10.8,5.6000000000000005,0.4,270,20.3
2684,20240303,2024,47.9,false,false,492,,9,,6.52,13260.79,9.1,6,2.9,256,16.6
2717,20240303,2024,34.2,false,false,93,,11.8,,5.7,10995.5,8.6,4.8,1,247,12.7
2747,20240303,2024,50,false,false,919,,9,,7.06,17796.31,6.4,2.9000000000000004,-0.6,266,20.1
4307,20240303,2024,47.5,false,false,462,,11.5,,7.27,17846.73,9.2,5.8999999999999995,2.6,283,18.3
225,20240304,2024,60.8,false,false,65,,18.9,,13.4,29170.6,9.7,7.1499999999999995,4.6,251,24.3
2573,20240304,2024,46.8,false,false,942,,5.7,,12.91,28548.68,13,9,5,234,23.8
2685,20240304,2024,72,false,false,492,,24.9,,12.26,25200,10.9,8.85,6.8,252,23.4
2718,20240304,2024,52.9,false,false,93,,18.9,,11.69,23379.4,10.8,8.05,5.3,247,18
2748,20240304,2024,67.3,false,false,919,,25.8,,12.51,25529.19,8.2,6,3.8,259,23.6
4308,20240304,2024,67.3,false,false,462,,12.5,,12.51,31599.41,10.3,7.550000000000001,4.8,258,24.7
226,20240305,2024,20.2,false,false,65,,0.4,,11.25,34087.35,9.4,6.050000000000001,2.7,228,8.4
660,20240305,2024,29.9,true,false,2212,,0,,18.04,38326.99,17.1,11.65,6.2,335,11.5
2574,20240305,2024,20.9,false,false,942,,0.5,,10.84,32472.67,11.3,7.5,3.7,267,10.7
2686,20240305,2024,34.2,false,false,492,,0.6,,11.87,36995.88,10.9,7.85,4.8,252,9
2719,20240305,2024,19.8,false,false,93,,0.5,,11.25,36030.01,10.3,6.45,2.6,148,7.1
2749,20240305,2024,32,true,false,919,,0,,11.82,36863.24,8.1,4.45,0.8,283,9.3
4309,20240305,2024,29.2,false,false,462,,0.2,,13.64,36727.29,10.3,6.75,3.2,229,11.1
227,20240306,2024,28.1,true,false,65,,0,,15,31949.63,12.3,6.2,0.1,139,12.4
859,20240306,2024,31,true,false,1191,,0,,15.61,35487.11,15.6,10.55,5.5,189,16.3
860,20240306,2024,31.7,true,false,1621,,0,,14.36,29213.91,15.4,9.7,4,155,15.6
861,20240306,2024,35.3,false,false,1269,,0.3,,14.65,35737.29,14.5,10.35,6.2,175,17.7
862,20240306,2024,27.7,true,false,130,,0,,14.94,28857.79,15.9,9.5,3.1,160,12.3
863,20240306,2024,23,false,false,1470,,0.1,,15.51,28521.64,16.3,10.7,5.1,213,12
864,20240306,2024,30.6,true,false,82,,0,,15.11,30856.44,12.4,7.6,2.8,134,13.6
865,20240306,2024,30.6,true,false,82,,0,,15.11,30856.44,12.4,7.6,2.8,134,13.6
866,20240306,2024,30.2,true,false,1464,,0,,14.43,28593.72,15.5,10.1,4.7,156,15.6
2575,20240306,2024,29.2,true,false,942,,0,,15.63,33158.86,13.5,7.9,2.3,158,13.3
2687,20240306,2024,41.8,true,false,492,,0,,15.73,30873.19,13.4,8.4,3.4,157,14.1
2720,20240306,2024,38.5,true,false,93,,0,,15.36,30983.57,12.5,7.5,2.5,147,15.2
2750,20240306,2024,34.2,true,false,919,,0,,15.49,30880.41,10.4,5.3500000000000005,0.3,145,13.7
4310,20240306,2024,55.1,false,false,462,,0.1,,14.11,33518.39,12.1,7.699999999999999,3.3,155,20
228,20240307,2024,54,false,false,65,,22.4,,6.72,10879.24,8.2,6,3.8,168,22.3
867,20240307,2024,54,false,false,1464,,31.5,,8.39,16063.48,10.4,8.3,6.2,173,26
1119,20240307,2024,58.7,false,false,297,,14,,10.45,21930.74,11.5,9.1,6.7,206,25.8
1120,20240307,2024,61.9,false,false,416,,20.7,,13.17,30948.67,13.3,10.9,8.5,222,28.1
1121,20240307,2024,57.6,false,false,1416,,12.4,,11.68,25819.42,12.9,10.5,8.1,224,25.9
1122,20240307,2024,42.8,false,false,1634,,13,,5.87,10614,9.4,6.9,4.4,160,19.1
1123,20240307,2024,55.8,false,false,2747,,21,,11.01,25200,11.9,9.65,7.4,199,27.3
1124,20240307,2024,60.8,false,false,850,,23.1,,13.87,31711.12,13.6,11.25,8.9,232,29.9
1125,20240307,2024,60.1,false,true,3031,,38.1,,8.02,19423.09,10.4,8.45,6.5,180,34.8
1126,20240307,2024,58.3,false,false,2987,,16.9,,10.59,22053.08,12.4,9.85,7.3,217,26.7
1127,20240307,2024,52.2,false,false,2499,,24.2,,6.85,15859.12,10,7.9,5.8,172,22.5
1128,20240307,2024,58.3,false,false,1476,,16.6,,14.52,32400,12.4,10.1,7.8,209,28
1129,20240307,2024,48.2,false,false,126,,22.9,,3.19,3600,4.6,2.75,0.9,139,19.9
1130,20240307,2024,42.8,false,false,1819,,11,,5.4,10629.69,9.9,7.6,5.3,151,21.1
1131,20240307,2024,54,false,false,2317,,16.6,,6.44,12666.37,11,8.8,6.6,165,21.9
2576,20240307,2024,46.1,false,false,942,,22.4,,5.98,10990.4,9.2,6.8,4.4,156,23.1
2688,20240307,2024,61.9,false,false,492,,23.4,,3.52,1097.99,9.9,7.4,4.9,158,19.7
2721,20240307,2024,57.2,false,false,93,,35.3,,4.09,5510.99,9,6.75,4.5,159,20.1
2751,20240307,2024,52.2,false,false,919,,22.7,,4.26,2161.46,6.9,4.45,2,153,20.1
4311,20240307,2024,76.7,false,false,462,,35.7,,6.58,12504.22,7.9,5.550000000000001,3.2,162,27.5
229,20240308,2024,85.3,false,true,65,,41.7,,8.52,17197.78,8.3,5,1.7,226,30.8
868,20240308,2024,76,false,true,1464,,38.2,,9.52,20187.71,12.4,9.15,5.9,226,38.3
1605,20240308,2024,79.9,false,true,506,,40.7,,5.61,2795.71,4,2.05,0.1,228,36
1606,20240308,2024,58,false,false,288,,12.8,,13.2,27874.65,13.9,10.25,6.6,222,26.3
1607,20240308,2024,77.8,false,true,324,,37.1,,9.51,18062.08,10.5,7.35,4.2,227,36.4
1608,20240308,2024,72.7,false,true,2377,,30.5,,9.48,15063.16,10.8,7.9,5,236,30.8
1609,20240308,2024,63.4,false,false,1723,,25.3,,8.67,15423.07,10.2,7,3.8,204,27.8
1610,20240308,2024,65.2,false,true,2331,,8.2,,9.57,20188.09,14,11.55,9.1,250,35.1
1611,20240308,2024,60.1,false,false,2551,,17.5,,10.77,25419.49,11.4,8.6,5.8,219,27.7
1612,20240308,2024,60.5,false,true,2771,,28.5,,9.98,22620.04,10,7.25,4.5,197,30.4
1613,20240308,2024,71.6,false,true,2950,,19.9,,11.15,20366.88,11.7,7.8,3.9,217,31.5
1614,20240308,2024,77.4,false,true,2368,,48.8,,9.59,18000,11,8.2,5.4,238,31.4
2577,20240308,2024,59.8,false,false,942,,25.3,,8.85,15458.76,10.6,7.3,4,197,26.7
2689,20240308,2024,81,false,false,492,,49.6,,7.28,10800,9.2,6.699999999999999,4.2,223,29.2
2722,20240308,2024,71.6,false,false,93,,47.3,,7.9,16994.85,9.5,6.5,3.5,203,24.5
2752,20240308,2024,75.2,false,false,919,,49.6,,7.38,12167.08,6.4,3.6500000000000004,0.9,226,28.5
4312,20240308,2024,106.2,false,true,462,,34.8,,8.61,18558.29,9.5,6.25,3,224,42
230,20240309,2024,58.3,false,false,65,,17.5,,7.71,11578.49,5.3,3.3,1.3,216,23.2
869,20240309,2024,48.2,false,false,1464,,33.4,,9.22,20212.63,10.6,8,5.4,224,22.5
1615,20240309,2024,57.6,false,false,2368,,20.7,,7.91,18000,8.5,6,3.5,233,22
2578,20240309,2024,45.4,false,false,942,,11.3,,10.98,28162.7,8.6,5.8,3,195,19.4
2690,20240309,2024,64.4,false,false,492,,36.4,,7.34,4083.86,5.8,4.25,2.7,215,16.3
2723,20240309,2024,52.6,false,false,93,,26.5,,5.06,5144.34,5.9,3.9000000000000004,1.9,180,14.1
2753,20240309,2024,56.2,false,false,919,,34.9,,7.96,4392.79,2.9,1.3,-0.3,222,18.2
2754,20240309,2024,48.6,false,false,71,,21.1,,6.94,10962.94,5.8,3.65,1.5,217,20.9
2755,20240309,2024,60.5,false,true,2088,,2.6,,11.26,26410.28,7.2,5.25,3.3,224,30.4
2756,20240309,2024,68.4,false,true,42,,17.1,,11.92,32250.58,12.1,10.45,8.8,269,32.4
2757,20240309,2024,52.6,false,false,2729,,26.5,,5.06,5144.34,7.4,5.4,3.4,180,14.1
2758,20240309,2024,55.4,false,false,2518,,3.5,,10.5,19888.79,8.2,6.3,4.4,237,22.2
2759,20240309,2024,64.4,false,false,492,,36.4,,7.34,4083.86,4.4,2.8000000000000003,1.2,215,16.3
2760,20240309,2024,58.7,false,true,3160,,16.2,,11.03,26305.41,10.1,8.25,6.4,261,31.8
2761,20240309,2024,53.3,false,false,2905,,4,,12.01,29733.48,5.6,3.0999999999999996,0.6,220,24.7
2762,20240309,2024,44.3,false,false,1065,,39.9,,8.83,8491.49,2.5,0.65,-1.2,222,20.5
2763,20240309,2024,48.6,false,false,71,,21.1,,6.94,10962.94,5.8,3.65,1.5,217,20.9
2764,20240309,2024,52.6,false,false,2729,,26.5,,5.06,5144.34,7.1,5.1,3.1,180,14.1
2765,20240309,2024,54.7,false,false,1723,,3.9,,12.68,26926.42,8.3,6.2,4.1,210,25.5
2766,20240309,2024,52.6,false,false,1394,,26.5,,5.06,5144.34,7,5,3,180,14.1
2828,20240309,2024,45.4,false,false,1019,,29.9,,4.68,1103.56,5.3,3.45,1.6,176,16.3
2860,20240309,2024,48.6,false,false,71,,21.1,,6.94,10962.94,5.3,3.2,1.1,217,20.9
4313,20240309,2024,65.5,false,false,462,,26.6,,8.04,19421.81,7.9,5.25,2.6,233,26.1
231,20240310,2024,57.2,false,false,65,,15.5,,9.05,22336.04,8.9,6.550000000000001,4.2,269,23.9
870,20240310,2024,49,false,false,1464,,11.5,,11.65,36594.53,12.9,10.1,7.3,296,23.8
1616,20240310,2024,58.7,false,false,2368,,13.8,,9.12,26696.86,10.5,8.65,6.8,291,23.1
2767,20240310,2024,46.4,false,false,1394,,9.1,,6.62,9906.99,10.3,8.05,5.8,297,16.9
2829,20240310,2024,43.2,false,false,1019,,14.9,,6.34,7860.73,8.6,6.449999999999999,4.3,310,14.9
2861,20240310,2024,56.2,false,false,71,,9.2,,10.18,25048.56,8.8,6.25,3.7,278,24.6
4254,20240310,2024,54,false,false,190,,7.1,,14.57,36796.48,15.5,12.3,9.1,292,27.6
4255,20240310,2024,53.3,false,false,3073,,1.7,,14.37,38836.5,14,10.95,7.9,275,28.1
4256,20240310,2024,51.5,false,false,1227,,2.7,,14.99,38499.9,15.8,12.2,8.6,294,28.8
4314,20240310,2024,62.6,false,false,462,,15.4,,11.18,35565.44,9.3,7.4,5.5,315,23.8
232,20240311,2024,33.1,false,false,65,,0.8,,9.57,21848.49,10.6,7.55,4.5,261,14
871,20240311,2024,30.2,false,false,1464,,0.8,,13.41,36974.79,14.4,10.15,5.9,278,14.8
1617,20240311,2024,37.8,false,false,2368,,2.4,,11.74,30476.48,12.6,9.15,5.7,303,15.5
2768,20240311,2024,32.8,false,false,1394,,1.7,,10.59,24982.62,12.7,8.8,4.9,322,13.1
2830,20240311,2024,32.8,false,false,1019,,2.9,,10.38,24089.94,11,7.45,3.9,329,13.7
2862,20240311,2024,36,false,false,71,,0.8,,10.41,26776.36,10.6,6.4,2.2,284,16.1
4315,20240311,2024,35.3,false,false,462,,1.5,,12.5,30657.53,11.1,8,4.9,312,13.9
4316,20240311,2024,38.2,false,false,2942,,3.4,,9.23,20536.88,7.9,4.9,1.9,295,13.5
4317,20240311,2024,36.7,false,false,919,,1.3,,10.3,30371.03,9.5,5.7,1.9,292,14.5
233,20240312,2024,19.1,true,false,65,,0,,18.22,38701.84,14.8,7.550000000000001,0.3,79,8.7
872,20240312,2024,23.4,true,false,1464,,0,,17.74,38612.26,18.5,11.15,3.8,103,11.2
1618,20240312,2024,31,true,false,2368,,0,,17.43,36348.2,17.1,10.700000000000001,4.3,85,13.3
2769,20240312,2024,27.4,true,false,1394,,0,,18.39,38704.4,17.1,9.8,2.5,95,10.4
2831,20240312,2024,28.1,true,false,1019,,0,,18.35,38698.43,15.6,8.55,1.5,128,11.1
2863,20240312,2024,28.8,true,false,71,,0,,18.13,38664.86,14.8,8.25,1.7,84,13.5
234,20240313,2024,23.4,true,false,65,,0,,18.43,38800.61,16.9,9.649999999999999,2.4,105,9.2
330,20240313,2024,29.9,true,false,891,,0,,18.37,38801.07,20.6,14,7.4,112,14.4
331,20240313,2024,23.8,true,false,1620,,0,,19.03,39189.35,16.8,10.15,3.5,105,13.2
332,20240313,2024,37.4,true,false,2776,,0,,18.32,38775.04,18.9,12.149999999999999,5.4,149,16.4
873,20240313,2024,29.9,true,false,1464,,0,,17.97,38772.63,20.8,13.8,6.8,132,14.9
1619,20240313,2024,36,true,false,2368,,0,,18.64,38795.99,18.8,13.5,8.2,104,15.2
2770,20240313,2024,38.5,true,false,1394,,0,,18.47,38744.19,19.5,12.7,5.9,129,14.4
2832,20240313,2024,37.4,true,false,1019,,0,,18.59,38800.25,17.9,11.549999999999999,5.2,149,15.3
2864,20240313,2024,30.2,true,false,71,,0,,18.15,38799.87,16.7,10.7,4.7,93,14
235,20240314,2024,49.3,false,false,65,,4.1,,7.77,9978.2,13.3,9.100000000000001,4.9,208,22.2
333,20240314,2024,46.4,false,false,96,,9.2,,8.33,7529.1,15.9,11.5,7.1,197,24.1
874,20240314,2024,48.6,false,false,1464,,2.1,,8.29,6990.17,17,12.65,8.3,193,26.1
1620,20240314,2024,47.2,false,false,2368,,7.8,,9.02,18313.93,15.2,10.899999999999999,6.6,197,21.1
2771,20240314,2024,45.7,false,false,1394,,9.6,,6.03,6334.18,14.8,10.850000000000001,6.9,178,18.2
2833,20240314,2024,46.4,false,false,1019,,11.2,,6.03,5268.76,13.3,10.45,7.6,177,19.5
2865,20240314,2024,45.7,false,false,71,,8.7,,7.55,7592.91,13,8.8,4.6,200,22.4
236,20240315,2024,29.2,false,false,65,,9.8,,13.1,32461.71,15.4,11.35,7.3,217,10.2
875,20240315,2024,24.1,false,false,1464,,1.6,,13.63,28968.47,18.2,14.1,10,206,13
1621,20240315,2024,33.8,false,false,2368,,9.3,,14,26899.72,17.7,14.8,11.9,197,11.6
2772,20240315,2024,22.3,false,false,1394,,1,,14.37,35342.94,16.9,12.75,8.6,149,8.1
2834,20240315,2024,24.8,false,false,1019,,0.4,,14.82,36167.35,15.8,12.100000000000001,8.4,155,9.8
2866,20240315,2024,28.4,false,false,71,,4.1,,12.45,28433.07,15.4,11.6,7.8,224,12.2
237,20240316,2024,38.2,false,false,65,,1.6,,12.03,31771.74,16.1,11.05,6,186,16.6
876,20240316,2024,45,false,false,1464,,1.6,,11.27,25195.43,19.2,15.7,12.2,175,22.9
1622,20240316,2024,39.6,false,false,2368,,2.1,,10.38,24677.44,18.2,14.85,11.5,172,16.3
2773,20240316,2024,51.5,false,false,1394,,2.6,,8.99,19485.73,17.2,13.149999999999999,9.1,170,21.1
2835,20240316,2024,51.1,false,false,1019,,3,,8.21,14591.93,15.6,11.75,7.9,167,21.5
2867,20240316,2024,41.8,false,false,71,,2,,11.07,28448.92,15.6,11.4,7.2,169,19.6
238,20240317,2024,31.3,true,false,65,,0,,13.87,35083.31,18.3,12.600000000000001,6.9,100,12.3
877,20240317,2024,24.1,true,false,1464,,0,,14.05,32192.85,22,16.2,10.4,144,11.2
1623,20240317,2024,25.6,true,false,2368,,0,,14.38,29790.98,20.8,15.7,10.6,89,10
2774,20240317,2024,32.8,false,false,1394,,0.3,,14.18,37230.23,19.8,15.100000000000001,10.4,163,11.7
2836,20240317,2024,35.3,true,false,1019,,0,,14.09,36366.38,18.4,13.899999999999999,9.4,160,13.8
2868,20240317,2024,28.4,true,false,71,,0,,13.97,37521.7,18.2,13.2,8.2,100,12
239,20240318,2024,22.3,false,false,65,,0.5,,17.87,39554.33,20,13.45,6.9,39,9.4
334,20240318,2024,23,true,false,2131,,0,,15.44,30662.96,21,17.8,14.6,55,12.1
335,20240318,2024,26.6,false,false,70,,0.6,,17.82,39465.14,18.8,13.3,7.8,32,9.9
878,20240318,2024,30.6,false,false,1464,,0.1,,18.09,37945.42,23.4,16.25,9.1,355,13.5
1624,20240318,2024,28.4,true,false,2368,,0,,18.75,39509.79,22.8,17.6,12.4,59,11.3
2775,20240318,2024,23.8,false,false,1394,,0.5,,16.71,39388.75,21.4,14.899999999999999,8.4,9,8.5
2837,20240318,2024,24.5,false,false,1019,,0.4,,16.17,39468.9,19.6,14,8.4,8,10.5
2869,20240318,2024,23.4,false,false,71,,0.1,,17.91,39520.75,19.8,13.45,7.1,60,11.6
240,20240319,2024,27,false,false,65,,0.4,,16.17,34370.09,17.1,11.8,6.5,304,11.2
336,20240319,2024,27.4,false,false,570,,0.4,,16.06,30756.5,17.7,13.45,9.2,211,10.7
337,20240319,2024,24.8,false,false,612,,0.2,,16.42,36918.98,16.6,12.200000000000001,7.8,273,10.3
879,20240319,2024,25.6,true,false,1464,,0,,14.5,35785.31,18.7,13.25,7.8,228,10.8
1625,20240319,2024,27,true,false,2368,,0,,14.98,36855.91,18,13.85,9.7,304,10.5
2776,20240319,2024,21.2,true,false,1394,,0,,15.99,37261.92,18.9,13.35,7.8,1,8.2
2838,20240319,2024,24.8,true,false,1019,,0,,15.9,37113.45,17.5,12.35,7.2,5,10.3
2870,20240319,2024,25.9,false,false,71,,0.3,,16.21,34951.22,16.7,11.899999999999999,7.1,281,11.3
241,20240320,2024,34.6,false,false,65,,1,,16.84,34736.16,15.3,11.350000000000001,7.4,282,15.4
338,20240320,2024,44.3,true,false,1613,,0,,18.86,39600,16.6,12.25,7.9,320,19.7
339,20240320,2024,57.6,false,false,1116,,0.1,,19.26,39460.14,17.1,12.950000000000001,8.8,346,22.8
340,20240320,2024,53.3,true,false,3018,,0,,19.14,39886.83,17.1,12.25,7.4,343,26.1
341,20240320,2024,51.1,true,false,1975,,0,,16.1,39771.68,18.6,13.700000000000001,8.8,330,28.8
342,20240320,2024,38.9,false,false,904,,3.2,,18.43,35836.28,17.5,14.25,11,314,14.1
343,20240320,2024,55.8,false,true,248,,0.5,,17.4,37548.99,16.8,13.100000000000001,9.4,355,31.9
344,20240320,2024,35.3,false,false,2544,,5.9,,16.3,39497.72,15.1,11.85,8.6,327,13.9
880,20240320,2024,41.4,true,false,1464,,0,,19.33,38208.87,18.4,11.75,5.1,324,21.7
1626,20240320,2024,38.9,false,false,2368,,0.7,,18.52,39620.66,16.9,12.049999999999999,7.2,338,16.7
2777,20240320,2024,50,true,false,1394,,0,,19.2,39426.63,16.5,11.45,6.4,341,20
2839,20240320,2024,47.9,true,false,1019,,0,,19.18,39422.29,14.9,10.85,6.8,348,20.3
2871,20240320,2024,40.7,true,false,71,,0,,17.6,37037.61,15.2,10.899999999999999,6.6,302,19.6
242,20240321,2024,45.7,true,false,65,,0,,17.68,40224.47,20.7,13.6,6.5,56,20.1
345,20240321,2024,42.1,true,false,1757,,0,,17.01,40162.89,23.2,15.2,7.2,53,22.2
346,20240321,2024,45,false,false,2791,,0.1,,14.64,35514.63,23.8,17.9,12,64,23.9
347,20240321,2024,45,false,false,2062,,0.9,,16.96,40129.99,23.8,16,8.2,74,19.4
348,20240321,2024,47.2,true,false,523,,0,,17.6,40114.94,19.8,13.600000000000001,7.4,78,20.4
349,20240321,2024,27.7,true,false,435,,0,,19.44,40265.95,23,15.1,7.2,52,10
350,20240321,2024,34.2,true,false,457,,0,,19.48,40212.45,22.8,14.350000000000001,5.9,37,15.8
351,20240321,2024,32.4,true,false,437,,0,,19.58,40239.44,23.5,14.95,6.4,24,14.4
881,20240321,2024,38.2,true,false,1464,,0,,18.93,40139.67,25.9,16.2,6.5,55,17.3
1627,20240321,2024,49,true,false,2368,,0,,17,40197.35,22.5,15.6,8.7,74,18.2
2778,20240321,2024,31.3,true,false,1394,,0,,19.22,40269.16,24.3,16.3,8.3,41,9.5
2840,20240321,2024,27.7,true,false,1019,,0,,19.44,40265.95,23,15.1,7.2,52,10
2872,20240321,2024,56.9,true,false,71,,0,,18.15,40210.57,21.3,13.65,6,78,26.4
243,20240322,2024,36,true,false,65,,0,,20.7,40334.53,23.3,15.600000000000001,7.9,62,12.7
352,20240322,2024,34.2,true,false,1139,,0,,20.4,40563.84,25.3,16.75,8.2,10,14.8
353,20240322,2024,30.2,true,false,324,,0,,20.48,40348.24,25,17.75,10.5,73,14.1
354,20240322,2024,50.4,true,false,2127,,0,,20.61,40547.31,23.5,16.55,9.6,73,17.9
355,20240322,2024,49.3,true,false,1823,,0,,20.76,40336.43,23.1,17.65,12.2,63,20.1
356,20240322,2024,45.7,true,false,999,,0,,20.66,40233.87,25.9,20.4,14.9,35,25.1
357,20240322,2024,38.2,true,false,456,,0,,20.25,40539.27,27.9,19.95,12,42,16.5
358,20240322,2024,40,true,false,2587,,0,,20.33,40645.36,25.7,17.75,9.8,32,18.7
359,20240322,2024,29.5,true,false,1025,,0,,20.27,40531.54,26.1,19.35,12.6,36,15.6
360,20240322,2024,24.1,true,false,521,,0,,20.62,40121.88,20.2,14.149999999999999,8.1,60,10.7
361,20240322,2024,55.4,true,false,893,,0,,20.76,40433.55,22.8,17.75,12.7,69,19.6
362,20240322,2024,41.8,true,false,1240,,0,,20.96,40424.52,20.2,15.2,10.2,65,15
363,20240322,2024,40.7,true,false,1004,,0,,20.6,40342.52,25.7,18.05,10.4,70,19.7
364,20240322,2024,28.1,true,false,490,,0,,20.66,40325.21,23.9,17.2,10.5,84,10.1
365,20240322,2024,36,true,false,540,,0,,20.97,40423.82,19.4,14.399999999999999,9.4,82,12.8
366,20240322,2024,40,true,false,456,,0,,20.33,40645.36,25.6,17.65,9.7,32,18.7
367,20240322,2024,42.8,true,false,61,,0,,20.88,40328.05,22.3,16,9.7,49,13.8
368,20240322,2024,34.2,true,false,1766,,0,,20.4,40563.84,27,18.45,9.9,10,14.8
369,20240322,2024,37.1,true,false,1489,,0,,20.48,40664.94,22.6,14.700000000000001,6.8,24,14.7
882,20240322,2024,31.3,true,false,1464,,0,,20.28,40458.8,27.7,19.8,11.9,62,17.7
1628,20240322,2024,46.1,true,false,2368,,0,,20.62,40447.26,26.9,20.9,14.9,70,18.1
2779,20240322,2024,43.9,true,false,1394,,0,,20.54,40554.53,26.8,18.45,10.1,35,17.6
2841,20240322,2024,31.7,true,false,1019,,0,,20.59,40655.71,25.4,17.5,9.6,38,13.3
2873,20240322,2024,52.9,true,false,71,,0,,20.62,40343.47,24,17.8,11.6,74,24.6
244,20240323,2024,48.6,true,false,65,,0,,20.69,40549.24,20.6,15.100000000000001,9.6,62,20.3
370,20240323,2024,51.5,true,false,694,,0,,20.38,40672.11,21.3,16.25,11.2,120,21.1
371,20240323,2024,42.1,true,false,2571,,0,,20.69,40919.75,23.1,17.35,11.6,39,18.9
372,20240323,2024,56.2,true,false,2914,,0,,20.53,40652.09,20.3,16.05,11.8,97,21.1
373,20240323,2024,26.3,true,false,1539,,0,,20.87,40797.2,25.2,18.25,11.3,18,10.6
374,20240323,2024,34.2,true,false,1489,,0,,20.87,40903.91,20.8,14.25,7.7,21,14.8
375,20240323,2024,61.9,true,true,2844,,0,,19.88,40564.66,21.3,16.85,12.4,79,30.7
376,20240323,2024,38.2,true,false,2857,,0,,20.12,40428.9,19.6,15.25,10.9,69,13.6
377,20240323,2024,55.4,true,false,1158,,0,,20.93,40675.14,24.2,19.65,15.1,74,25
378,20240323,2024,34.9,true,false,2187,,0,,20.16,40684.33,25.3,19.45,13.6,76,18.2
379,20240323,2024,66.6,true,true,1754,,0,,21.03,40663.45,23.1,19.55,16,80,32.1
380,20240323,2024,34.2,true,false,1128,,0,,17.19,30656.74,27,21.6,16.2,68,15
381,20240323,2024,56.9,true,false,333,,0,,20.13,40665.13,23.3,18.55,13.8,84,27.4
382,20240323,2024,42.1,true,false,1848,,0,,20.21,40558.43,21.6,16,10.4,70,20.3
383,20240323,2024,40.3,true,false,2481,,0,,20.75,40527.07,19.4,14.799999999999999,10.2,90,14.8
384,20240323,2024,72.4,true,false,538,,0,,20.26,40553.34,20.8,17.3,13.8,95,29.7
385,20240323,2024,38.9,true,false,1489,,0,,20.75,40917.95,21.4,15.6,9.8,23,18.4
386,20240323,2024,52.9,true,false,845,,0,,20.63,40559.71,22.7,17.45,12.2,71,26.1
387,20240323,2024,26.3,true,false,1116,,0,,20.87,40797.2,23.9,16.9,9.9,18,10.6
388,20240323,2024,26.3,true,false,1539,,0,,20.87,40797.2,23.9,16.9,9.9,18,10.6
389,20240323,2024,38.9,true,false,456,,0,,20.75,40917.95,22.1,16.35,10.6,23,18.4
390,20240323,2024,42.1,true,false,1082,,0,,20.21,40558.43,21.5,15.9,10.3,70,20.3
391,20240323,2024,66.6,true,true,698,,0,,21.03,40663.45,22.4,18.799999999999997,15.2,80,32.1
392,20240323,2024,66.6,true,true,1754,,0,,21.03,40663.45,23.4,19.85,16.3,80,32.1
883,20240323,2024,43.2,true,false,1464,,0,,20.51,40694.39,25.3,20.1,14.9,64,23
1629,20240323,2024,64.8,true,false,2368,,0,,20.37,40566.73,23.3,19.4,15.5,78,26.6
2780,20240323,2024,47.5,true,false,1394,,0,,20.96,40782.7,25.4,18.35,11.3,49,18.7
2842,20240323,2024,34.9,true,false,1019,,0,,20.97,40784.3,24,16.8,9.6,58,14.4
2874,20240323,2024,65.9,true,true,71,,0,,20.93,40662.01,20.6,16.3,12,77,31.6
245,20240324,2024,37.1,true,false,65,,0,,21.72,40570.54,18.8,12.7,6.6,64,15
393,20240324,2024,24.8,true,false,1898,,0,,21.16,40714.6,21.6,14.600000000000001,7.6,6,9.8
394,20240324,2024,37.4,true,false,87,,0,,21.36,40690.32,19.6,14,8.4,69,14.1
395,20240324,2024,39.6,true,false,1141,,0,,21.5,40828.25,22,17.4,12.8,333,23.8
396,20240324,2024,47.9,true,false,1823,,0,,21.61,40680.41,17.8,13.75,9.7,67,22
397,20240324,2024,38.2,true,false,490,,0,,21.97,40549.36,16,11.5,7,87,13.4
398,20240324,2024,37.1,true,false,758,,0,,21.93,40550.9,15.2,10.35,5.5,98,12.6
399,20240324,2024,43.9,true,false,1812,,0,,21.7,40567.58,16.1,12.100000000000001,8.1,66,19.3
400,20240324,2024,36.7,true,false,1437,,0,,20.86,40732.82,19.9,13.649999999999999,7.4,41,16
401,20240324,2024,47.9,true,false,89,,0,,21.61,40680.41,18.5,14.45,10.4,67,22
402,20240324,2024,36.7,true,false,1437,,0,,20.86,40732.82,19.9,13.649999999999999,7.4,41,16
403,20240324,2024,47.9,true,false,2087,,0,,21.43,40687.34,21,16.9,12.8,78,22.3
404,20240324,2024,29.9,true,false,65,,0,,21.75,40569.22,18.7,12.1,5.5,77,11.2
405,20240324,2024,28.1,true,false,1266,,0,,21.68,40929.6,24.4,18.25,12.1,10,15.9
406,20240324,2024,47.5,true,false,829,,0,,21.56,40682.05,20.4,16.6,12.8,75,19.2
407,20240324,2024,40.3,true,false,660,,0,,21.78,40665.73,20.8,15.05,9.3,64,16
408,20240324,2024,36.7,true,false,1437,,0,,20.86,40732.82,19.6,13.3,7,41,16
409,20240324,2024,43.2,true,false,621,,0,,21.82,40905.82,23.4,17.65,11.9,119,18.7
410,20240324,2024,37.1,true,false,1642,,0,,21.51,40156.39,20,13.6,7.2,34,17.1
411,20240324,2024,41.4,true,false,349,,0,,21.66,40701.15,21.1,16.65,12.2,69,20.6
412,20240324,2024,39.2,true,false,652,,0,,20.7,40740.61,17.6,13.100000000000001,8.6,360,22.2
413,20240324,2024,43.2,true,false,893,,0,,21.37,40688.83,20.7,15.95,11.2,79,18.4
414,20240324,2024,37.1,true,false,1045,,0,,21.93,40550.9,16,11.15,6.3,98,12.6
415,20240324,2024,42.5,true,false,2942,,0,,22.29,40882.1,18.8,14,9.2,100,16.4
416,20240324,2024,25.6,true,false,686,,0,,20.96,40609.52,23.8,17,10.2,54,12.8
417,20240324,2024,36.7,true,false,464,,0,,20.86,40732.82,20.3,14.05,7.8,41,16
418,20240324,2024,24.8,true,false,2063,,0,,21.16,40714.6,20.2,13.2,6.2,6,9.8
419,20240324,2024,42.5,true,false,1581,,0,,21.42,40697.53,21.4,15.25,9.1,57,14.3
420,20240324,2024,47.9,true,false,1823,,0,,21.61,40680.41,18.5,14.45,10.4,67,22
421,20240324,2024,33.1,true,false,2975,,0,,21.86,40552.42,17.4,11.399999999999999,5.4,83,12.9
422,20240324,2024,37.1,true,false,1045,,0,,21.93,40550.9,15.6,10.75,5.9,98,12.6
423,20240324,2024,32.4,true,false,305,,0,,21.75,40577.54,21.5,14.65,7.8,82,15.3
884,20240324,2024,33.1,true,false,1464,,0,,21.16,40606.85,23.6,17.450000000000003,11.3,69,17.2
1630,20240324,2024,58.7,true,false,2368,,0,,21.66,40796.59,22.1,17.65,13.2,77,24.6
2781,20240324,2024,32,true,false,1394,,0,,21.26,40702.65,23.4,16.35,9.3,41,12.3
2843,20240324,2024,24.5,true,false,1019,,0,,21.32,40704.17,21.9,14.899999999999999,7.9,52,10.8
2875,20240324,2024,48.2,true,false,71,,0,,21.5,40581.5,18.7,14.149999999999999,9.6,72,22.6
246,20240325,2024,55.8,false,false,65,,3.8,,13.28,31221.64,10,5.55,1.1,283,24.6
424,20240325,2024,68.4,false,false,2096,,2.9,,12.83,27703.09,12.9,6.3500000000000005,-0.2,275,24.1
885,20240325,2024,50,false,false,1464,,3.1,,12.54,21809.42,13,8.95,4.9,306,25.7
1631,20240325,2024,60.5,false,false,2368,,3.6,,11.45,22387.61,14.3,9.4,4.5,310,25.1
2782,20240325,2024,50.4,false,false,1394,,2.2,,10.81,23892.9,10.7,7.25,3.8,321,18.7
2844,20240325,2024,45.7,false,false,1019,,6.1,,8.97,14795.65,9.5,6.1,2.7,326,19.1
2876,20240325,2024,53.6,false,false,71,,2,,13.38,27784.01,9.5,5,0.5,296,25.4
247,20240326,2024,74.2,false,false,65,,11,,6.61,9537.15,6.5,3.6,0.7,243,28.8
886,20240326,2024,65.2,false,true,1464,,14.7,,8.18,24809.91,11.7,7.25,2.8,256,34.6
1632,20240326,2024,81.4,false,false,2368,,17.1,,7.96,15107.88,8.8,5.300000000000001,1.8,266,29
2783,20240326,2024,52.6,false,false,1394,,14.9,,5,1182.16,8.1,5.25,2.4,211,16.9
2845,20240326,2024,50.4,false,false,1019,,11.9,,4.85,1345.74,6.4,3.9000000000000004,1.4,203,18.4
2877,20240326,2024,63,false,false,71,,12,,6.17,7427.15,6.6,3,-0.6,248,29.9
248,20240327,2024,100.4,false,true,65,,31.4,,4.4,3184.74,9.2,6,2.8,242,41.5
887,20240327,2024,85.3,false,true,1464,,13.8,,8.15,13178.93,13.9,11.15,8.4,246,46.2
1633,20240327,2024,98.3,false,true,2368,,28.1,,9.46,22638.04,12.4,9.35,6.3,250,39.8
2784,20240327,2024,92.2,false,true,1394,,29.1,,2.84,0,10.4,7.35,4.3,234,32.8
2846,20240327,2024,86,false,true,1019,,45,,2.31,0,8.6,5.75,2.9,234,31.8
2878,20240327,2024,92.9,false,true,71,,32.9,,4.17,4285.83,8.3,5.2,2.1,248,40.6
249,20240328,2024,93.2,false,true,65,,27.9,,2.11,0,9,5.7,2.4,219,37.2
888,20240328,2024,72.7,false,true,1464,,23.9,,2.87,0,13.1,10.6,8.1,216,37.8
1634,20240328,2024,90.4,false,true,2368,,25.8,,3.02,0,11.2,8.85,6.5,224,33.9
2785,20240328,2024,79.9,false,false,1394,,55.8,,2.2,0,10.6,7.699999999999999,4.8,203,25.8
2847,20240328,2024,75.2,false,false,1019,,58.2,,1.92,0,9.2,6.1,3,202,25.3
2879,20240328,2024,78.8,false,true,71,,36.7,,2.22,0,8.6,5.65,2.7,220,36
250,20240329,2024,47.2,false,false,65,,18.1,,9.86,14120.49,8,6,4,217,21.3
889,20240329,2024,40,false,false,1464,,16.5,,13.18,33206.55,12.1,9.35,6.6,192,19
1635,20240329,2024,48.2,false,false,2368,,14.2,,11.87,22750.13,11,8.7,6.4,208,20.4
2786,20240329,2024,43.2,false,false,1394,,16.3,,9.21,16530.87,9.9,7.7,5.5,182,15.4
2848,20240329,2024,37.8,false,false,1019,,12,,8.94,14282.68,8.8,6.550000000000001,4.3,178,14.8
2880,20240329,2024,43.6,false,false,71,,18.4,,8.8,13179.87,7.8,5.75,3.7,213,21
251,20240330,2024,46.4,false,false,65,,14.7,,5.45,5934.79,7.5,5.2,2.9,196,16.5
890,20240330,2024,41.4,false,false,1464,,14.2,,6.76,1692.59,10.8,8.65,6.5,188,21.2
1636,20240330,2024,49,false,false,2368,,17.2,,5.61,4243.16,9.3,7.5,5.7,198,18.4
2787,20240330,2024,52.2,false,false,1394,,17.3,,4.19,0,7.6,6.4,5.2,166,15.3
2849,20240330,2024,49.3,false,false,1019,,16.9,,4.19,0,6.3,5.199999999999999,4.1,166,16.2
2881,20240330,2024,42.8,false,false,71,,18.6,,4.79,1518.2,6.6,4.2,1.8,180,18.7
252,20240331,2024,53.6,false,false,65,,9.2,,11.44,28821.67,7.5,5.05,2.6,229,21.1
891,20240331,2024,43.2,false,false,1464,,6.9,,15.33,34495.52,12.5,9.15,5.8,209,21.8
1637,20240331,2024,48.6,false,false,2368,,4.7,,14.4,34599.16,10.6,7.75,4.9,227,20.6
2788,20240331,2024,52.6,false,false,1394,,13.9,,10.74,23835.81,10.2,7.35,4.5,200,18.4
2850,20240331,2024,49.7,false,false,1019,,9.8,,10.48,21574.54,8.8,5.800000000000001,2.8,193,18.6
2882,20240331,2024,48.6,false,false,71,,12.9,,11.22,25262.03,8.3,5.4,2.5,223,20.9
253,20240401,2024,60.8,false,false,65,,26.2,,11.65,26122.75,9.4,6,2.6,226,26.3
892,20240401,2024,51.8,false,false,1464,,23.4,,17.58,36406.59,13.9,10.25,6.6,224,25.6
1638,20240401,2024,60.1,false,false,2368,,10,,14.88,32832.62,12.3,9,5.7,232,23.9
2789,20240401,2024,53.3,false,false,1394,,15.8,,12.03,26324.38,11.1,7.3,3.5,193,19.3
2851,20240401,2024,50.4,false,false,1019,,14.3,,11.23,21631.26,9.6,5.75,1.9,188,18.3
2883,20240401,2024,56.2,false,false,71,,16.4,,12.18,23868.47,9,5.4,1.8,232,25
254,20240402,2024,88.6,false,true,65,,23.3,,4.58,3672.71,10.7,7.8,4.9,199,34.4
255,20240402,2024,85.7,false,true,90,,39.6,,4.5,7200,9.9,7.9,5.9,186,33.2
256,20240402,2024,90,false,false,1245,,17.4,,4.6,1212.7,10.6,8.55,6.5,200,28.5
257,20240402,2024,105.1,false,true,2397,,35.3,,3.8,3600,10.2,8.25,6.3,179,31.3
258,20240402,2024,65.2,false,false,1789,,9.2,,4.38,2352.01,10,7.2,4.4,170,29.5
259,20240402,2024,86.8,false,false,676,,27.4,,4.42,2711.83,8.6,6.9,5.2,193,29.7
260,20240402,2024,91.8,false,true,587,,33.7,,4.56,6781.44,10.7,7.6499999999999995,4.6,200,31.4
261,20240402,2024,95.8,false,true,61,,35.4,,4.19,1108.76,9.5,6.85,4.2,215,34.1
262,20240402,2024,73.1,false,false,533,,33.8,,4.59,351.89,11.1,8.7,6.3,174,23.5
893,20240402,2024,75.2,false,true,1464,,21.9,,5.83,7508.77,14.7,12.75,10.8,191,39.3
1639,20240402,2024,81.4,false,false,2368,,30.7,,4.61,2225.79,13.3,11.4,9.5,195,29.4
2790,20240402,2024,95,false,true,1394,,47.6,,3.95,4206.67,12.1,10.1,8.1,181,32.4
2852,20240402,2024,87.5,false,false,1019,,47.5,,3.58,3597.96,10.7,8.85,7,179,28.8
2884,20240402,2024,83.2,false,true,71,,32.5,,4.69,7200,10.2,7.8999999999999995,5.6,194,34.9
263,20240403,2024,41.4,false,false,533,,2.1,,15.15,37895.82,15.2,11.2,7.2,190,15.6
894,20240403,2024,47.5,false,false,1464,,1.7,,15.7,30353.48,17.5,14.45,11.4,198,24.8
1640,20240403,2024,46.1,false,false,2368,,1.7,,16.46,34985.42,16.7,12.8,8.9,210,19.6
2791,20240403,2024,54.7,false,false,1394,,9.5,,13.31,29339.35,15.5,12.6,9.7,191,22.2
2853,20240403,2024,53.3,false,false,1019,,6.8,,12.87,28670.45,13.9,11.25,8.6,187,22.6
2885,20240403,2024,47.9,false,false,71,,5.1,,15.34,33108.06,13.9,10.6,7.3,215,22.5
264,20240404,2024,54.7,false,false,533,,5,,20.44,40161.88,17.5,12.5,7.5,157,19.8
425,20240404,2024,39.6,true,false,421,,0,,22.56,38080.72,19,14.9,10.8,192,19
426,20240404,2024,43.2,true,false,1534,,0,,20.26,41141.61,18.1,10.9,3.7,201,19.4
895,20240404,2024,39.6,true,false,1464,,0,,18.09,35313.52,17.5,13.45,9.4,188,20.2
1641,20240404,2024,52.2,false,false,2368,,0.4,,20.13,39337.43,19.2,13.8,8.4,172,21.5
2792,20240404,2024,58,false,false,1394,,0.6,,17.85,38396.47,17.2,13.05,8.9,179,23.3
2854,20240404,2024,59.8,false,false,1019,,0.8,,17.82,36692.34,15.8,12.4,9,174,25.1
2886,20240404,2024,48.2,true,false,71,,0,,18.64,39275.69,16.5,10.6,4.7,180,23
265,20240405,2024,73.4,true,false,533,,0,,21.99,40031.47,20.8,15.8,10.8,154,24.8
896,20240405,2024,44.3,true,false,1464,,0,,18.18,27365.87,24.6,19.25,13.9,178,24.3
1642,20240405,2024,63,true,false,2368,,0,,21.46,39600,22.4,17.4,12.4,153,23.1
2793,20240405,2024,67.3,false,false,1394,,0.5,,17.62,30891.81,22.8,17.4,12,170,24
2855,20240405,2024,67.7,false,false,1019,,0.8,,16.87,27894.15,21.4,16.1,10.8,171,26.1
2887,20240405,2024,50.4,true,false,71,,0,,19.9,35880.55,20.7,15.1,9.5,155,23.2
266,20240406,2024,67,false,false,533,,18.3,,6.11,0,16.2,12.95,9.7,173,19.7
897,20240406,2024,50.8,false,false,1464,,13.3,,7.56,4122.22,17.5,14.7,11.9,199,27.7
898,20240406,2024,42.5,false,false,2328,,12.5,,4.23,0,17.8,14.3,10.8,254,23.1
899,20240406,2024,47.9,false,false,24,,17.2,,9.02,5145.37,18.1,15.15,12.2,200,27.4
900,20240406,2024,42.8,false,false,303,,1.6,,8.18,2103.05,20,17.05,14.1,222,19.2
901,20240406,2024,40.7,false,false,606,,2.7,,5.32,0,16,13.4,10.8,201,17.7
902,20240406,2024,64.4,false,true,2161,,11.6,,9.2,5249.47,17.6,15,12.4,190,35.9
903,20240406,2024,33.5,false,false,1555,,1,,7.51,334.04,20,16.9,13.8,214,15.9
904,20240406,2024,47.2,false,false,1350,,0.2,,8.02,1590.38,19.4,16.299999999999997,13.2,207,23.7
905,20240406,2024,41.8,false,false,305,,9.5,,7.65,132.12,17.3,13.95,10.6,213,20
906,20240406,2024,43.6,false,false,1769,,3.9,,8.13,0,19.2,16.2,13.2,204,21.4
907,20240406,2024,30.2,false,false,385,,0.3,,7.66,534.72,19.5,16.7,13.9,213,16.5
908,20240406,2024,75.6,false,false,1539,,28.2,,6.99,1432.61,16.6,14.25,11.9,181,24.8
1643,20240406,2024,58.3,false,false,2368,,13.7,,6.26,0,17,14.15,11.3,202,19.1
2794,20240406,2024,55.1,false,false,1394,,28.2,,6.83,702.83,15,12.9,10.8,187,17.3
2856,20240406,2024,58.3,false,false,1019,,26.3,,6.6,76.93,13.9,11.7,9.5,182,20.2
2888,20240406,2024,50,false,false,71,,15.7,,7.65,713.04,14.1,11.6,9.1,212,19.8
267,20240407,2024,38.9,false,false,533,,1,,17.99,33058.85,16.7,12.7,8.7,207,14.6
1132,20240407,2024,32.4,false,false,2476,,3.3,,22.27,35499.98,21.2,16.05,10.9,281,16.2
1133,20240407,2024,31,false,false,3056,,3.4,,21.99,36061.55,21.3,16.1,10.9,274,15.5
1134,20240407,2024,36.4,false,false,1531,,1.2,,16.59,33999.89,17.4,13.899999999999999,10.4,209,17
1135,20240407,2024,34.2,false,false,1051,,6.8,,19.95,35765.69,20,15.4,10.8,253,16.5
1136,20240407,2024,38.2,false,false,1493,,3.6,,19.73,33087.97,17,14.25,11.5,205,20.9
1137,20240407,2024,35.3,false,false,3073,,1.8,,22.62,38169.47,21.5,17,12.5,278,16.6
1138,20240407,2024,32.8,false,false,1154,,5.5,,19.58,34790.89,20.4,16,11.6,246,16.2
1139,20240407,2024,36.7,false,false,2636,,1.4,,15.87,27186.09,18,14.55,11.1,200,19.8
1140,20240407,2024,36.4,false,false,624,,5.2,,19.53,33280.25,22.3,16.85,11.4,285,16.9
1141,20240407,2024,38.9,false,false,1750,,2.7,,22.33,37930.83,19.9,15.549999999999999,11.2,311,20.5
1644,20240407,2024,39.2,false,false,2368,,0.7,,16.78,32629.61,17.3,13.7,10.1,224,16.4
2795,20240407,2024,44.6,false,false,1394,,1.2,,14.98,23795.05,16.6,13.55,10.5,191,16.3
2857,20240407,2024,47.5,false,false,1019,,1.4,,15.03,24970.91,15.2,12.3,9.4,182,18.2
2889,20240407,2024,39.6,false,false,71,,1.8,,16.2,35554.66,15,11.65,8.3,221,17.7
268,20240408,2024,64.8,false,false,533,,23.5,,11.22,21521.88,9.9,6.75,3.6,298,21.9
1142,20240408,2024,50.4,false,false,1750,,2.4,,18.76,32726.88,17.6,13.600000000000001,9.6,301,25.8
1645,20240408,2024,60.8,false,false,2368,,21.9,,15.17,30619.76,12.4,9.5,6.6,280,24.1
1646,20240408,2024,55.4,false,false,318,,25.5,,13.16,28428.63,11.6,8.15,4.7,268,26.9
1647,20240408,2024,66.2,false,false,1962,,21.2,,11.58,23234.68,13.1,9.05,5,274,22.5
1648,20240408,2024,55.8,false,false,1930,,5.7,,13.5,30487.5,10.2,6.85,3.5,290,27.8
1649,20240408,2024,56.2,false,true,2807,,4,,21.95,42102.96,15.4,13.15,10.9,295,30.5
1650,20240408,2024,59.4,false,false,2845,,21.4,,11.23,24244.75,11.1,7.699999999999999,4.3,262,24.6
1651,20240408,2024,49,false,false,659,,3.1,,19.94,38714.98,16.8,13.100000000000001,9.4,290,27
1652,20240408,2024,59,false,false,362,,17.9,,14.02,27917.31,11.7,8.2,4.7,275,29.2
1653,20240408,2024,55.4,false,false,1124,,17.8,,10.07,17896.93,10.1,6.4,2.7,253,20.7
1654,20240408,2024,55.4,false,true,2331,,1.3,,21.31,38456.88,15.9,12.9,9.9,296,32.4
1655,20240408,2024,52.9,false,false,320,,26.6,,16.03,31035.57,13.9,10,6.1,277,27.1
1656,20240408,2024,58,false,true,2798,,25.6,,14.3,31125.01,12.6,9.35,6.1,271,30.3
1657,20240408,2024,47.5,false,false,1310,,1.4,,16.89,27672.04,18.7,14.45,10.2,280,21.3
1658,20240408,2024,64.8,false,false,647,,23.5,,11.22,21521.88,8.5,5.35,2.2,298,21.9
1659,20240408,2024,65.5,false,false,2571,,24.3,,13.9,26467.38,11.9,9.35,6.8,268,25.2
2796,20240408,2024,55.1,false,false,1394,,30.7,,9.75,20071.36,11,7.85,4.7,291,19.4
2858,20240408,2024,53.3,false,false,1019,,25.1,,9.34,18853.36,9.4,6.45,3.5,291,20.5
2890,20240408,2024,60.1,false,false,71,,35.9,,12.11,30069.82,8.8,5.4,2,273,29.7
269,20240409,2024,31.7,true,false,533,,0,,24.47,43820.55,14.3,7.800000000000001,1.3,347,10.7
1143,20240409,2024,40.7,true,false,1750,,0,,25.41,42268.49,18.5,12.5,6.5,22,22.1
1660,20240409,2024,29.9,true,false,2571,,0,,20.94,42229.09,14.9,10,5.1,5,13.8
2797,20240409,2024,29.5,true,false,1394,,0,,22.58,43392.84,15,8.85,2.7,355,11.3
2859,20240409,2024,32.4,true,false,1019,,0,,22.15,43023.4,13.4,7.95,2.5,359,13.7
2891,20240409,2024,26.6,true,false,71,,0,,23.65,43863.49,12.7,6.1499999999999995,-0.4,321,11
2892,20240409,2024,29.5,true,false,607,,0,,22.58,43392.84,16.1,9.9,3.7,355,11.3
2893,20240409,2024,29.5,true,false,2217,,0,,22.58,43392.84,12.9,6.7,0.5,355,11.3
2894,20240409,2024,25.6,true,false,1581,,0,,22.73,42989.02,13.9,7.45,1,11,9.1
2895,20240409,2024,22,true,false,2844,,0,,24.21,43836.6,15.2,9.4,3.6,8,9.2
2896,20240409,2024,32,true,false,1525,,0,,22.36,43664.66,16,10.25,4.5,353,13.5
2897,20240409,2024,30.6,true,false,929,,0,,22.77,43874.3,15.9,9.7,3.5,350,15
2898,20240409,2024,29.5,true,false,1432,,0,,22.58,43392.84,13.5,7.35,1.2,355,11.3
2929,20240409,2024,24.8,true,false,1501,,0,,23.55,43863.48,15.5,9.3,3.1,332,10.3
2930,20240409,2024,36,true,false,777,,0,,24.1,43825.89,16.4,10.549999999999999,4.7,15,18.6
2931,20240409,2024,25.6,true,false,1917,,0,,23.35,43863.48,16.1,9.8,3.5,348,13
2932,20240409,2024,22,true,false,355,,0,,24.21,43836.6,16.1,10.3,4.5,8,9.2
2933,20240409,2024,25.6,true,false,2403,,0,,23.35,43863.48,16.1,9.8,3.5,348,13
2934,20240409,2024,43.9,true,false,2920,,0,,24.31,43733.29,15.5,11.75,8,356,23.7
2935,20240409,2024,25.6,true,false,445,,0,,21.16,42596.26,8.1,2.5999999999999996,-2.9,4,9
2936,20240409,2024,26.6,true,false,89,,0,,23.65,43863.49,14.2,7.6499999999999995,1.1,321,11
2967,20240409,2024,32.8,true,false,1769,,0,,25.03,43653.36,18.5,12.35,6.2,12,14.2
2968,20240409,2024,33.1,true,false,3188,,0,,23.39,43858.1,16.2,10.25,4.3,356,16.7
2969,20240409,2024,29.5,true,false,1210,,0,,22.58,43392.84,13.3,7.1000000000000005,0.9,355,11.3
2970,20240409,2024,26.6,true,false,2458,,0,,24.34,43778.1,18.1,10.8,3.5,15,14.7
2971,20240409,2024,27.7,true,false,352,,0,,24.12,43836.6,16.9,11,5.1,3,14.8
2972,20240409,2024,26.6,true,false,71,,0,,23.65,43863.49,13.4,6.8500000000000005,0.3,321,11
2973,20240409,2024,29.5,true,false,87,,0,,23.05,43615.21,12.2,5.8,-0.6,353,10.9
2974,20240409,2024,32,true,false,2494,,0,,22.36,43664.66,15,9.25,3.5,353,13.5
2975,20240409,2024,42.1,true,false,2754,,0,,22.82,43119.33,14.3,11.75,9.2,353,21.1
2976,20240409,2024,33.8,true,false,1352,,0,,23.15,43863.48,16.2,9.95,3.7,352,17
2977,20240409,2024,27.7,true,false,209,,0,,24.96,43799.27,15.7,9.45,3.2,46,12.8
2978,20240409,2024,27,true,false,1065,,0,,23.25,43868.88,12.2,5.6499999999999995,-0.9,333,11.4
2979,20240409,2024,32.8,true,false,28,,0,,25.4,43581.56,19.2,12.899999999999999,6.6,11,15.6
2980,20240409,2024,33.5,true,false,2455,,0,,24.3,43809.9,14.6,8.85,3.1,15,13.1
2981,20240409,2024,32,true,false,1445,,0,,22.36,43664.66,15.9,10.2,4.5,353,13.5
3012,20240409,2024,24.5,true,false,2915,,0,,23.99,43847.33,14.9,8.85,2.8,352,11.2
3013,20240409,2024,22,true,false,1688,,0,,24.21,43836.6,16.6,10.8,5,8,9.2
3014,20240409,2024,32,true,false,2494,,0,,22.36,43664.66,15,9.25,3.5,353,13.5
3045,20240409,2024,26.3,true,false,110,,0,,24.41,43863.49,14.2,8.25,2.3,305,12.2
3046,20240409,2024,29.9,true,false,95,,0,,22.74,43879.71,14.2,7.85,1.5,350,12.5
3077,20240409,2024,32.8,true,false,523,,0,,23.35,43858.09,11.7,5.699999999999999,-0.3,345,14.4
3108,20240409,2024,25.6,true,false,2872,,0,,23.35,43863.48,16.1,9.8,3.5,348,13
3139,20240409,2024,25.6,true,false,2403,,0,,23.35,43863.48,16.1,9.8,3.5,348,13
270,20240410,2024,20.9,true,false,533,,0,,23.46,43976.25,20.1,13.25,6.4,53,7.6
1144,20240410,2024,32,true,false,1750,,0,,24.39,43191.55,23.4,16.65,9.9,52,18.4
1661,20240410,2024,18,true,false,2571,,0,,23.08,44063.09,20.7,12.8,4.9,33,9.4
2798,20240410,2024,22.7,true,false,1394,,0,,23.47,44045.57,20.5,13.6,6.7,10,8.7
2899,20240410,2024,22.7,true,false,1432,,0,,23.47,44045.57,19,12.1,5.2,10,8.7
2937,20240410,2024,23,true,false,89,,0,,23.37,44022.32,20.1,12.55,5,50,11.5
2982,20240410,2024,23.8,true,false,1445,,0,,23.38,44045.57,21.4,14,6.6,1,10.5
3015,20240410,2024,23.8,true,false,2494,,0,,23.38,44045.57,20.5,13.1,5.7,1,10.5
3047,20240410,2024,18.4,true,false,95,,0,,23.3,44039.74,19.8,12.2,4.6,358,8.1
3078,20240410,2024,19.4,true,false,523,,0,,23.39,44016.54,17.5,11.05,4.6,55,11.5
3109,20240410,2024,16.9,true,false,2872,,0,,23.21,44022.33,21.7,13.45,5.2,45,8.6
3140,20240410,2024,16.9,true,false,2403,,0,,23.21,44022.33,21.7,13.45,5.2,45,8.6
4257,20240410,2024,25.2,true,false,1605,,0,,23.51,43404.3,21.5,14.05,6.6,40,11.2
4258,20240410,2024,27.4,true,false,1317,,0,,23.73,42273.84,22.2,14.149999999999999,6.1,8,15.9
4259,20240410,2024,24.1,true,false,2654,,0,,23.89,42801.2,23.2,15.8,8.4,27,13
271,20240411,2024,33.1,true,false,533,,0,,24.13,43072.13,24.1,16.950000000000003,9.8,101,11.6
1145,20240411,2024,37.1,true,false,1750,,0,,24.8,42891.13,26.6,20.25,13.9,59,21.4
1662,20240411,2024,19.4,true,false,2571,,0,,22.79,42813.18,26.1,18.200000000000003,10.3,45,9.9
2799,20240411,2024,23.8,true,false,1394,,0,,23.14,43217.4,25.4,17.65,9.9,29,9.7
2900,20240411,2024,23.8,true,false,1432,,0,,23.14,43217.4,23.9,16.15,8.4,29,9.7
2938,20240411,2024,40,true,false,89,,0,,23.54,41885.5,24.6,17.15,9.7,77,18.5
2983,20240411,2024,15.1,true,false,1445,,0,,23.09,43188.33,26.1,18.200000000000003,10.3,18,6.8
3016,20240411,2024,15.1,true,false,2494,,0,,23.09,43188.33,25.1,17.25,9.4,18,6.8
3048,20240411,2024,16.9,true,false,95,,0,,23.03,43093.86,24.2,16.15,8.1,13,7.1
3079,20240411,2024,22.7,true,false,523,,0,,23.7,41779.17,19.8,14.15,8.5,96,10.1
3110,20240411,2024,29.5,true,false,2872,,0,,23.09,41587.66,26.5,18.55,10.6,95,14.1
3141,20240411,2024,29.5,true,false,2403,,0,,23.09,41587.66,26.5,18.55,10.6,95,14.1
4318,20240411,2024,28.4,true,false,87,,0,,23.14,42792.47,23.1,16,8.9,76,12.7
4319,20240411,2024,34.2,true,false,3123,,0,,24.1,44070.62,27.8,19.3,10.8,49,19.5
272,20240412,2024,35.6,true,false,533,,0,,24.63,44285.69,26,19.35,12.7,69,12.8
1146,20240412,2024,36.7,true,false,1750,,0,,25.32,43971.91,25.1,19.35,13.6,136,21.1
1663,20240412,2024,25.6,true,false,2571,,0,,24.28,44384.36,27.8,21.7,15.6,144,10.8
2800,20240412,2024,24.1,true,false,1394,,0,,24.6,44364.44,26.6,19.25,11.9,36,10
2901,20240412,2024,24.1,true,false,1432,,0,,24.6,44364.44,25.1,17.75,10.4,36,10
2939,20240412,2024,30.6,true,false,89,,0,,24.52,44338.02,26.3,19.15,12,59,14.6
2984,20240412,2024,20.5,true,false,1445,,0,,24.5,44364.44,27.5,20.15,12.8,284,8.6
3017,20240412,2024,20.5,true,false,2494,,0,,24.5,44364.44,26.5,19.2,11.9,284,8.6
3049,20240412,2024,25.2,true,false,95,,0,,24.41,44357.82,25.6,18.1,10.6,287,10.8
3080,20240412,2024,19.8,true,false,523,,0,,24.81,44331.45,23.4,17.299999999999997,11.2,107,11.1
3111,20240412,2024,28.4,true,false,2872,,0,,24.32,44338.03,27.5,19.9,12.3,142,13.8
3142,20240412,2024,28.4,true,false,2403,,0,,24.32,44338.03,27.5,19.9,12.3,142,13.8
273,20240413,2024,33.1,false,false,533,,0.2,,23.36,44439.23,25.5,20.5,15.5,15,12.5
492,20240413,2024,26.3,true,false,2845,,0,,23.47,43342.75,26,19.2,12.4,20,11.9
493,20240413,2024,25.6,true,false,3249,,0,,23.37,43379.89,26,19.45,12.9,25,12.2
494,20240413,2024,24.8,true,false,1923,,0,,23.48,43254.93,26.8,19.8,12.8,96,11.9
495,20240413,2024,22.3,true,false,1131,,0,,23.34,40175.21,25.7,19.7,13.7,358,8.2
496,20240413,2024,21.6,true,false,1542,,0,,23.35,40596.82,23.4,18.25,13.1,151,7.5
497,20240413,2024,24.5,true,false,2126,,0,,23.35,43023.08,27.4,19.799999999999997,12.2,153,11.2
498,20240413,2024,18,true,false,2708,,0,,23.79,43286.74,22.9,18.25,13.6,150,8.1
499,20240413,2024,24.5,true,false,1812,,0,,23.89,43198.93,23.2,17.8,12.4,38,10.3
500,20240413,2024,20.5,true,false,2571,,0,,23.14,39526.84,26.2,20.8,15.4,21,8.5
1147,20240413,2024,30.2,true,false,1750,,0,,25.55,44107.13,26.1,18.5,10.9,120,14.2
1664,20240413,2024,20.5,true,false,2571,,0,,23.14,39526.84,26.2,20.8,15.4,21,8.5
2801,20240413,2024,20.5,true,false,1394,,0,,23.4,42786.36,26.8,20,13.2,25,8.4
2902,20240413,2024,20.5,true,false,1432,,0,,23.4,42786.36,25.3,18.5,11.7,25,8.4
2940,20240413,2024,25.6,true,false,89,,0,,23.37,43379.89,25.9,19.35,12.8,25,12.2
2985,20240413,2024,18.4,true,false,1445,,0,,23.32,41882.71,27.5,20.2,12.9,353,7.9
3018,20240413,2024,18.4,true,false,2494,,0,,23.32,41882.71,26.6,19.3,12,353,7.9
3050,20240413,2024,23.8,true,false,95,,0,,23.28,42644.14,25.5,18.2,10.9,323,10.3
3081,20240413,2024,18.7,true,false,523,,0,,23.77,43397.27,23.8,19.1,14.4,58,9.3
3112,20240413,2024,24.5,true,false,2872,,0,,23.35,43023.08,27.4,19.799999999999997,12.2,153,11.2
3143,20240413,2024,24.5,true,false,2403,,0,,23.35,43023.08,27.4,19.799999999999997,12.2,153,11.2
274,20240414,2024,28.4,false,false,533,,0.1,,22.59,43528.9,25.4,20.9,16.4,310,10.9
501,20240414,2024,29.2,true,false,2482,,0,,25.44,44221.27,25,19.05,13.1,87,14.8
502,20240414,2024,36,true,false,758,,0,,23.72,42320.26,22,16.7,11.4,239,14.3
503,20240414,2024,27.7,true,false,621,,0,,23.27,43296.66,25.7,20.6,15.5,344,10.9
504,20240414,2024,25.9,true,false,2244,,0,,23.47,42692.34,27.1,20.85,14.6,331,12.7
505,20240414,2024,33.5,true,false,523,,0,,23.31,42182.5,23.5,18.55,13.6,298,15.3
506,20240414,2024,27,true,false,457,,0,,23.84,44016.27,25.7,18.95,12.2,343,12.2
507,20240414,2024,25.6,true,false,2077,,0,,23.74,42380.08,26.2,20.7,15.2,341,12.1
1148,20240414,2024,27,true,false,1750,,0,,25.37,44241.52,26.8,20.5,14.2,138,12.9
1665,20240414,2024,27,true,false,2571,,0,,23.84,44016.27,26.9,20.1,13.3,343,12.2
2802,20240414,2024,32.8,true,false,1394,,0,,23.95,43794.94,26.7,20.6,14.5,2,12.9
2903,20240414,2024,32.8,true,false,1432,,0,,23.95,43794.94,25.2,19.1,13,2,12.9
2941,20240414,2024,28.1,true,false,89,,0,,23.05,42583.77,25.8,19.6,13.4,326,12.8
2986,20240414,2024,34.9,true,false,1445,,0,,23.88,43538.47,27.3,21.2,15.1,351,15.5
3019,20240414,2024,34.9,true,false,2494,,0,,23.88,43538.47,26.4,20.299999999999997,14.2,351,15.5
3051,20240414,2024,33.1,true,false,95,,0,,23.75,43530.61,25.6,19.4,13.2,346,15.1
3082,20240414,2024,33.5,true,false,523,,0,,23.31,42182.5,23.5,18.55,13.6,298,15.3
3113,20240414,2024,24.5,true,false,2872,,0,,23.26,42656.28,26.8,20.25,13.7,329,12.2
3144,20240414,2024,24.5,true,false,2403,,0,,23.26,42656.28,26.8,20.25,13.7,329,12.2
275,20240415,2024,31,true,false,533,,0,,25.67,44743.41,22.5,17.1,11.7,329,10.5
508,20240415,2024,41.8,true,false,1774,,0,,25.46,44820.58,22.9,17.25,11.6,351,20.2
509,20240415,2024,24.5,true,false,318,,0,,25.26,44789.56,23.5,17.25,11,350,11.3
510,20240415,2024,43.2,true,false,437,,0,,26.02,44851.8,18.5,13.4,8.3,27,16.4
511,20240415,2024,43.2,true,false,2934,,0,,26.02,44851.8,19.9,14.75,9.6,27,16.4
1149,20240415,2024,36,true,false,1750,,0,,25.58,44374.98,27.2,19.9,12.6,334,18.6
1666,20240415,2024,37.1,true,false,2571,,0,,25.35,44859.64,21.7,14.8,7.9,10,17.4
2803,20240415,2024,35.3,true,false,1394,,0,,25.93,44836.16,23.1,17.25,11.4,15,13.8
2904,20240415,2024,35.3,true,false,1432,,0,,25.93,44836.16,21.6,15.75,9.9,15,13.8
2942,20240415,2024,27.7,true,false,89,,0,,25.43,44805.04,23.4,16.799999999999997,10.2,338,12.4
2987,20240415,2024,44.6,true,false,1445,,0,,25.78,44836.16,22.7,17.35,12,357,19.5
3020,20240415,2024,44.6,true,false,2494,,0,,25.78,44836.16,21.8,16.45,11.1,357,19.5
3052,20240415,2024,44.6,true,false,95,,0,,25.66,44828.36,21.4,15.75,10.1,355,20
3083,20240415,2024,27.7,true,false,523,,0,,25.77,44797.3,20.5,15.05,9.6,354,13.3
3114,20240415,2024,34.9,true,false,2872,,0,,25.36,44805.04,24.1,17.200000000000003,10.3,353,18
3145,20240415,2024,34.9,true,false,2403,,0,,25.36,44805.04,24.1,17.200000000000003,10.3,353,18
276,20240416,2024,24.1,true,false,533,,0,,25.47,44893.85,23.5,16.65,9.8,9,8.2
512,20240416,2024,28.1,true,false,523,,0,,25.54,44950.4,19.9,13.799999999999999,7.7,23,13.2
513,20240416,2024,49.3,true,false,437,,0,,25.75,45007.63,17.2,11.5,5.8,56,15.7
514,20240416,2024,28.4,true,false,621,,0,,24.46,44885.82,23.2,17.25,11.3,341,13.6
515,20240416,2024,42.1,true,false,2934,,0,,25.62,45007.63,19.5,13.65,7.8,41,15.7
516,20240416,2024,27.7,true,false,545,,0,,25.69,44901.89,19.8,14.05,8.3,66,10.8
517,20240416,2024,32.8,true,false,2189,,0,,25.4,44934.18,21.6,14.9,8.2,45,17.2
518,20240416,2024,28.4,true,false,621,,0,,24.46,44885.82,23.3,17.35,11.4,341,13.6
519,20240416,2024,49.3,true,false,1370,,0,,25.46,44999.41,21.4,15.149999999999999,8.9,7,19.2
520,20240416,2024,47.5,true,false,3076,,0,,25.3,45015.86,19.7,13.7,7.7,24,20.4
521,20240416,2024,49.3,true,false,1539,,0,,25.46,44999.41,22.3,16,9.7,7,19.2
522,20240416,2024,47.5,true,false,2934,,0,,25.3,45015.86,21.1,15.15,9.2,24,20.4
523,20240416,2024,40.7,true,false,1718,,0,,25.24,44983.02,22,15.15,8.3,16,19.1
1150,20240416,2024,28.1,true,false,1750,,0,,26.39,44507.41,25.8,18.15,10.5,336,14.1
1667,20240416,2024,43.2,true,false,2571,,0,,25.15,45015.86,21,14.65,8.3,29,19.6
2804,20240416,2024,37.8,true,false,1394,,0,,25.52,44991.21,23.1,16.3,9.5,32,13.6
2905,20240416,2024,37.8,true,false,1432,,0,,25.52,44991.21,21.6,14.8,8,32,13.6
2943,20240416,2024,27,true,false,89,,0,,25.27,44958.54,23.4,16.299999999999997,9.2,64,13.2
2988,20240416,2024,40.7,true,false,1445,,0,,25.42,44991.21,22.8,16.2,9.6,3,17.3
3021,20240416,2024,40.7,true,false,2494,,0,,25.42,44991.21,21.9,15.25,8.6,3,17.3
3053,20240416,2024,38.9,true,false,95,,0,,25.32,44983.02,21.4,14.799999999999999,8.2,5,16.9
3084,20240416,2024,28.1,true,false,523,,0,,25.54,44950.4,19.9,13.799999999999999,7.7,23,13.2
3115,20240416,2024,30.6,true,false,2872,,0,,25.16,44958.54,24,16.55,9.1,4,16.6
3146,20240416,2024,30.6,true,false,2403,,0,,25.16,44958.54,24,16.55,9.1,4,16.6
277,20240417,2024,32.4,true,false,533,,0,,25.74,45043.03,20.1,14.9,9.7,98,11.7
524,20240417,2024,37.1,true,false,2709,,0,,25.3,45076.78,22.9,18.15,13.4,50,20.1
525,20240417,2024,31.7,true,false,1390,,0,,23.5,42811.74,25.8,19.1,12.4,338,17.5
526,20240417,2024,26.3,true,false,1342,,0,,25.78,45153.55,17.8,11.25,4.7,358,11.2
527,20240417,2024,36.7,true,false,3087,,0,,25.52,45127.83,17.9,11.85,5.8,70,19.5
528,20240417,2024,27.4,true,false,2597,,0,,23.77,41279.63,26.5,19.65,12.8,13,14.7
529,20240417,2024,49,true,false,580,,0,,25.26,44064.87,20.9,15.899999999999999,10.9,61,19
530,20240417,2024,31,true,false,2551,,0,,24.87,42364.34,24,18.15,12.3,15,16.9
531,20240417,2024,42.8,true,false,2934,,0,,25.66,45170.78,20.8,14.4,8,31,19
532,20240417,2024,35.6,true,false,1539,,0,,25.67,45153.55,22.5,15.05,7.6,8,11.5
1151,20240417,2024,22.3,true,false,1750,,0,,24.08,43357.18,26.5,19.55,12.6,11,10.4
1668,20240417,2024,43.6,true,false,2571,,0,,25.5,45170.78,20,13.6,7.2,38,20.2
2805,20240417,2024,38.9,true,false,1394,,0,,25.73,45144.96,22.4,15.2,8,47,15
2906,20240417,2024,38.9,true,false,1432,,0,,25.73,45144.96,20.9,13.7,6.5,47,15
2944,20240417,2024,54.7,true,false,89,,0,,25.62,45110.75,20.1,15.100000000000001,10.1,78,26.3
2989,20240417,2024,25.6,true,false,1445,,0,,25.57,45144.96,22.9,15.399999999999999,7.9,8,9.8
3022,20240417,2024,25.6,true,false,2494,,0,,25.57,45144.96,22,14.5,7,8,9.8
3054,20240417,2024,28.8,true,false,95,,0,,25.45,45136.39,21.2,13.899999999999999,6.6,17,12.4
3085,20240417,2024,35.3,true,false,523,,0,,25.84,45102.24,15.9,11,6.1,89,14.8
3116,20240417,2024,35.3,true,false,2872,,0,,25.33,45110.75,22.2,16.9,11.6,71,17.1
3147,20240417,2024,35.3,true,false,2403,,0,,25.33,45110.75,22.2,16.9,11.6,71,17.1
278,20240418,2024,45.7,true,false,533,,0,,25.15,44686.69,20.2,14.55,8.9,101,15
533,20240418,2024,36,true,false,1646,,0,,26.05,45252.68,20.8,13.8,6.8,88,14.9
534,20240418,2024,33.8,true,false,2789,,0,,26.29,45324.28,18.5,12,5.5,93,12.3
535,20240418,2024,36.7,true,false,2111,,0,,24.9,45164.55,22,16.2,10.4,77,15.9
536,20240418,2024,51.5,true,false,1266,,0,,25.29,45173.3,24.4,20.45,16.5,88,29.8
537,20240418,2024,52.9,true,false,543,,0,,25.43,43405.34,18.6,13.4,8.2,105,18.9
538,20240418,2024,38.5,true,false,523,,0,,26.15,45252.68,16.5,10.5,4.5,98,16.6
1152,20240418,2024,32,true,false,1750,,0,,25.63,43205.8,22.8,17.95,13.1,178,14.8
1669,20240418,2024,27,true,false,2571,,0,,25.59,45324.28,23.5,15.2,6.9,31,11.2
2806,20240418,2024,27.4,true,false,1394,,0,,26.23,45297.31,23.5,16.3,9.1,70,10.4
2907,20240418,2024,27.4,true,false,1432,,0,,26.23,45297.31,22,14.8,7.6,70,10.4
2945,20240418,2024,54.7,true,false,89,,0,,25.88,45261.57,21.4,15.85,10.3,82,26.2
2990,20240418,2024,23.4,true,false,1445,,0,,26.01,45297.31,24.4,16.549999999999997,8.7,93,9.4
3023,20240418,2024,23.4,true,false,2494,,0,,26.01,45297.31,23.5,15.65,7.8,93,9.4
3055,20240418,2024,28.4,true,false,95,,0,,25.95,45288.35,22.3,14.8,7.3,78,11.3
3086,20240418,2024,38.5,true,false,523,,0,,26.15,45252.68,17.1,11.15,5.2,98,16.6
3117,20240418,2024,36.7,true,false,2872,,0,,25.58,45261.58,23.4,18.049999999999997,12.7,82,18.7
3148,20240418,2024,36.7,true,false,2403,,0,,25.58,45261.58,23.4,18.049999999999997,12.7,82,18.7
279,20240419,2024,37.1,false,false,533,,0.1,,20.65,45337.16,20.8,14.850000000000001,8.9,90,14.2
539,20240419,2024,40,false,false,2247,,0.1,,24.85,45438.8,17.8,11.8,5.8,84,15.5
540,20240419,2024,42.5,true,false,864,,0,,18.39,39852.99,24,18.3,12.6,72,24
541,20240419,2024,42.8,true,false,3235,,0,,20.44,38352.28,21.5,16.2,10.9,84,23
542,20240419,2024,54.7,true,false,339,,0,,21.22,41079.48,22,16.2,10.4,97,24.9
543,20240419,2024,58,false,false,2949,,0.1,,23.75,44333.34,21.3,15.8,10.3,87,28.1
544,20240419,2024,34.6,false,false,3031,,7.4,,18.42,39847.51,21.7,17.2,12.7,38,21.5
545,20240419,2024,47.2,false,false,380,,0.1,,17.86,39323.23,22.2,17.8,13.4,69,27.9
546,20240419,2024,31.3,true,false,1082,,0,,23.14,45392.36,21.5,14.4,7.3,75,14.8
1153,20240419,2024,50,false,false,1750,,0.5,,20.12,35518.79,21.7,17.15,12.6,137,25.6
1670,20240419,2024,21.6,false,false,2571,,0.1,,22.98,45476.25,24.2,15.8,7.4,38,9.4
2807,20240419,2024,33.8,false,false,1394,,0.2,,22.49,45448.14,23.9,16.75,9.6,24,13.4
2908,20240419,2024,33.8,false,false,1432,,0.2,,22.49,45448.14,22.4,15.25,8.1,24,13.4
2946,20240419,2024,52.9,false,false,89,,0.5,,23.47,44987.12,22.7,16.25,9.8,77,26
2991,20240419,2024,24.1,false,false,1445,,0.2,,22.24,45288.38,24.3,16.95,9.6,14,9.6
3024,20240419,2024,24.1,false,false,2494,,0.2,,22.24,45288.38,23.4,16.049999999999997,8.7,14,9.6
3056,20240419,2024,28.4,true,false,95,,0,,22.46,43446.55,22.5,15.55,8.6,6,10.6
3087,20240419,2024,26.3,true,false,523,,0,,25.28,45401.61,17.6,11.15,4.7,106,10.2
3118,20240419,2024,46.4,false,false,2872,,0.1,,22.11,42132.38,24.9,18.85,12.8,110,24.6
3149,20240419,2024,46.4,false,false,2403,,0.1,,22.11,42132.38,24.9,18.85,12.8,110,24.6
280,20240420,2024,27.4,true,false,533,,0,,24.36,45481.89,21.9,16.35,10.8,51,9.7
547,20240420,2024,23.8,true,false,2209,,0,,24.43,45539.3,25,18.6,12.2,74,11.8
548,20240420,2024,32,true,false,1370,,0,,24.6,45607.05,23.3,17.55,11.8,358,12
549,20240420,2024,27,false,false,2712,,2.6,,24.81,45626.57,22.6,16.4,10.2,5,11
550,20240420,2024,30.2,false,false,437,,0.3,,24.87,45616.8,21.8,15.7,9.6,8,11.5
551,20240420,2024,26.6,true,false,442,,0,,24.57,45597.32,23.6,17.4,11.2,348,11
552,20240420,2024,32,true,false,1370,,0,,24.6,45607.05,24,18.3,12.6,358,12
553,20240420,2024,32,true,false,368,,0,,24.2,45510.52,23.3,16.7,10.1,69,14.8
554,20240420,2024,26.6,true,false,1707,,0,,24.46,45074.41,22.7,15.6,8.5,28,10.3
555,20240420,2024,24.1,true,false,3074,,0,,24.26,45415.35,22.1,15.65,9.2,64,9.5
556,20240420,2024,30.2,false,false,437,,0.3,,24.87,45616.8,21.8,15.7,9.6,8,11.5
557,20240420,2024,30.2,true,false,1162,,0,,25.34,45558.57,20.1,14.15,8.2,59,11.9
558,20240420,2024,35.6,true,false,612,,0,,25.52,45577.91,18.9,13.7,8.5,63,15.6
1154,20240420,2024,34.9,false,false,1750,,0.6,,23.33,45024.91,22,16.55,11.1,128,15.3
1671,20240420,2024,22,true,false,2571,,0,,24.3,45626.57,24.3,17.45,10.6,350,8.2
2808,20240420,2024,24.5,false,false,1394,,0.6,,24.66,45597.32,24.1,17.9,11.7,9,10
2909,20240420,2024,24.5,false,false,1432,,0.6,,24.66,45597.32,22.6,16.4,10.2,9,10
2947,20240420,2024,33.1,true,false,89,,0,,24.76,45558.57,23.1,16.65,10.2,78,14.6
2992,20240420,2024,26.6,true,false,1445,,0,,24.57,45597.32,24.5,18.3,12.1,348,11
3025,20240420,2024,26.6,true,false,2494,,0,,24.57,45597.32,23.6,17.4,11.2,348,11
3057,20240420,2024,25.6,true,false,95,,0,,24.53,45587.61,23.1,16.75,10.4,330,11
3088,20240420,2024,33.8,true,false,523,,0,,25.27,45548.93,19,13.9,8.8,60,14.4
3119,20240420,2024,22.7,true,false,2872,,0,,24.71,45558.57,25.5,18.65,11.8,55,12
3150,20240420,2024,22.7,true,false,2403,,0,,24.71,45558.57,25.5,18.65,11.8,55,12
281,20240421,2024,27,true,false,533,,0,,27.06,45624.89,22,14.95,7.9,60,10.5
559,20240421,2024,28.4,false,false,2621,,0.1,,25.38,45734.66,22.3,15.45,8.6,36,11.9
560,20240421,2024,54.7,true,true,1793,,0,,26.84,45575.7,23.5,16.85,10.2,56,30.1
561,20240421,2024,25.2,true,false,3004,,0,,27.18,45724.59,21.7,15.25,8.8,52,10.2
562,20240421,2024,29.5,true,false,523,,0,,27.11,45694.49,18,11.35,4.7,84,10.4
563,20240421,2024,31.3,true,false,1370,,0,,24.98,45754.84,23,16.2,9.4,20,12.7
564,20240421,2024,25.6,false,false,2712,,0.1,,25.51,45775.11,20.6,14.600000000000001,8.6,53,9.7
565,20240421,2024,47.9,true,false,2163,,0,,26.38,45704.51,23.1,17,10.9,76,22.7
566,20240421,2024,28.1,true,false,2480,,0,,26.62,45615.02,22,14.65,7.3,90,10.6
567,20240421,2024,31.7,true,false,2119,,0,,26.61,45674.52,23.8,16.45,9.1,82,14.8
568,20240421,2024,29.5,true,false,1045,,0,,27.11,45694.49,18.4,11.75,5.1,84,10.4
569,20240421,2024,45.7,true,false,761,,0,,26.18,45664.56,25,19.5,14,84,25
570,20240421,2024,23.4,true,false,2521,,0,,25.31,45775.11,26,19,12,18,10.5
571,20240421,2024,28.4,true,false,434,,0,,25.07,45764.97,23,16.2,9.4,15,12.2
1155,20240421,2024,33.5,false,false,1750,,0.6,,20.43,40653.86,21.3,16.85,12.4,216,11.4
1672,20240421,2024,23.4,true,false,2571,,0,,25.31,45775.11,24.6,17.6,10.6,18,10.5
2809,20240421,2024,28.1,true,false,1394,,0,,25.2,45744.74,24.2,16.9,9.6,25,12.1
2910,20240421,2024,28.1,true,false,1432,,0,,25.2,45744.74,22.7,15.399999999999999,8.1,25,12.1
2948,20240421,2024,47.9,true,false,89,,0,,26.38,45704.51,23,16.9,10.8,76,22.7
2993,20240421,2024,27.7,true,false,1445,,0,,24.97,45744.74,24.9,17.7,10.5,11,12.2
3026,20240421,2024,27.7,true,false,2494,,0,,24.97,45744.74,24,16.8,9.6,11,12.2
3058,20240421,2024,27.4,true,false,95,,0,,25.05,45734.66,23.3,15.95,8.6,7,11.3
3089,20240421,2024,26.3,true,false,523,,0,,27.11,45694.5,18.7,12,5.3,65,11.7
3120,20240421,2024,36.7,true,false,2872,,0,,25.82,45704.51,25.1,18.75,12.4,82,18.4
3151,20240421,2024,36.7,true,false,2403,,0,,25.82,45704.51,25.1,18.75,12.4,82,18.4
282,20240422,2024,33.8,true,false,533,,0,,26.97,45766.22,18.8,13.25,7.7,91,12.6
572,20240422,2024,45,true,false,2942,,0,,27.02,45776.47,18.3,13.15,8,96,17.5
573,20240422,2024,49,true,false,587,,0,,26.86,45869.55,18.1,13.5,8.9,80,19.8
574,20240422,2024,30.6,false,false,440,,0.1,,26.26,45900.91,21.2,14.25,7.3,16,9.5
575,20240422,2024,54.4,true,false,698,,0,,26.63,45859.13,20.9,16.35,11.8,87,25.9
576,20240422,2024,47.5,true,false,1407,,0,,26.32,45817.66,22.9,18.2,13.5,87,26.8
577,20240422,2024,41,true,false,2675,,0,,26.96,45848.73,20.5,14.1,7.7,71,16.8
578,20240422,2024,34.6,true,false,1707,,0,,26.77,45817.65,18.6,12.200000000000001,5.8,66,15.3
579,20240422,2024,47.5,true,false,576,,0,,27.03,45725.4,20.3,14.65,9,63,25.2
580,20240422,2024,54.4,true,false,76,,0,,26.68,45848.73,20.1,14.850000000000001,9.6,81,26.2
581,20240422,2024,34.6,true,false,2680,,0,,25.97,45584.73,24.5,17.75,11,351,17.8
582,20240422,2024,41,true,false,523,,0,,26.99,45838.36,14.6,8.6,2.6,102,14.3
583,20240422,2024,41.8,true,false,612,,0,,27.08,45869.55,16.6,11.5,6.4,69,18.5
584,20240422,2024,52.6,true,false,369,,0,,26.37,45807.33,22.1,17.25,12.4,95,27.8
585,20240422,2024,61.2,true,false,1373,,0,,26.91,45797.02,17.3,12.55,7.8,100,24.4
586,20240422,2024,37.8,true,false,500,,0,,27.21,45879.98,15.4,10.1,4.8,80,15.8
587,20240422,2024,41.8,true,false,612,,0,,27.08,45869.55,16.2,11.149999999999999,6.1,69,18.5
588,20240422,2024,46.8,true,false,3076,,0,,26.55,45921.92,22.4,14.75,7.1,36,20.2
589,20240422,2024,37.8,true,false,1886,,0,,27.21,45879.98,15.3,10.05,4.8,80,15.8
1156,20240422,2024,24.8,true,false,1750,,0,,25.03,41068.39,25.1,18.450000000000003,11.8,326,13.8
1673,20240422,2024,35.6,true,false,2571,,0,,26.45,45921.92,22.8,15.3,7.8,34,15.2
2810,20240422,2024,27.7,false,false,1394,,0.2,,26.31,45890.44,21.8,15.05,8.3,51,11.4
2911,20240422,2024,27.7,false,false,1432,,0.2,,26.31,45890.44,20.3,13.55,6.8,51,11.4
2949,20240422,2024,54.4,true,false,89,,0,,26.68,45848.73,20,14.75,9.5,81,26.2
2994,20240422,2024,23.4,true,false,1445,,0,,26,45890.44,22.3,15.45,8.6,15,8.4
3027,20240422,2024,23.4,true,false,2494,,0,,26,45890.44,21.4,14.549999999999999,7.7,15,8.4
3059,20240422,2024,20.5,true,false,95,,0,,25.78,45879.98,20.5,13.85,7.2,53,8.3
3090,20240422,2024,41.8,true,false,523,,0,,26.93,45838.36,15.1,9.45,3.8,99,19.5
3121,20240422,2024,44.3,true,false,2872,,0,,26.15,45848.73,22.1,17.25,12.4,101,22
3152,20240422,2024,44.3,true,false,2403,,0,,26.15,45848.73,22.1,17.25,12.4,101,22
283,20240423,2024,44.6,true,false,533,,0,,26.31,45906.82,18.1,11.350000000000001,4.6,64,15.3
590,20240423,2024,46.1,true,false,2247,,0,,27.26,46024.57,14.5,8.7,2.9,38,19.4
591,20240423,2024,51.8,true,false,1539,,0,,26.73,46046.24,19.9,13.399999999999999,6.9,18,19.8
592,20240423,2024,43.9,true,false,3076,,0,,26.58,46067.98,17.4,10.85,4.3,28,18.6
593,20240423,2024,34.9,true,false,324,,0,,26.23,45960.05,19.3,12.850000000000001,6.4,59,16.7
594,20240423,2024,38.2,true,false,1707,,0,,25.71,45960.05,18.5,10.75,3,33,16.8
595,20240423,2024,47.9,true,false,1812,,0,,27.22,46024.57,13.1,7.1499999999999995,1.2,31,21.6
596,20240423,2024,46.4,true,false,2767,,0,,26.54,45960.05,21.3,16,10.7,48,27.2
597,20240423,2024,40,true,false,778,,0,,26.46,45981.48,21.5,15.4,9.3,63,20.7
598,20240423,2024,34.9,true,false,3206,,0,,26.23,45960.05,20.1,13.65,7.2,59,16.7
599,20240423,2024,41,true,false,2848,,0,,27.03,45719.02,22.1,17.05,12,57,21.4
600,20240423,2024,46.8,true,false,1535,,0,,27.03,45657.68,23,17.3,11.6,23,27.2
601,20240423,2024,43.6,true,false,2294,,0,,26.29,45938.7,20.9,15,9.1,58,23.1
602,20240423,2024,38.9,true,false,806,,0,,25.29,46024.57,17.8,10.15,2.5,2,19.4
603,20240423,2024,51.8,true,false,1898,,0,,26.73,46046.24,17.6,11.100000000000001,4.6,18,19.8
604,20240423,2024,36.4,true,false,1923,,0,,26.36,45970.76,20.5,13.85,7.2,55,18.7
605,20240423,2024,36.4,true,false,1923,,0,,26.36,45970.76,20.5,13.85,7.2,55,18.7
606,20240423,2024,46.4,true,false,1315,,0,,26.72,46057.1,16.2,9.9,3.6,23,19.2
1157,20240423,2024,35.6,true,false,1750,,0,,27.44,45398.63,23.4,17.4,11.4,30,18.4
1674,20240423,2024,41.4,true,false,2571,,0,,26.43,46067.98,19.5,12.85,6.2,30,18.6
2811,20240423,2024,36.7,true,false,1394,,0,,26.83,46035.39,20.1,13.65,7.2,25,13.6
2912,20240423,2024,36.7,true,false,1432,,0,,26.83,46035.39,18.6,12.15,5.7,25,13.6
2950,20240423,2024,46.8,true,false,89,,0,,26.71,45992.23,20.3,13.55,6.8,59,22.6
2995,20240423,2024,43.6,true,false,1445,,0,,26.68,46035.39,20.4,13.649999999999999,6.9,13,17.9
3028,20240423,2024,43.6,true,false,2494,,0,,26.68,46035.39,19.5,12.75,6,13,17.9
3060,20240423,2024,41,true,false,95,,0,,26.61,46024.57,19.4,12.399999999999999,5.4,10,17.1
3091,20240423,2024,36.7,true,false,523,,0,,26.53,45981.48,15.3,8.4,1.5,38,17.7
3122,20240423,2024,40,true,false,2872,,0,,26.51,45992.23,21.9,15.85,9.8,54,20.2
3153,20240423,2024,40,true,false,2403,,0,,26.51,45992.23,21.9,15.85,9.8,54,20.2
284,20240424,2024,40.3,true,false,533,,0,,24.72,46046.91,18,12.3,6.6,360,15.1
607,20240424,2024,33.1,true,false,2481,,0,,25.38,46113,17,10.9,4.8,173,13.2
608,20240424,2024,33.1,true,false,1812,,0,,24.97,46168.63,15.2,9.45,3.7,31,13
609,20240424,2024,42.1,true,false,869,,0,,25.06,46113,19.2,14.649999999999999,10.1,353,21.1
610,20240424,2024,45.4,true,false,538,,0,,25.19,46068.86,18.6,13.450000000000001,8.3,97,17.7
611,20240424,2024,41,true,false,543,,0,,25.07,46057.87,17.5,12.15,6.8,89,15.1
612,20240424,2024,36.7,true,false,1823,,0,,25.19,46146.32,16,10.8,5.6,50,17
613,20240424,2024,33.1,true,false,1812,,0,,24.97,46168.63,14.6,8.8,3,31,13
614,20240424,2024,37.4,true,false,758,,0,,25.59,46124.09,14.7,8.65,2.6,187,14.8
615,20240424,2024,32,true,false,506,,0,,25.02,46157.47,16.7,10.85,5,34,14.2
616,20240424,2024,36.7,true,false,2949,,0,,25.19,46146.32,15.7,10.45,5.2,50,17
617,20240424,2024,38.2,true,false,3034,,0,,25.14,46101.94,19.9,14.7,9.5,51,17.1
618,20240424,2024,36.4,true,false,2675,,0,,25.43,46135.2,19.9,13.049999999999999,6.2,29,14.8
619,20240424,2024,33.1,true,false,2223,,0,,25.3,46113,19.4,12.799999999999999,6.2,22,15.7
620,20240424,2024,41.4,true,false,3238,,0,,25.14,46146.32,18,13.2,8.4,65,19.9
621,20240424,2024,41.4,true,false,82,,0,,25.14,46146.32,18,13.2,8.4,65,19.9
622,20240424,2024,40,true,false,3022,,0,,24.74,44708.22,22.5,16.05,9.6,354,20.4
623,20240424,2024,41.4,true,false,2087,,0,,25.14,46146.32,18,13.2,8.4,65,19.9
624,20240424,2024,32,true,false,93,,0,,25.14,46179.82,17.5,11.4,5.3,342,11.8
625,20240424,2024,41.4,true,false,2087,,0,,25.14,46146.32,17.2,12.45,7.7,65,19.9
626,20240424,2024,34.6,true,false,500,,0,,24.86,46168.64,16.2,10,3.8,19,15
627,20240424,2024,34.9,true,false,492,,0,,25.03,46168.64,18.6,13.15,7.7,28,12.4
628,20240424,2024,33.1,true,false,2571,,0,,25.22,46213.52,19.1,12.65,6.2,358,15.1
1158,20240424,2024,40,true,false,1750,,0,,25.7,44487.6,23.6,17.25,10.9,350,19.7
1675,20240424,2024,33.1,true,false,2571,,0,,25.22,46213.52,19.1,12.65,6.2,358,15.1
2812,20240424,2024,32,true,false,1394,,0,,25.14,46179.82,19.2,13.05,6.9,342,11.8
2913,20240424,2024,32,true,false,1432,,0,,25.14,46179.82,17.7,11.55,5.4,342,11.8
2951,20240424,2024,39.6,true,false,89,,0,,25.24,46135.19,18.6,13.15,7.7,57,18.8
2996,20240424,2024,32.8,true,false,1445,,0,,25.11,46179.82,19.9,13.35,6.8,337,13.7
3029,20240424,2024,32.8,true,false,2494,,0,,25.11,46179.82,19,12.4,5.8,337,13.7
3061,20240424,2024,32,true,false,95,,0,,24.99,46168.64,18.2,11.7,5.2,331,13.2
3092,20240424,2024,33.8,true,false,523,,0,,25.55,46124.09,15.6,9.55,3.5,256,15.5
3123,20240424,2024,33.5,true,false,2872,,0,,25.08,46135.2,20.1,14.65,9.2,0,15.5
3154,20240424,2024,33.5,true,false,2403,,0,,25.08,46135.2,20.1,14.65,9.2,0,15.5
285,20240425,2024,51.5,false,false,533,,3.4,,19.61,42634.25,13.5,10.25,7,312,18.8
629,20240425,2024,41.4,false,false,638,,1.5,,20.58,43293.3,14.6,11.25,7.9,312,18.1
630,20240425,2024,43.2,false,false,368,,2.4,,20.95,42275.79,16.1,11.9,7.7,296,20.4
631,20240425,2024,45,false,false,1552,,2.2,,21.39,42988.02,16.2,11.95,7.7,304,21.1
632,20240425,2024,49.3,false,false,1420,,1.5,,21.52,42921.11,16.2,13.8,11.4,333,25.5
633,20240425,2024,54.4,false,false,1089,,2.1,,18.58,43929.87,14.6,11.899999999999999,9.2,334,28.3
634,20240425,2024,35.3,false,false,2777,,2.2,,17.06,43549.74,15.8,12.45,9.1,302,16.1
635,20240425,2024,41.4,true,false,1499,,0,,19.68,46111.71,11.7,8.399999999999999,5.1,302,18.1
636,20240425,2024,44.3,false,false,12,,1.8,,20.46,41468.23,16.3,12.350000000000001,8.4,290,20.1
637,20240425,2024,46.4,true,false,2268,,0,,20.22,42508.91,16.2,12.3,8.4,325,24
638,20240425,2024,43.2,false,false,2209,,1.8,,21.17,43005.22,15.5,11.45,7.4,302,21.1
639,20240425,2024,41.8,true,false,612,,0,,19.93,45605.87,12.9,9.4,5.9,302,18.7
640,20240425,2024,47.5,false,false,1466,,1.1,,21.97,43221.35,16,13.1,10.2,320,23.3
641,20240425,2024,42.8,false,false,94,,2.7,,20.34,43079.8,14.2,11.2,8.2,320,18.4
642,20240425,2024,43.9,false,false,3038,,0.8,,20.84,39022.89,15.8,11.350000000000001,6.9,294,21.5
643,20240425,2024,46.4,false,false,24,,2.3,,22.15,41377.9,16.4,12.75,9.1,309,24.1
644,20240425,2024,44.6,false,false,639,,1.6,,21.78,43010.36,15.7,11.899999999999999,8.1,308,22.1
645,20240425,2024,45.4,false,false,318,,0.5,,20.49,38558.57,15.6,11.4,7.2,293,21.7
646,20240425,2024,44.3,false,false,1823,,0.1,,19.87,43516.19,13.2,9.8,6.4,298,20
647,20240425,2024,41,false,false,2979,,1.4,,20.26,43473.88,15.2,12.1,9,317,17.3
1159,20240425,2024,50.4,true,false,1750,,0,,24.12,42044.33,20.2,14.3,8.4,325,25.2
1676,20240425,2024,40.3,false,false,2571,,2.4,,18.8,44213.74,14.8,11.15,7.5,307,17
2813,20240425,2024,44.6,false,false,1394,,1.5,,19.43,43483.25,14.7,11.899999999999999,9.1,325,17.1
2914,20240425,2024,44.6,false,false,1432,,1.5,,19.43,43483.25,13.2,10.399999999999999,7.6,325,17.1
2952,20240425,2024,46.1,false,false,89,,1.1,,20.07,40597.59,14.9,11.3,7.7,298,21.3
2997,20240425,2024,42.1,false,false,1445,,1.7,,19.79,43691.95,15.8,12.55,9.3,326,17.4
3030,20240425,2024,42.1,false,false,2494,,1.7,,19.79,43691.95,14.9,11.65,8.4,326,17.4
3062,20240425,2024,42.8,false,false,95,,2.7,,20.34,43079.8,13.9,10.85,7.8,320,18.4
3093,20240425,2024,48.6,false,false,523,,0.2,,18.31,44293.63,11.9,9.05,6.2,298,22.9
3124,20240425,2024,43.6,false,false,2872,,1.9,,21.25,43053.61,16.2,12.8,9.4,309,21.5
3155,20240425,2024,43.6,false,false,2403,,1.9,,21.25,43053.61,16.2,12.8,9.4,309,21.5
286,20240426,2024,47.2,false,false,533,,20,,11.42,14755,13.6,10.3,7,217,16.8
648,20240426,2024,49,false,false,3233,,18.1,,11.09,11561.8,14.4,11.25,8.1,218,23.2
1160,20240426,2024,47.9,false,false,1750,,4.1,,14.82,20064.97,16.7,12.7,8.7,260,24.1
1677,20240426,2024,44.3,false,false,2571,,23.6,,12.48,16719.01,14.2,11,7.8,210,18.4
2814,20240426,2024,45.7,false,false,1394,,25,,10.18,9638.23,12.9,10.25,7.6,196,16.1
2915,20240426,2024,45.7,false,false,1432,,25,,10.18,9638.23,11.4,8.75,6.1,196,16.1
2953,20240426,2024,49.3,false,false,89,,23.8,,9.63,7722.55,13.8,10.65,7.5,215,22.9
2998,20240426,2024,45.7,false,false,1445,,27,,11.48,11108.21,14.2,11.25,8.3,195,17.8
3031,20240426,2024,45.7,false,false,2494,,27,,11.48,11108.21,13.2,10.25,7.3,195,17.8
3063,20240426,2024,47.9,false,false,95,,32.1,,11.6,9820.69,12.6,9.6,6.6,203,18.9
3094,20240426,2024,41.8,false,false,523,,17.7,,12.07,15828.84,11.6,7.6,3.6,237,17.8
3125,20240426,2024,46.4,false,false,2872,,16.9,,11.93,13432.63,14.9,11.75,8.6,211,22.7
3156,20240426,2024,46.4,false,false,2403,,16.9,,11.93,13432.63,14.9,11.75,8.6,211,22.7
287,20240427,2024,54.7,false,false,533,,5.3,,15.82,33539.35,10.8,8.100000000000001,5.4,279,18.7
649,20240427,2024,47.5,false,false,2482,,0.2,,24.55,45843.32,18.9,15.5,12.1,294,22.7
1161,20240427,2024,52.6,false,false,1750,,1.2,,23.35,45887.35,16.5,13.1,9.7,290,26.6
1678,20240427,2024,38.9,false,false,2571,,6.3,,17.76,32400,12.8,9.600000000000001,6.4,288,17.7
2815,20240427,2024,40.3,false,false,1394,,4.5,,17.02,28623.8,12.6,9.5,6.4,300,16.1
2916,20240427,2024,40.3,false,false,1432,,4.5,,17.02,28623.8,11.1,8,4.9,300,16.1
2954,20240427,2024,42.5,false,false,89,,6,,16.74,27363.34,12.2,8.85,5.5,265,19.4
2999,20240427,2024,43.2,false,false,1445,,4.5,,17.94,34139.64,13.7,10.45,7.2,310,19.3
3032,20240427,2024,43.2,false,false,2494,,4.5,,17.94,34139.64,12.8,9.55,6.3,310,19.3
3064,20240427,2024,41.4,false,false,95,,4.6,,18.27,34562.33,12.1,8.65,5.2,301,18.2
3095,20240427,2024,47.2,false,false,523,,3.5,,17.53,30216.43,9.5,5.7,1.9,274,21.1
3126,20240427,2024,39.2,false,false,2872,,6,,18,33330.64,14.1,10.65,7.2,273,17.1
3157,20240427,2024,39.2,false,false,2403,,6,,18,33330.64,14.1,10.65,7.2,273,17.1
288,20240428,2024,39.2,false,false,533,,2.8,,20.64,43291.32,11.2,7.6499999999999995,4.1,332,14.3
1162,20240428,2024,40.7,false,false,1750,,1.2,,23.97,46007.63,16.1,11.65,7.2,326,20.1
1679,20240428,2024,34.9,false,false,2571,,1,,23.92,46653.95,13.8,9.8,5.8,350,15.9
2816,20240428,2024,40.7,false,false,1394,,1,,23.86,46706.68,13.4,9.05,4.7,348,15.5
2917,20240428,2024,40.7,false,false,1432,,1,,23.86,46706.68,11.9,7.550000000000001,3.2,348,15.5
2955,20240428,2024,34.9,false,false,89,,1,,21.38,46562.82,13,8.15,3.3,333,15.3
3000,20240428,2024,43.9,false,false,1445,,1.2,,23.98,46675.38,14.5,9.75,5,347,17.7
3033,20240428,2024,43.9,false,false,2494,,1.2,,23.98,46675.38,13.6,8.85,4.1,347,17.7
3065,20240428,2024,43.9,false,false,95,,1.5,,23.99,46672.05,13,8.95,4.9,342,18.9
3096,20240428,2024,29.9,false,false,523,,2.7,,21.74,45303.82,10.8,6,1.2,335,13.7
3127,20240428,2024,36,false,false,2872,,2,,21.64,44471.41,14.6,9.9,5.2,343,17.4
3158,20240428,2024,36,false,false,2403,,2,,21.64,44471.41,14.6,9.9,5.2,343,17.4
289,20240429,2024,37.8,false,false,533,,0.2,,23.16,46735.75,13.5,8.6,3.7,328,14.3
650,20240429,2024,43.9,false,false,1857,,0.3,,24.66,45064.94,16.9,11.549999999999999,6.2,317,21.1
651,20240429,2024,40.3,true,false,144,,0,,24.16,46311.77,20.5,12.7,4.9,293,18.7
652,20240429,2024,38.2,true,false,2960,,0,,25.35,46800,14.2,8.5,2.8,279,17.6
653,20240429,2024,36,true,false,3027,,0,,25.73,46781.42,16,9.9,3.8,305,15.9
654,20240429,2024,34.6,true,false,2018,,0,,25.77,46770.78,15.7,9.35,3,288,16.7
655,20240429,2024,36.4,true,false,899,,0,,25.96,46750.16,14.8,8.65,2.5,318,15.3
656,20240429,2024,34.2,true,false,459,,0,,25.92,46718.9,14.6,8.6,2.6,320,15
657,20240429,2024,33.5,true,false,3102,,0,,25.77,46739.65,16.5,10.1,3.7,308,16.1
658,20240429,2024,42.1,true,false,2373,,0,,23.53,46376.31,19.2,13.95,8.7,324,22.1
1163,20240429,2024,50.8,true,false,1750,,0,,22.68,44759.51,17.9,12.399999999999999,6.9,327,25.8
1680,20240429,2024,32,true,false,2571,,0,,26.17,46732.79,15,9.95,4.9,319,14.2
2817,20240429,2024,35.3,true,false,1394,,0,,25.51,46784.98,15.6,9.85,4.1,322,14.2
2918,20240429,2024,35.3,true,false,1432,,0,,25.51,46784.98,14.1,8.35,2.6,322,14.2
2956,20240429,2024,38.9,true,false,89,,0,,25.61,46800,14.9,8.6,2.3,281,18.1
3001,20240429,2024,35.6,true,false,1445,,0,,25.89,46753.67,16.4,10.649999999999999,4.9,324,14.8
3034,20240429,2024,35.6,true,false,2494,,0,,25.89,46753.67,15.4,9.7,4,324,14.8
3066,20240429,2024,36.4,true,false,95,,0,,25.96,46750.16,14.8,8.65,2.5,318,15.3
3097,20240429,2024,34.6,false,false,523,,0.3,,23.34,46702.77,12.1,7.25,2.4,307,16.1
3128,20240429,2024,33.5,true,false,2872,,0,,25.77,46739.65,16.5,10.1,3.7,308,16.1
3159,20240429,2024,33.5,true,false,2403,,0,,25.77,46739.65,16.5,10.1,3.7,308,16.1
290,20240430,2024,49,false,false,533,,9.7,,9.96,16349.52,11.3,8.100000000000001,4.9,268,18.1
1164,20240430,2024,47.2,false,false,1750,,3.8,,12.29,19948.38,17.2,12.45,7.7,283,23.4
1681,20240430,2024,40.3,false,false,2571,,10.2,,11.31,18835.17,13.9,10.4,6.9,236,17.6
2818,20240430,2024,44.3,false,false,1394,,12.3,,10.98,19468.62,13.6,10,6.4,255,16.1
2919,20240430,2024,44.3,false,false,1432,,12.3,,10.98,19468.62,12.1,8.5,4.9,255,16.1
2957,20240430,2024,47.9,false,false,89,,14.9,,9.56,13715.83,13.1,9.5,5.9,264,21.6
3002,20240430,2024,43.6,false,false,1445,,9,,11.76,19740.7,15.1,11.5,7.9,259,17
3035,20240430,2024,43.6,false,false,2494,,9,,11.76,19740.7,14.2,10.6,7,259,17
3067,20240430,2024,45,false,false,95,,12.1,,12.46,20955.91,13.5,9.65,5.8,268,17.3
3098,20240430,2024,49.7,false,false,523,,6.6,,10.46,17963.56,9.6,6.55,3.5,261,22.7
3129,20240430,2024,42.5,false,false,2872,,16.2,,11.77,20523.72,15.2,11.6,8,250,19.7
3160,20240430,2024,42.5,false,false,2403,,16.2,,11.77,20523.72,15.2,11.6,8,250,19.7
291,20240501,2024,58.3,false,false,533,,3.7,,13.71,25899.83,8.4,6.25,4.1,291,19.5
1165,20240501,2024,53.6,false,false,1750,,2.3,,24.19,46362.35,16,12.45,8.9,309,27.3
1682,20240501,2024,41.8,false,false,2571,,17.4,,16.39,33511.08,11.5,8.7,5.9,248,17
2819,20240501,2024,43.2,false,false,1394,,3.5,,13.15,25007.55,10.6,7.949999999999999,5.3,274,14.3
2920,20240501,2024,43.2,false,false,1432,,3.5,,13.15,25007.55,9.1,6.449999999999999,3.8,274,14.3
2958,20240501,2024,45,false,false,89,,4.1,,11.04,12902.1,9.7,7.1,4.5,268,19.5
3003,20240501,2024,44.3,false,false,1445,,11.8,,15.23,31357.85,12.1,9.35,6.6,292,16.3
3036,20240501,2024,44.3,false,false,2494,,11.8,,15.23,31357.85,11.2,8.45,5.7,292,16.3
3068,20240501,2024,43.9,false,false,95,,8.4,,15.87,31667.52,10.6,7.75,4.9,281,16.6
3099,20240501,2024,52.9,false,false,523,,2.6,,15.9,37550.3,6.3,4.35,2.4,276,23.9
3130,20240501,2024,42.1,false,false,2872,,7.4,,16.61,37813.53,12.3,9.3,6.3,267,18.8
3161,20240501,2024,42.1,false,false,2403,,7.4,,16.61,37813.53,12.3,9.3,6.3,267,18.8
292,20240502,2024,46.1,false,false,533,,5.3,,15.44,37652.45,10.1,6.9,3.7,241,16.3
293,20240502,2024,56.2,false,false,61,,9.4,,12.6,16529.91,8.6,5.55,2.5,239,21.8
294,20240502,2024,54.4,false,false,492,,9.7,,12.19,22027.02,9.5,6.5,3.5,234,18.4
295,20240502,2024,40,false,false,1703,,1,,19.63,46725.75,12.6,8.3,4,275,18
296,20240502,2024,54,false,false,758,,8,,13.11,19291.36,6.6,3.9,1.2,242,18.7
297,20240502,2024,50,false,false,308,,4.7,,14.77,35822.05,11.4,7.800000000000001,4.2,248,19.2
298,20240502,2024,45.7,false,false,90,,10.2,,13.04,22083.62,9.7,5.8,1.9,231,18.7
1166,20240502,2024,35.3,false,false,1750,,0.1,,20.3,33186.21,17.1,12.450000000000001,7.8,312,17.6
1683,20240502,2024,47.5,false,false,2571,,8.4,,18.26,40876.48,13.2,9.8,6.4,215,21
2820,20240502,2024,45,false,false,1394,,10.3,,12.5,28462.11,11.4,7.95,4.5,208,17.1
2921,20240502,2024,45,false,false,1432,,10.3,,12.5,28462.11,9.9,6.45,3,208,17.1
2959,20240502,2024,47.2,false,false,89,,10.8,,14.8,29323.32,11.8,7.7,3.6,234,20.6
3004,20240502,2024,41,false,false,1445,,6.9,,13.98,27663,13.4,9.8,6.2,208,17.7
3037,20240502,2024,41,false,false,2494,,6.9,,13.98,27663,12.5,8.9,5.3,208,17.7
3069,20240502,2024,43.6,false,false,95,,8.9,,13.82,27550.68,11.6,7.85,4.1,215,17.8
3100,20240502,2024,47.9,false,false,523,,7.5,,15.21,35615.66,7.8,5.1,2.4,251,20.6
3131,20240502,2024,41.4,false,false,2872,,8.2,,16.48,34920.61,14.2,10,5.8,218,20.6
3162,20240502,2024,41.4,false,false,2403,,8.2,,16.48,34920.61,14.2,10,5.8,218,20.6
1167,20240503,2024,37.8,true,false,1750,,0,,27.67,46592.73,21.5,14.55,7.6,336,18.2
1684,20240503,2024,59.4,false,false,2571,,15.5,,3.45,0,13.2,10.649999999999999,8.1,192,26.9
2821,20240503,2024,59,false,false,1394,,30.9,,2.98,0,11.9,9.7,7.5,185,20.2
2922,20240503,2024,59,false,false,1432,,30.9,,2.98,0,10.4,8.2,6,185,20.2
2960,20240503,2024,54,false,false,89,,14,,4.78,0,12,9.1,6.2,206,25.8
3005,20240503,2024,56.9,false,false,1445,,29.9,,3,0,13.3,10.65,8,180,21.6
3038,20240503,2024,56.9,false,false,2494,,29.9,,3,0,12.4,9.75,7.1,180,21.6
3070,20240503,2024,57.6,false,false,95,,22.7,,3.12,0,11.5,8.6,5.7,184,22.2
3101,20240503,2024,45.4,false,false,523,,5.9,,5.68,865.72,9.7,7,4.3,217,21.3
3132,20240503,2024,49.3,false,false,2872,,9.9,,4.07,0,13.9,11.25,8.6,191,26.9
3163,20240503,2024,49.3,false,false,2403,,9.9,,4.07,0,13.9,11.25,8.6,191,26.9
427,20240504,2024,40.3,false,false,1975,,2,,13.01,30841.38,18.8,13.850000000000001,8.9,207,19.4
428,20240504,2024,42.5,false,false,2198,,1.9,,14.24,32400,18.9,14.5,10.1,215,22.2
429,20240504,2024,55.8,false,false,2626,,15.9,,8.51,6100.87,15.4,13.75,12.1,203,26.9
430,20240504,2024,65.5,false,true,2183,,3.3,,10.4,10800,13,9.9,6.8,216,33
431,20240504,2024,42.8,false,false,983,,11.8,,10.18,17025.43,15.1,11.1,7.1,186,16
432,20240504,2024,61.9,false,false,2479,,10.9,,8.49,1927.73,13.9,11.95,10,216,27.2
433,20240504,2024,60.1,false,false,1297,,15,,7.42,36.9,14.1,12.35,10.6,220,27.9
434,20240504,2024,63.7,false,true,851,,8.6,,12.29,23262.16,17,15.45,13.9,195,34.6
435,20240504,2024,55.8,false,false,2844,,6.1,,11.01,11270.23,14.4,12.55,10.7,211,27.2
436,20240504,2024,66.2,false,true,1602,,13.5,,10.76,22129.49,15.2,13.899999999999999,12.6,198,32.6
437,20240504,2024,45,false,false,130,,0.6,,18.02,33970.71,20,14.15,8.3,240,21.1
438,20240504,2024,54.4,false,false,84,,17.5,,7.16,1151.21,13.4,12,10.6,213,24.8
470,20240504,2024,54,false,true,444,,24.6,,11.81,24744.79,15.6,14.95,14.3,192,40.8
471,20240504,2024,58.7,false,true,2077,,7.9,,11.29,16445.73,16.5,14.55,12.6,202,30.6
472,20240504,2024,63,false,false,1257,,27.5,,6.77,8765.13,15,13.95,12.9,195,26.3
473,20240504,2024,67,false,false,1542,,21.1,,7.66,7250.97,12.4,11.25,10.1,212,26
474,20240504,2024,55.1,false,false,1122,,8.4,,10.22,9138.8,15.2,13,10.8,208,26.6
1168,20240504,2024,34.6,true,false,1750,,0,,27.65,46705.79,22.2,15.649999999999999,9.1,313,17.1
1685,20240504,2024,61.2,false,false,2571,,30,,6.13,4970.3,14.9,13.95,13,202,25.2
2822,20240504,2024,54.7,false,false,1394,,32.2,,4.64,2360.31,14,12.85,11.7,192,20.5
2923,20240504,2024,54.7,false,false,1432,,32.2,,4.64,2360.31,12.5,11.35,10.2,192,20.5
2961,20240504,2024,58.7,false,false,89,,13.7,,8.39,3624.16,14.2,12.6,11,215,27.4
3006,20240504,2024,52.2,false,false,1445,,31.9,,5.02,7941.51,15.5,14.25,13,187,21.3
3039,20240504,2024,52.2,false,false,2494,,31.9,,5.02,7941.51,14.6,13.35,12.1,187,21.3
3071,20240504,2024,56.2,false,false,95,,20,,5.71,8742.93,13.8,12.5,11.2,193,23.1
3102,20240504,2024,58.7,false,false,523,,7.1,,10.68,20086.51,12.8,10.45,8.1,224,27.2
3133,20240504,2024,52.6,false,false,2872,,11,,8.71,13274.49,16.5,14.7,12.9,199,26
3164,20240504,2024,52.6,false,false,2403,,11,,8.71,13274.49,16.5,14.7,12.9,199,26
439,20240505,2024,56.9,false,false,84,,41.6,,8.49,12419.88,14.6,11.35,8.1,228,24.5
1169,20240505,2024,45.7,false,false,1750,,1.2,,18.69,35653.48,21.8,18.1,14.4,270,22.2
1686,20240505,2024,56.5,false,false,2571,,52.2,,7.06,5745.17,15.6,12.35,9.1,222,22.9
2823,20240505,2024,52.6,false,false,1394,,42.4,,6.95,5421.18,15.2,12.149999999999999,9.1,211,20.4
2924,20240505,2024,52.6,false,false,1432,,42.4,,6.95,5421.18,13.7,10.649999999999999,7.6,211,20.4
2962,20240505,2024,58,false,false,89,,45,,8.83,12195.32,15.4,11.5,7.6,228,26.2
3007,20240505,2024,55.4,false,false,1445,,51.5,,7.41,3342.3,16.5,13.25,10,208,22.4
3040,20240505,2024,55.4,false,false,2494,,51.5,,7.41,3342.3,15.6,12.35,9.1,208,22.4
3072,20240505,2024,58.3,false,false,95,,43.5,,8.32,9354.39,15,11.2,7.4,214,23
3103,20240505,2024,54.4,false,false,523,,20.3,,7.85,11228.02,11.9,10.100000000000001,8.3,231,23.2
3134,20240505,2024,51.5,false,false,2872,,19.3,,10.11,15665.48,17.6,13.15,8.7,219,26.4
3165,20240505,2024,51.5,false,false,2403,,19.3,,10.11,15665.48,17.6,13.15,8.7,219,26.4
440,20240506,2024,38.5,true,false,84,,0,,26.23,46800,16.2,11.5,6.8,311,17.6
909,20240506,2024,31.3,true,false,2571,,0,,22.54,46800,16.1,12,7.9,336,13.9
910,20240506,2024,44.3,true,false,1539,,0,,23.19,46477.75,17.2,12,6.8,353,16.6
911,20240506,2024,38.2,true,false,2060,,0,,26.98,46599.27,16.6,12.200000000000001,7.8,350,19.9
912,20240506,2024,41.8,false,false,3131,,0.2,,25.79,46800,19.2,15.35,11.5,336,23.6
913,20240506,2024,33.8,false,false,2348,,1.4,,26.04,41556.99,20.9,16.299999999999997,11.7,301,15.3
914,20240506,2024,34.9,false,false,955,,0.4,,24.85,36514.85,20.3,16,11.7,320,16.2
915,20240506,2024,40.7,true,false,10,,0,,26.49,46800,18,13.4,8.8,328,21
916,20240506,2024,37.4,false,false,706,,0.4,,26.99,46800,20,14.9,9.8,316,16.8
917,20240506,2024,36.7,true,false,3195,,0,,26.06,42245.25,16.5,11.8,7.1,287,18.2
918,20240506,2024,41,true,false,691,,0,,26.75,46776.2,20,15.95,11.9,347,19.2
1170,20240506,2024,38.9,false,false,1750,,0.3,,24.21,42313.25,21.8,17.6,13.4,317,19.2
1687,20240506,2024,31.3,true,false,2571,,0,,22.54,46800,16.1,12,7.9,336,13.9
2824,20240506,2024,40,true,false,1394,,0,,24.19,46800,17,11.2,5.4,342,16.3
2925,20240506,2024,40,true,false,1432,,0,,24.19,46800,15.5,9.7,3.9,342,16.3
2963,20240506,2024,39.2,true,false,89,,0,,26.41,44825.03,16.2,11.8,7.4,296,18.3
3008,20240506,2024,38.2,true,false,1445,,0,,23.53,46800,17.5,12.2,6.9,347,16.5
3041,20240506,2024,38.2,true,false,2494,,0,,23.53,46800,16.5,11.2,5.9,347,16.5
3073,20240506,2024,38.2,true,false,95,,0,,23.81,46800,15.9,10.1,4.3,342,16.3
3104,20240506,2024,34.2,false,false,523,,0.3,,23.83,44866.37,14.6,10.75,6.9,325,15.1
3135,20240506,2024,38.5,true,false,2872,,0,,25.38,46800,17.9,12.549999999999999,7.2,330,19.2
3166,20240506,2024,38.5,true,false,2403,,0,,25.38,46800,17.9,12.549999999999999,7.2,330,19.2
441,20240507,2024,29.2,true,false,84,,0,,27.04,46841.16,20.4,13.399999999999999,6.4,88,12.7
919,20240507,2024,38.2,true,false,691,,0,,27.93,46800,25,18.25,11.5,13,20.5
1171,20240507,2024,30.6,true,false,1750,,0,,28.36,46800,25.9,17.549999999999997,9.2,25,16.1
1172,20240507,2024,24.5,true,false,2571,,0,,26.78,44244.52,21.7,14.7,7.7,36,10.5
1173,20240507,2024,28.4,true,false,370,,0,,27.21,46800,20.9,14,7.1,72,11.5
1174,20240507,2024,22.7,true,false,322,,0,,27.42,46800,21.4,14.1,6.8,77,9.8
1175,20240507,2024,32,true,false,833,,0,,26.78,45231.57,20,12.95,5.9,6,12.6
1176,20240507,2024,23.8,true,false,52,,0,,28.47,46779.98,26.1,18.35,10.6,15,10.8
1177,20240507,2024,32,true,false,1837,,0,,26.78,45231.57,19.3,12.25,5.2,6,12.6
1178,20240507,2024,30.2,true,false,354,,0,,27.25,46800,22,15.2,8.4,64,13.7
1179,20240507,2024,30.6,true,false,709,,0,,28.22,46899.41,19.9,13.549999999999999,7.2,33,12.6
1180,20240507,2024,32,true,false,1390,,0,,27.72,46800,23.9,17.25,10.6,353,18.8
1181,20240507,2024,39.2,true,false,1412,,0,,28.04,46836.52,22.5,16.3,10.1,16,21.8
1182,20240507,2024,23,true,false,1601,,0,,26.51,46660.01,21.8,15.05,8.3,4,9.1
1183,20240507,2024,18.7,true,false,2636,,0,,26.76,45213.6,22.1,14.600000000000001,7.1,19,9.3
1184,20240507,2024,26.6,true,false,1837,,0,,26.73,45087.73,21.6,14.450000000000001,7.3,5,11.5
1185,20240507,2024,24.5,true,false,2785,,0,,28.34,46800,26.5,18.15,9.8,22,11.9
1688,20240507,2024,24.5,true,false,2571,,0,,26.78,44244.52,20.5,13.5,6.5,36,10.5
2825,20240507,2024,25.6,true,false,1394,,0,,26.61,46342.5,20.6,14.25,7.9,356,8.7
2926,20240507,2024,25.6,true,false,1432,,0,,26.61,46342.5,19.1,12.75,6.4,356,8.7
2964,20240507,2024,30.6,true,false,89,,0,,27.37,46841.21,20.8,13.5,6.2,80,13.3
3009,20240507,2024,26.6,true,false,1445,,0,,26.73,45087.73,21.8,14.65,7.5,5,11.5
3042,20240507,2024,26.6,true,false,2494,,0,,26.73,45087.73,20.9,13.75,6.6,5,11.5
3074,20240507,2024,24.1,true,false,95,,0,,26.69,45205.45,20.3,12.9,5.5,9,10.7
3105,20240507,2024,29.9,true,false,523,,0,,28.09,46900.16,16.9,11.25,5.6,75,11.6
3136,20240507,2024,19.1,true,false,2872,,0,,27.03,45536.38,22.4,14.299999999999999,6.2,57,7.9
3167,20240507,2024,19.1,true,false,2403,,0,,27.03,45536.38,22.4,14.299999999999999,6.2,57,7.9
442,20240508,2024,58,true,false,84,,0,,28.32,43241.19,22.4,17.1,11.8,87,27.8
920,20240508,2024,34.2,true,false,691,,0,,28.07,46800,29.1,22.65,16.2,25,16.4
1689,20240508,2024,16.6,true,false,2571,,0,,28.25,46800,25,17.45,9.9,45,8.7
1690,20240508,2024,58,true,false,3238,,0,,28.32,43241.19,22.4,17.1,11.8,87,27.8
1691,20240508,2024,31.3,true,false,3010,,0,,28.65,46800,23.3,16.45,9.6,113,12
1692,20240508,2024,35.3,true,false,201,,0,,28.09,46800,29.9,21.4,12.9,72,16.6
1693,20240508,2024,34.2,true,false,1868,,0,,28.33,46800,28.2,21.5,14.8,66,14.3
1694,20240508,2024,20.2,true,false,1370,,0,,28.5,46837.05,24,17.2,10.4,88,7.7
1695,20240508,2024,34.6,true,false,2300,,0,,28.26,46800,26,19.7,13.4,78,17.3
1696,20240508,2024,40.7,true,false,300,,0,,28.59,46800,27.2,20.5,13.8,66,19.5
1697,20240508,2024,34.2,true,false,3052,,0,,27.99,46800,26.5,19.85,13.2,70,21.2
1698,20240508,2024,42.1,true,false,2348,,0,,28.58,46800,27.1,21.25,15.4,84,20.2
1699,20240508,2024,58,true,false,3238,,0,,28.32,43241.19,22.4,17.1,11.8,87,27.8
1700,20240508,2024,29.9,true,false,31,,0,,28.29,46800,30,22.6,15.2,70,15.3
1701,20240508,2024,42.1,true,false,362,,0,,28.49,46800,22.8,17.2,11.6,84,20.6
1702,20240508,2024,33.5,true,false,2331,,0,,28.06,46800,27.9,21.049999999999997,14.2,67,18.4
1703,20240508,2024,46.8,true,false,2077,,0,,28.34,46800,24.7,19.75,14.8,89,26.2
1704,20240508,2024,47.9,true,false,1827,,0,,28.06,46800,28.9,21.75,14.6,67,29
1705,20240508,2024,37.8,true,false,292,,0,,28.49,46800,27.5,20.95,14.4,66,17.8
1706,20240508,2024,47.9,true,false,248,,0,,28.06,46800,28.9,21.75,14.6,67,29
1707,20240508,2024,38.2,true,false,506,,0,,28.78,44525.15,18.2,12.95,7.7,76,14.6
1708,20240508,2024,25.9,true,false,527,,0,,28.36,44495.85,22.1,16.15,10.2,62,9.4
1709,20240508,2024,23,true,false,434,,0,,28.7,46838.2,22.6,15.9,9.2,77,9.2
1710,20240508,2024,34.6,true,false,523,,0,,28.28,43200,20.6,14.8,9,104,12
1711,20240508,2024,34.6,true,false,188,,0,,28.33,46800,29,22.05,15.1,56,13.4
1712,20240508,2024,36.7,true,false,2810,,0,,28.28,46800,24.7,19.4,14.1,83,19.1
1713,20240508,2024,26.6,true,false,1342,,0,,28.45,46412.63,23.6,16.6,9.6,156,10.2
1745,20240508,2024,37.8,true,false,380,,0,,28.17,46800,25.1,19.25,13.4,61,19.5
2826,20240508,2024,27.7,true,false,1394,,0,,28.56,46839.07,24.1,17.65,11.2,58,11
2927,20240508,2024,27.7,true,false,1432,,0,,28.56,46839.07,22.6,16.15,9.7,58,11
2965,20240508,2024,53.6,true,false,89,,0,,28.29,43241.41,23,17.2,11.4,80,25.6
3010,20240508,2024,22.3,true,false,1445,,0,,28.45,46837.56,24.6,17.950000000000003,11.3,78,8.3
3043,20240508,2024,22.3,true,false,2494,,0,,28.45,46837.56,23.7,17.05,10.4,78,8.3
3075,20240508,2024,25.9,true,false,95,,0,,28.36,46175.79,23,16.6,10.2,69,9.9
3106,20240508,2024,31.3,true,false,523,,0,,28.02,42645.65,18.8,13.2,7.6,98,14.1
3137,20240508,2024,37.4,true,false,2872,,0,,28.23,45534.09,25,19.3,13.6,93,18.6
3168,20240508,2024,37.4,true,false,2403,,0,,28.23,45534.09,25,19.3,13.6,93,18.6
443,20240509,2024,29.9,true,false,84,,0,,23.82,42920.27,23.7,17.95,12.2,91,13.7
921,20240509,2024,34.9,true,false,691,,0,,27.2,43200,25.7,21.15,16.6,311,15.6
1714,20240509,2024,18,true,false,1342,,0,,20.89,40712.05,23.1,16.15,9.2,153,6.6
1746,20240509,2024,26.3,true,false,380,,0,,25.82,44489.12,28,20.3,12.6,63,14.8
2827,20240509,2024,23.8,true,false,1394,,0,,21.9,41967.5,24.7,17.9,11.1,64,10
2928,20240509,2024,23.8,true,false,1432,,0,,21.9,41967.5,23.2,16.4,9.6,64,10
2966,20240509,2024,31,true,false,89,,0,,24.27,41608.75,24.3,18,11.7,78,15
3011,20240509,2024,15.5,true,false,1445,,0,,21.96,41194.45,25.7,19.2,12.7,66,6.7
3044,20240509,2024,15.5,true,false,2494,,0,,21.96,41194.45,24.8,18.3,11.8,66,6.7
3076,20240509,2024,16.2,true,false,95,,0,,22.76,42134.16,24.1,17.200000000000003,10.3,47,7.4
3107,20240509,2024,19.8,true,false,523,,0,,23.52,40931.11,20.5,15.3,10.1,107,11.7
3138,20240509,2024,25.2,true,false,2872,,0,,24.03,41513.84,26.4,19.049999999999997,11.7,108,11.3
3169,20240509,2024,25.2,true,false,2403,,0,,24.03,41513.84,26.4,19.049999999999997,11.7,108,11.3
3170,20240509,2024,22.7,true,false,2836,,0,,26.03,45361.9,24.4,18.5,12.6,131,10
3171,20240509,2024,27,true,false,2621,,0,,21.88,41811.27,21.9,15.45,9,70,11.2
3172,20240509,2024,25.2,true,false,85,,0,,22.77,42282.57,23.1,17.15,11.2,89,11.1
3204,20240509,2024,15.8,true,false,1686,,0,,19.93,30789.55,24.8,19.1,13.4,35,5.6
3205,20240509,2024,23.4,true,false,3011,,0,,23.11,40852.22,22.9,16.049999999999997,9.2,47,9.2
3206,20240509,2024,14.4,true,false,1498,,0,,20.23,30830.38,26.3,21.15,16,53,7.3
3207,20240509,2024,16.9,true,false,2565,,0,,20.77,41102.09,21.7,15.85,10,87,10.2
3208,20240509,2024,15.5,true,false,2078,,0,,20.38,32409.72,23.3,17.85,12.4,127,5
3209,20240509,2024,23.4,true,false,23,,0,,25.9,46516.14,25.6,19.25,12.9,54,14.2
3210,20240509,2024,16.2,true,false,2374,,0,,23.27,42127.7,25.2,17.8,10.4,72,8.2
3211,20240509,2024,23,true,false,1944,,0,,21.89,41966.54,22.6,15.5,8.4,54,11.9
3212,20240509,2024,20.2,true,false,516,,0,,20.51,40714.64,20.6,14.75,8.9,115,8.1
3213,20240509,2024,29.5,true,false,803,,0,,24.61,42687.08,26.2,19.15,12.1,111,14
3214,20240509,2024,28.8,true,false,2438,,0,,25.89,46800,29.2,20.2,11.2,75,14.3
3215,20240509,2024,24.5,true,false,2738,,0,,23.77,42266.93,25.5,18.65,11.8,107,11
3216,20240509,2024,36.4,true,false,2500,,0,,26.57,44657.45,30.6,22.25,13.9,346,19.6
3217,20240509,2024,31,true,false,2790,,0,,25.45,44582.69,26,20.4,14.8,88,17.3
3218,20240509,2024,31.7,true,false,1538,,0,,26.29,46800,28.9,20.45,12,338,18.9
3250,20240509,2024,33.5,true,false,182,,0,,25.83,46800,29.6,21.700000000000003,13.8,82,18.1
3251,20240509,2024,21.6,true,false,537,,0,,23.26,43246.47,21.9,15.45,9,37,11.5
3252,20240509,2024,25.6,true,false,305,,0,,26.18,41189.93,25.2,17.65,10.1,98,11.4
3253,20240509,2024,16.2,true,false,94,,0,,22.76,42134.16,25.6,18.75,11.9,47,7.4
3254,20240509,2024,28.1,true,false,368,,0,,26.41,44100.12,26.3,18.35,10.4,66,12.5
3255,20240509,2024,28.8,true,false,847,,0,,26.24,43705.45,25.5,19.35,13.2,72,14.8
3256,20240509,2024,25.6,true,false,818,,0,,26.18,41189.93,25.2,17.65,10.1,98,11.4
3288,20240509,2024,18.4,false,false,454,,0.1,,22.03,37416,25.1,18.5,11.9,70,7.7
3320,20240509,2024,26.3,true,false,2091,,0,,25.85,46800,28.5,20.6,12.7,93,9
3321,20240509,2024,22.7,true,false,63,,0,,24.69,41177.38,23.4,16.7,10,63,10
3353,20240509,2024,26.6,true,false,1753,,0,,24.89,41144.25,24.2,17.2,10.2,71,12.6
444,20240510,2024,22,false,false,84,,0.9,,26.45,46836.56,24.3,18.5,12.7,8,8.2
922,20240510,2024,38.5,true,false,691,,0,,27.88,46800,26.6,20.75,14.9,321,20.7
1715,20240510,2024,32,false,false,1342,,0.2,,26.73,47147.23,26.1,17.8,9.5,243,12.9
1747,20240510,2024,29.9,true,false,380,,0,,27.72,46835.02,25,19,13,216,13.7
3173,20240510,2024,29.9,false,false,85,,1.3,,26.49,46901.68,23.8,18.2,12.6,69,11.1
3219,20240510,2024,45,true,false,1538,,0,,27.16,46800,27.8,20.65,13.5,318,25.7
3257,20240510,2024,27.4,true,false,818,,0,,26.63,46800,25.9,18.5,11.1,247,12.7
3289,20240510,2024,21.6,false,false,454,,1.1,,27.44,46901.36,25.5,19.4,13.3,65,7.7
3322,20240510,2024,32,true,false,63,,0,,26.16,46800,24,17.05,10.1,14,13.2
3354,20240510,2024,29.9,false,false,1753,,0.3,,26.48,46800,24.6,17.700000000000003,10.8,35,12.2
4260,20240510,2024,27.4,true,false,2725,,0,,26.72,47146.21,25.7,18.4,11.1,17,10.8
445,20240511,2024,34.6,false,false,84,,0.5,,26.58,47076.8,21.9,16.85,11.8,291,15.7
923,20240511,2024,50.4,true,false,691,,0,,27.68,46800,22.4,18.4,14.4,330,26.7
1716,20240511,2024,46.1,true,false,1342,,0,,26.1,47067.54,24.7,18.05,11.4,331,18.7
1748,20240511,2024,42.5,true,false,380,,0,,27.15,46831.38,21.6,16.5,11.4,288,20.5
3174,20240511,2024,34.2,false,false,85,,1.8,,26.06,47077.82,22.4,16.9,11.4,307,13
3220,20240511,2024,49,true,false,1538,,0,,25.96,41846.93,24.3,18.7,13.1,319,27.7
3258,20240511,2024,38.2,false,false,818,,1.4,,25.87,46936.5,23,17.5,12,276,17.8
3290,20240511,2024,33.1,true,false,454,,0,,27.67,46977.83,22.9,16.85,10.8,330,14.1
3323,20240511,2024,34.6,false,false,63,,2.1,,26.12,47011.91,21.3,15.45,9.6,288,14
3355,20240511,2024,35.6,false,false,1753,,2.1,,26.63,46935.38,21.8,15.95,10.1,289,16.3
446,20240512,2024,28.8,false,false,84,,1.1,,22.32,39430.28,17.8,14.2,10.6,265,12.6
924,20240512,2024,55.4,true,false,691,,0,,27.83,46800,21.2,17.4,13.6,340,27.7
1717,20240512,2024,36.7,true,false,1342,,0,,23.32,43118.79,21,17.15,13.3,336,15.7
1749,20240512,2024,37.4,false,false,380,,0.1,,22.72,38875.04,18.6,15.700000000000001,12.8,312,17.9
3175,20240512,2024,27.7,false,false,85,,0.6,,21.75,36060.17,17.5,14.45,11.4,257,9
3221,20240512,2024,52.6,true,true,1538,,0,,25.5,40584.39,21.4,17.1,12.8,328,31.1
3259,20240512,2024,27.4,false,false,818,,0.2,,23.08,39077.07,19,14.95,10.9,271,11.5
3291,20240512,2024,30.2,true,false,454,,0,,22.41,39321.59,18,14.05,10.1,337,11.6
3324,20240512,2024,27.7,false,false,63,,0.3,,23.11,38755.58,17.6,13.850000000000001,10.1,261,11.3
3356,20240512,2024,27.7,false,false,1753,,0.2,,22.98,40005.79,17.8,13.95,10.1,266,12.3
447,20240513,2024,41.4,false,false,84,,15.8,,5.97,10800,13.8,11.25,8.7,248,19.2
732,20240513,2024,48.2,false,false,1426,,2.5,,13.82,15621.17,18.8,15.8,12.8,319,25.8
733,20240513,2024,47.9,false,false,3108,,0.6,,21.09,34125.88,19.6,16.950000000000003,14.3,313,25.9
734,20240513,2024,50.4,false,false,1942,,0.2,,26.71,46800,25.3,19.4,13.5,300,21.3
925,20240513,2024,41.4,false,false,691,,0.5,,14.73,15687.24,20.9,17.15,13.4,317,20.4
1718,20240513,2024,38.5,false,false,1342,,3.1,,7.79,7200,17.9,13.85,9.8,237,16.6
1750,20240513,2024,43.2,false,false,380,,8.9,,5.94,9529.05,16.2,13.85,11.5,249,21.7
3176,20240513,2024,45,false,false,85,,19.4,,6.5,10800,13.2,11,8.8,240,18.6
3222,20240513,2024,43.2,false,false,1538,,1.2,,11.81,9688.57,20,16.1,12.2,314,25.5
3260,20240513,2024,41,false,false,818,,6.4,,5.97,7200,15.9,12.45,9,242,20.6
3292,20240513,2024,41.4,false,false,454,,17.6,,6.43,10810.6,14.6,12.149999999999999,9.7,245,17.3
3325,20240513,2024,49.3,false,false,63,,9.2,,5.51,7200,13.6,10.75,7.9,237,19.9
3357,20240513,2024,42.5,false,false,1753,,8.2,,5.53,8065.41,14.2,11.35,8.5,243,21.4
448,20240514,2024,50.8,false,false,84,,4.2,,17.07,37517.62,12.4,9.85,7.3,284,20.9
735,20240514,2024,43.9,false,false,38,,0.2,,21.72,46412.3,20.8,16,11.2,314,22.9
736,20240514,2024,56.2,true,true,192,,0,,25.91,46800,18.1,16.15,14.2,334,33.4
926,20240514,2024,48.6,false,false,691,,0.2,,20.16,45046.85,17.9,15.25,12.6,321,23.8
1719,20240514,2024,48.2,false,false,1342,,3.5,,21.75,42504.39,15.8,12.15,8.5,315,19.9
1751,20240514,2024,46.1,false,false,380,,2.6,,21.77,39856.22,15.8,12.850000000000001,9.9,297,22.1
3177,20240514,2024,49.7,false,false,85,,9.2,,15.45,29721.66,12.1,9.6,7.1,273,18.8
3223,20240514,2024,49.3,false,false,1538,,1,,20.05,46751.34,17.6,14.4,11.2,315,29
3261,20240514,2024,46.4,false,false,818,,5,,18.3,39600,14.2,10.85,7.5,286,22.8
3293,20240514,2024,47.9,false,false,454,,5.6,,17.17,41235.87,14.4,11.600000000000001,8.8,297,19.8
3326,20240514,2024,55.8,false,false,63,,6.4,,17.58,35768.52,12.2,9.2,6.2,276,24
3358,20240514,2024,51.5,false,false,1753,,3.1,,18.09,34976.64,13.1,9.9,6.7,283,24.5
449,20240515,2024,46.1,false,false,84,,4.9,,16.25,33388.77,11.9,8.6,5.3,264,19.8
737,20240515,2024,51.1,true,false,1071,,0,,24.98,46800,22.8,17.7,12.6,304,25.8
927,20240515,2024,46.1,false,false,691,,0.4,,21.5,46800,17.7,14.95,12.2,307,21.3
1720,20240515,2024,34.9,false,false,1342,,1,,18.29,46770.7,14.2,10.3,6.4,250,14.8
1752,20240515,2024,40.7,false,false,380,,4.8,,21.41,45908.46,15.2,11.85,8.5,271,20
3178,20240515,2024,45.7,false,false,85,,11.5,,13.92,22131.69,10.6,8.5,6.4,252,17.5
3224,20240515,2024,43.6,false,false,1538,,0.5,,18.36,46800,16.2,12.55,8.9,300,25.4
3262,20240515,2024,42.5,false,false,818,,3.5,,19,43374.16,13.5,9.85,6.2,256,20.9
3294,20240515,2024,42.8,false,false,454,,5.5,,19.78,40924.03,13.6,10.7,7.8,270,17
3327,20240515,2024,50.8,false,false,63,,7.4,,17.58,41147.93,11.7,8.25,4.8,259,21.3
3359,20240515,2024,44.6,false,false,1753,,5.6,,18.62,41939.6,12.4,8.7,5,263,21.3
450,20240516,2024,37.1,false,false,84,,18.6,,11.58,21600,12.9,9.8,6.7,238,16.9
928,20240516,2024,47.9,false,false,691,,2.6,,15.04,21600,20,16.65,13.3,280,24.2
1721,20240516,2024,36.7,false,false,1342,,6.5,,11.67,13775.79,15,11.8,8.6,188,16.3
1753,20240516,2024,49,false,false,380,,6.7,,12.54,21275.39,16.5,12.65,8.8,240,25.6
3179,20240516,2024,40,false,false,85,,11.3,,11.39,18579.61,12.7,9.649999999999999,6.6,226,15.3
3225,20240516,2024,42.8,false,false,1538,,3.6,,11.27,21662.75,16.9,13.95,11,276,25.9
3263,20240516,2024,38.2,false,false,818,,6.7,,11.28,16965.23,14.5,11.05,7.6,235,17.1
3295,20240516,2024,38.5,false,false,454,,10.1,,11.07,14912.84,14.2,11.2,8.2,214,15.5
3328,20240516,2024,49,false,false,63,,14.5,,11.65,18894.59,12.6,9.4,6.2,235,20.2
3360,20240516,2024,47.5,false,false,1753,,15.6,,11.51,18644.59,13.4,9.85,6.3,238,19.8
451,20240517,2024,36.7,false,false,84,,2.3,,19,43668.91,14.1,10.45,6.8,291,16.8
929,20240517,2024,42.1,false,false,691,,0.1,,24.12,46587.63,19,15.8,12.6,327,20.9
1722,20240517,2024,37.8,false,false,1342,,4.9,,21.57,47790.95,16.5,11.8,7.1,323,16.8
1754,20240517,2024,38.2,false,false,380,,5.7,,20.59,46707.18,16.7,12.899999999999999,9.1,301,19.6
3180,20240517,2024,34.6,false,false,85,,3.2,,17.13,33973.99,13.8,10.05,6.3,287,13.6
3226,20240517,2024,42.1,false,false,1538,,1.2,,20.48,46365.72,17.9,14.6,11.3,320,25
3264,20240517,2024,34.9,false,false,818,,2,,17.7,39479.7,15.1,11.4,7.7,283,17.5
3296,20240517,2024,39.2,false,false,454,,1.2,,19.47,42294.58,15.4,11.2,7,313,16.1
3329,20240517,2024,35.6,false,false,63,,2,,19.19,44073.81,13.4,9.75,6.1,272,14.8
3361,20240517,2024,36.4,false,false,1753,,2.4,,19.51,43582.48,14.4,10.5,6.6,283,18.3
452,20240518,2024,39.6,false,false,84,,10.5,,13.28,24944.59,13.1,10.6,8.1,264,17.7
738,20240518,2024,41.4,false,false,1606,,0.1,,18.38,41647.48,21.2,15.899999999999999,10.6,326,22.5
930,20240518,2024,40.7,true,false,691,,0,,23.98,46800,19.6,15.8,12,329,20.1
1723,20240518,2024,33.5,false,false,1342,,12.6,,13.2,31288.87,16.1,12.15,8.2,285,12.1
1755,20240518,2024,36,false,false,380,,2.4,,17.98,40804.56,16.1,12.850000000000001,9.6,278,17.6
3181,20240518,2024,36.7,false,false,85,,8.5,,11.49,17708.15,12.4,10.25,8.1,247,13.5
3227,20240518,2024,39.6,false,false,1538,,0.2,,20.05,39600,18.8,14.7,10.6,320,23.5
3265,20240518,2024,33.8,false,false,818,,4.8,,13.95,21651.3,15.4,11.3,7.2,256,17
3297,20240518,2024,29.2,false,false,454,,4.1,,13.26,25732.68,15,11.95,8.9,286,12.2
3330,20240518,2024,39.2,false,false,63,,5.5,,13.64,28519.36,13.3,9.65,6,250,17.5
3362,20240518,2024,37.1,false,false,1753,,7.8,,14.25,29029.14,14.4,10.9,7.4,260,18.1
453,20240519,2024,36.7,false,false,84,,0.8,,24.46,47075.84,16.5,11.85,7.2,314,16.6
739,20240519,2024,49.7,false,false,3000,,0.3,,27.27,47071.26,17,14.4,11.8,334,26.6
931,20240519,2024,46.1,false,false,691,,0.2,,23.52,46479.2,19.8,15.9,12,330,23.3
1724,20240519,2024,45.4,false,false,1342,,0.5,,23.03,46426.34,17.5,12.05,6.6,328,19.9
1756,20240519,2024,43.2,false,false,380,,1.2,,24.45,46976.34,18.2,13.55,8.9,321,21.9
3182,20240519,2024,34.9,false,false,85,,0.6,,23.77,47454.82,16.1,11.100000000000001,6.1,353,14.1
3228,20240519,2024,49,false,false,1538,,0.2,,23.82,44328.2,19.5,15.3,11.1,321,29.1
3266,20240519,2024,34.9,false,false,818,,2.1,,23.55,45048.41,17.5,13.7,9.9,318,17.3
3298,20240519,2024,42.5,false,false,454,,0.5,,23.19,47256.49,16.5,12.1,7.7,350,16.8
3331,20240519,2024,36.4,false,false,63,,0.7,,23.93,46684,16.2,12.25,8.3,305,16.1
3363,20240519,2024,37.1,false,false,1753,,0.9,,24.29,46191.45,16.6,12.850000000000001,9.1,311,18.3
454,20240520,2024,40,false,false,84,,2.2,,23.15,47123.64,16.5,11.9,7.3,288,18.7
740,20240520,2024,37.8,false,false,2351,,0.1,,17.97,30023.82,22.1,16.6,11.1,294,17.1
741,20240520,2024,37.8,true,false,292,,0,,21.68,46461.44,21.8,16.35,10.9,294,19.4
742,20240520,2024,43.6,false,false,1910,,0.5,,25.28,46066.89,20.6,14.75,8.9,291,18.3
743,20240520,2024,45.7,false,false,283,,0.7,,23.31,46883.63,20.1,16.5,12.9,320,22.2
932,20240520,2024,45.4,false,false,691,,0.4,,24.79,46880.08,19.1,15.600000000000001,12.1,320,21.9
1725,20240520,2024,39.2,true,false,1342,,0,,24.53,44117,18.4,12.85,7.3,326,16.9
1757,20240520,2024,39.6,false,false,380,,0.5,,26.36,45054.43,17.6,13.55,9.5,296,19.6
3183,20240520,2024,37.1,false,false,85,,2.2,,24.06,47354.36,15.8,10.9,6,309,13.7
3229,20240520,2024,49,false,false,1538,,0.2,,24.74,46800,19.5,15.7,11.9,319,29
3267,20240520,2024,38.2,false,false,818,,1.1,,22.62,42906.62,18,13.45,8.9,274,18.7
3299,20240520,2024,40,false,false,454,,0.4,,24.28,43909.68,16.9,12.35,7.8,328,16.5
3332,20240520,2024,41.8,false,false,63,,2.8,,22.84,44399.32,16.2,11.7,7.2,273,17.5
3364,20240520,2024,40.3,false,false,1753,,1,,22.41,39126.87,16.8,12.2,7.6,279,19.8
455,20240521,2024,38.5,false,false,84,,1.7,,14.41,24356.19,13.9,10.9,7.9,270,17.7
744,20240521,2024,45.7,false,false,2835,,0.4,,23.01,43143.38,19.8,15.850000000000001,11.9,312,25
933,20240521,2024,38.9,true,false,691,,0,,26.05,46875.71,20.1,16.35,12.6,313,17.2
1726,20240521,2024,32,false,false,1342,,1.8,,17.55,40131.12,16.7,13.149999999999999,9.6,284,12.7
1758,20240521,2024,37.1,false,false,380,,2.7,,21.52,36171.39,17,13.4,9.8,263,18.8
3184,20240521,2024,36.7,false,false,85,,6.2,,14.84,26103.6,14,10.6,7.2,255,13.7
3230,20240521,2024,44.6,false,false,1538,,1,,22.55,42318.73,19.2,15.3,11.4,310,25.4
3268,20240521,2024,38.2,false,false,818,,2.5,,15.9,25587.18,16,12.2,8.4,260,19.2
3300,20240521,2024,36.7,false,false,454,,3,,17.69,25523.44,15.6,11.6,7.6,269,15.7
3333,20240521,2024,42.1,false,false,63,,1.7,,14.39,22283.03,14,10.65,7.3,256,18.5
3365,20240521,2024,38.9,false,false,1753,,1.9,,14.43,25132.86,14.5,10.9,7.3,261,18.9
456,20240522,2024,37.8,false,false,84,,3.8,,24.26,43127.49,15.3,11.25,7.2,294,16.6
745,20240522,2024,41.8,false,false,392,,0.2,,23.36,45943.94,21.6,16.200000000000003,10.8,320,25.3
746,20240522,2024,43.9,false,false,1663,,0.1,,23.97,47066.29,18.3,15.7,13.1,340,25
934,20240522,2024,42.8,false,false,691,,1.5,,24.62,43465.29,20,15.95,11.9,335,21.9
1727,20240522,2024,45,false,false,1342,,1,,21.48,43894.83,17.5,12.85,8.2,328,19.9
1759,20240522,2024,36.7,false,false,380,,2.3,,25.29,47285.12,17.2,13.3,9.4,304,17.8
3185,20240522,2024,34.6,false,false,85,,4.2,,24.12,43719.52,14.9,10.9,6.9,285,13.4
3231,20240522,2024,41.8,true,false,1538,,0,,22.64,41045.98,20.3,15.75,11.2,323,24.2
3269,20240522,2024,34.6,false,false,818,,2.7,,21.82,44415.74,16.6,13.05,9.5,292,16.7
3301,20240522,2024,37.8,false,false,454,,2,,24.14,38669.3,16.1,12.5,8.9,310,16.2
3334,20240522,2024,36.7,false,false,63,,1.8,,21.66,44711.37,15.1,11.55,8,276,15.6
3366,20240522,2024,36.4,false,false,1753,,3.2,,22.96,42333.69,15.7,11.55,7.4,292,17.1
457,20240523,2024,20.5,true,false,84,,0,,29.72,48555.75,19.7,12.75,5.8,57,10.3
747,20240523,2024,29.2,true,false,3163,,0,,29.76,48579.98,21.5,14.8,8.1,9,13.2
748,20240523,2024,42.5,true,false,203,,0,,26.37,45956.94,26.9,20.299999999999997,13.7,331,22.7
749,20240523,2024,45,true,false,1825,,0,,28.94,47161.9,25.4,19.049999999999997,12.7,3,22.6
750,20240523,2024,31.7,true,false,170,,0,,28.99,45060,25.9,17.65,9.4,325,15
751,20240523,2024,37.8,true,false,2957,,0,,29.54,48831.45,20.8,14.15,7.5,21,16
752,20240523,2024,48.2,true,false,2080,,0,,29.82,47373.47,20.2,16,11.8,357,28
753,20240523,2024,36.7,true,false,531,,0,,29.75,47953.56,23.5,15.35,7.2,28,19
935,20240523,2024,48.2,true,false,691,,0,,29.53,47264.93,23.3,17.7,12.1,351,24
1728,20240523,2024,38.5,true,false,1342,,0,,29.03,47385.31,20.1,13.55,7,316,17.1
1760,20240523,2024,29.9,true,false,380,,0,,29.7,48199.74,21.8,14.7,7.6,12,14.8
3186,20240523,2024,32,true,false,85,,0,,29.34,48346.1,19,12.85,6.7,45,12.6
3232,20240523,2024,44.6,true,false,1538,,0,,29.79,47434.25,23.8,16.5,9.2,334,26.6
3270,20240523,2024,20.5,true,false,818,,0,,29.67,48425.73,20.6,12.700000000000001,4.8,31,9.7
3302,20240523,2024,36,true,false,454,,0,,29.89,48702.28,19.7,13.3,6.9,12,14.3
3335,20240523,2024,26.6,true,false,63,,0,,30.05,48656.25,18.7,11.25,3.8,46,10.2
3367,20240523,2024,23,true,false,1753,,0,,29.94,48653.8,19.4,11.899999999999999,4.4,50,9.8
458,20240524,2024,27.4,true,false,84,,0,,29.94,49028.12,21.7,15.05,8.4,119,12.3
754,20240524,2024,30.6,true,false,1772,,0,,29.63,47087.07,29.8,21.45,13.1,301,16
755,20240524,2024,33.8,true,false,2964,,0,,29.83,47149.16,28,19.85,11.7,324,16.9
756,20240524,2024,35.6,true,false,2664,,0,,30.02,48350.26,22.5,15.15,7.8,339,17.1
757,20240524,2024,26.6,true,false,434,,0,,29.94,49085.32,23.1,14.950000000000001,6.8,230,10.9
758,20240524,2024,34.6,true,false,3069,,0,,30.33,48292.76,24.6,17.200000000000003,9.8,27,18.4
759,20240524,2024,45.7,true,false,1900,,0,,29.38,46887.15,31.2,21.7,12.2,302,22.7
760,20240524,2024,32.8,true,false,1032,,0,,29.99,47552.71,28.1,20.75,13.4,315,17.2
761,20240524,2024,41.8,true,false,257,,0,,29.48,47374.25,23.2,17.65,12.1,319,22.9
762,20240524,2024,33.5,true,false,2741,,0,,29.68,47066.38,28.6,20.5,12.4,314,15.3
763,20240524,2024,25.6,true,false,1445,,0,,29.92,49061.16,23.9,16.5,9.1,211,10.4
764,20240524,2024,32.8,true,false,2611,,0,,29.61,47088.56,30.2,21.65,13.1,297,17
936,20240524,2024,41.4,true,false,691,,0,,29.75,47085.54,24.8,18.85,12.9,333,21.6
1729,20240524,2024,22.3,true,false,1342,,0,,29.7,48620.68,23.3,15.65,8,185,9.8
1761,20240524,2024,29.2,true,false,380,,0,,29.6,48433.65,23.4,16.4,9.4,272,13.4
3187,20240524,2024,29.2,true,false,85,,0,,29.98,49157.64,21.3,14.4,7.5,149,11.5
3233,20240524,2024,42.5,true,false,1538,,0,,29.38,46511.83,26.6,18.950000000000003,11.3,313,24
3271,20240524,2024,28.4,true,false,818,,0,,29.8,48556,23.4,15.6,7.8,149,13.8
3303,20240524,2024,25.9,true,false,454,,0,,29.78,49063.97,22.6,15.100000000000001,7.6,258,10.5
3336,20240524,2024,29.5,true,false,63,,0,,29.98,48682.24,21.7,14.149999999999999,6.6,5,12.8
3368,20240524,2024,29.2,true,false,1753,,0,,29.87,48789.86,22.3,15,7.7,62,14
459,20240525,2024,34.6,false,false,84,,2.5,,20.46,28844.37,19.1,13.4,7.7,232,14.8
765,20240525,2024,31,true,false,1310,,0,,30.24,47281.68,28.9,20.15,11.4,304,13.3
766,20240525,2024,41,true,false,2652,,0,,29.48,47982.12,20.9,14.85,8.8,311,19
767,20240525,2024,41.4,true,false,431,,0,,29.23,47064.46,22.5,17.4,12.3,298,20.2
768,20240525,2024,30.2,true,false,1839,,0,,27.48,42107.63,20.5,14.65,8.8,277,11.2
769,20240525,2024,23.8,true,false,2622,,0,,29.82,48113.68,27.4,18.95,10.5,346,7.7
770,20240525,2024,30.6,true,false,1323,,0,,27.37,45380.74,19,16.35,13.7,309,14
771,20240525,2024,38.5,true,false,2890,,0,,28,44406.76,23,17.8,12.6,315,19.9
772,20240525,2024,26.6,true,false,999,,0,,27.28,45993.07,22.9,15.799999999999999,8.7,240,13
773,20240525,2024,26.6,true,false,184,,0,,30.14,47187.38,28.8,20.35,11.9,305,13
774,20240525,2024,38.5,true,false,2715,,0,,27.45,47202.84,20.4,14.049999999999999,7.7,274,18.7
937,20240525,2024,33.8,true,false,691,,0,,29.31,47168.98,24.8,18.6,12.4,320,15
1730,20240525,2024,35.3,true,false,1342,,0,,26.36,46091.35,23.7,16.5,9.3,203,15.5
1762,20240525,2024,31.7,false,false,380,,1.1,,21.58,28606.94,19.9,14.899999999999999,9.9,225,14.2
3188,20240525,2024,38.2,false,false,85,,3.2,,20.42,29788.22,18.5,12.9,7.3,217,14.5
3234,20240525,2024,38.5,true,false,1538,,0,,27.5,43791.98,24.6,18.1,11.6,314,21.2
3272,20240525,2024,31,false,false,818,,1.1,,22.38,27191.24,20.5,14.75,9,231,14.2
3304,20240525,2024,33.8,false,false,454,,5.1,,14.8,21735.14,18.3,13.5,8.7,180,14
3337,20240525,2024,38.2,false,false,63,,1.3,,22.5,31084.7,19.3,12.9,6.5,238,16.5
3369,20240525,2024,32.4,false,false,1753,,1.6,,20.9,25612.96,19.7,13.6,7.5,239,15.2
460,20240526,2024,36.4,false,false,84,,0.3,,28.04,45791.61,18.4,13.75,9.1,296,17.5
775,20240526,2024,39.6,true,false,1618,,0,,26.24,36174.71,25.3,19.15,13,327,20.3
776,20240526,2024,54,true,false,191,,0,,27.92,41682.8,29.9,22.4,14.9,350,30
777,20240526,2024,40.7,false,false,348,,0.1,,27.67,47533.65,19.5,14.85,10.2,314,19.4
938,20240526,2024,53.6,true,false,691,,0,,28.63,43570.16,22.4,18.15,13.9,344,26.8
1731,20240526,2024,45.4,false,false,1342,,0.5,,27.38,45347.93,20,16.1,12.2,331,19.9
1763,20240526,2024,41.8,true,false,380,,0,,27.26,47707.5,19.8,15.600000000000001,11.4,313,20.9
3189,20240526,2024,32.8,false,false,85,,0.2,,28.45,46771.75,18,13.95,9.9,300,13.2
3235,20240526,2024,52.9,false,true,1538,,0.3,,28.55,43785.18,22.4,17.299999999999997,12.2,329,31.2
3273,20240526,2024,32.4,false,false,818,,0.5,,27.42,47072.42,19.7,14.8,9.9,297,15.9
3305,20240526,2024,44.3,true,false,454,,0,,26.11,44403.27,18.6,14.600000000000001,10.6,337,18.8
3338,20240526,2024,35.3,false,false,63,,0.3,,28.03,45368.05,18.1,13.65,9.2,276,15.3
3370,20240526,2024,37.1,false,false,1753,,0.3,,27.66,45975.81,18.7,14,9.3,293,18.7
461,20240527,2024,33.5,true,false,84,,0,,28.79,48524.38,20,13.85,7.7,325,15.2
778,20240527,2024,29.2,true,false,2794,,0,,27.78,48017.99,22.4,15.1,7.8,281,13.1
779,20240527,2024,35.6,true,false,2710,,0,,29.39,43374.53,27.7,19.05,10.4,321,17.5
780,20240527,2024,32,true,false,1708,,0,,29.79,47772.79,28.5,19.55,10.6,316,16.2
781,20240527,2024,61.9,true,true,1981,,0,,29.88,47713.25,18.6,15.700000000000001,12.8,351,32.1
782,20240527,2024,38.5,true,false,3239,,0,,29.38,45712.18,27.8,19.4,11,333,18.9
783,20240527,2024,25.2,true,false,3011,,0,,29.07,48382.2,21.9,14.149999999999999,6.4,72,9.7
784,20240527,2024,39.6,true,false,143,,0,,29.28,47939.24,29.8,22.3,14.8,352,18.6
939,20240527,2024,59.8,true,false,691,,0,,29.89,47514.25,22,17.6,13.2,346,29.5
1732,20240527,2024,42.5,true,false,1342,,0,,28.62,47232.11,21.9,15.45,9,318,19.3
1764,20240527,2024,37.1,true,false,380,,0,,27.13,47658.05,21.6,15,8.4,329,18.4
3190,20240527,2024,33.1,true,false,85,,0,,29.17,47942.46,20.5,14.55,8.6,7,13.5
3236,20240527,2024,51.1,true,true,1538,,0,,28.98,46313.1,24,17.75,11.5,328,30.6
3274,20240527,2024,28.8,true,false,818,,0,,28.32,46646,21.9,14.95,8,339,12.8
3306,20240527,2024,40.7,true,false,454,,0,,29.16,47982.99,19.9,13.85,7.8,352,17.1
3339,20240527,2024,30.6,true,false,63,,0,,28.59,48274.79,20.1,13.4,6.7,350,12.5
3371,20240527,2024,30.6,true,false,1753,,0,,28.46,48394.94,20.4,13.549999999999999,6.7,332,15
462,20240528,2024,28.1,true,false,84,,0,,29.58,49258.65,24,17.2,10.4,360,12.7
785,20240528,2024,26.3,true,false,628,,0,,29.31,47654.36,32.3,23.849999999999998,15.4,359,10.6
786,20240528,2024,28.8,true,false,184,,0,,29.39,47366.06,31.9,23.049999999999997,14.2,321,14.8
787,20240528,2024,34.9,true,false,3003,,0,,29.25,47362.86,32.5,23.3,14.1,324,17.9
788,20240528,2024,42.1,true,false,2079,,0,,28.64,47764.73,25.8,18.6,11.4,318,21.2
789,20240528,2024,35.6,true,false,143,,0,,29.39,47897.22,32.2,24.55,16.9,355,18.4
790,20240528,2024,41,true,false,3160,,0,,28.73,45500.55,26.6,19.35,12.1,339,21.5
791,20240528,2024,38.2,true,false,3069,,0,,29.78,48693.49,28.4,20.7,13,18,19.8
792,20240528,2024,31,true,false,867,,0,,29.62,48959.31,27.3,21.4,15.5,334,13.5
793,20240528,2024,44.6,true,false,2457,,0,,28.82,46602.53,26.9,19.2,11.5,344,23.7
794,20240528,2024,46.1,true,false,3123,,0,,29.05,47927.18,27.1,19.35,11.6,345,24.2
940,20240528,2024,54.7,true,false,691,,0,,29.36,47629.17,27.1,20.5,13.9,343,29.4
1733,20240528,2024,36.4,true,false,1342,,0,,29.8,49456.69,26.4,18.2,10,333,15.9
1765,20240528,2024,33.8,true,false,380,,0,,29.28,48740.49,26.2,18.55,10.9,342,16
3191,20240528,2024,28.1,true,false,85,,0,,29.71,49517.92,23.8,17.55,11.3,13,11.1
3237,20240528,2024,49,true,false,1538,,0,,28.91,47578.32,29,20.7,12.4,322,28.4
3275,20240528,2024,25.2,true,false,818,,0,,29.51,48870.79,25.9,17.9,9.9,353,13.1
3307,20240528,2024,30.6,true,false,454,,0,,29.67,49544.78,24.6,17.5,10.4,357,12.3
3340,20240528,2024,26.6,true,false,63,,0,,29.7,49125.36,24.3,16.9,9.5,8,10.7
3372,20240528,2024,27,true,false,1753,,0,,29.57,49122.24,24.5,17.1,9.7,5,13.6
463,20240529,2024,27.4,true,false,84,,0,,29.7,49404.03,25.6,18.35,11.1,343,12
795,20240529,2024,32,true,false,2917,,0,,29.8,49789.23,24.9,18.049999999999997,11.2,32,12.7
796,20240529,2024,32.4,true,false,1477,,0,,29.34,48476.17,26.8,20.2,13.6,352,11.8
797,20240529,2024,43.6,true,false,424,,0,,29.39,47674.75,30.7,22.95,15.2,347,22.6
798,20240529,2024,32.8,true,false,3084,,0,,29.42,47684.37,34.5,24.95,15.4,276,17.2
799,20240529,2024,35.6,true,false,1214,,0,,29.33,47546.44,34.2,24.450000000000003,14.7,295,17.8
800,20240529,2024,35.6,true,false,1634,,0,,29.81,49567.47,30,21.2,12.4,320,17.2
801,20240529,2024,49,true,false,2709,,0,,29.51,49010.2,23.5,17.85,12.2,337,27.2
802,20240529,2024,36,true,false,1159,,0,,29.49,49147.55,28,20.15,12.3,345,17.3
803,20240529,2024,37.4,true,false,1742,,0,,29.39,47598.17,35,26,17,321,20.1
804,20240529,2024,49.3,true,false,259,,0,,29.54,47894.49,28.7,21.6,14.5,328,28.6
805,20240529,2024,42.8,true,false,1555,,0,,29.16,47651.38,34.8,25.099999999999998,15.4,337,21.4
806,20240529,2024,26.3,true,false,751,,0,,29.83,49048.03,31,22.95,14.9,348,11.6
807,20240529,2024,27.7,true,false,3187,,0,,30.07,49116.89,28.2,21.45,14.7,282,12.4
941,20240529,2024,57.2,true,true,691,,0,,29.62,47914.63,28.8,21.95,15.1,344,30.9
1734,20240529,2024,43.6,true,false,1342,,0,,29.76,49640.27,26.6,19.25,11.9,322,19.9
1766,20240529,2024,34.9,true,false,380,,0,,29.34,48758.98,27.2,19.45,11.7,322,17.1
3192,20240529,2024,32,true,false,85,,0,,29.8,49789.23,26,19.1,12.2,32,12.7
3238,20240529,2024,46.8,true,false,1538,,0,,29.47,47694.38,30,21.2,12.4,319,27.9
3276,20240529,2024,23.4,true,false,818,,0,,29.59,49129.81,27,19.55,12.1,350,11.1
3308,20240529,2024,40.3,true,false,454,,0,,29.39,49431.7,25.5,18.45,11.4,358,17.3
3341,20240529,2024,26.6,true,false,63,,0,,29.79,49267.95,25.1,17.75,10.4,10,11.3
3373,20240529,2024,25.6,true,false,1753,,0,,29.62,49144.91,25.4,17.9,10.4,351,12.9
464,20240530,2024,31.3,true,false,84,,0,,28.08,48556.91,27.6,21.450000000000003,15.3,51,15
808,20240530,2024,46.1,true,false,2712,,0,,28.73,50006.99,21.5,16.3,11.1,61,17.2
809,20240530,2024,38.9,true,false,1555,,0,,29.25,47460.01,35.2,24.8,14.4,317,18.9
810,20240530,2024,40.3,true,false,1266,,0,,28.48,48528.96,26,20.6,15.2,336,21
811,20240530,2024,49.3,true,false,2879,,0,,29.44,47855.07,22.6,18.700000000000003,14.8,353,25.2
812,20240530,2024,33.5,true,false,777,,0,,28.39,48649.67,29.1,22.4,15.7,2,15.8
813,20240530,2024,38.2,true,false,452,,0,,28.72,49730.7,27.5,21.35,15.2,27,14.9
814,20240530,2024,51.8,true,false,747,,0,,29.52,47747.03,28.2,21.3,14.4,340,27.4
815,20240530,2024,38.2,true,false,3083,,0,,28.72,49730.7,27.8,21.65,15.5,27,14.9
816,20240530,2024,38.5,true,false,3064,,0,,28.38,48172.9,27.1,21.5,15.9,348,20
942,20240530,2024,51.8,true,false,691,,0,,29.52,47747.03,29.1,22.25,15.4,340,27.4
1735,20240530,2024,45,true,false,1342,,0,,28.12,49198.64,27.5,20.85,14.2,317,20.2
1767,20240530,2024,29.5,true,false,380,,0,,28.33,48661.12,29.8,22.45,15.1,1,14
3193,20240530,2024,40.3,false,false,85,,0.1,,28.52,49701.62,27.4,21.549999999999997,15.7,50,16.8
3239,20240530,2024,40,true,false,1538,,0,,29.14,47633.81,31,22.45,13.9,316,24
3277,20240530,2024,25.2,true,false,818,,0,,28.26,48664.66,29.7,22.4,15.1,28,10.7
3309,20240530,2024,44.3,true,false,454,,0,,28.35,49657.96,26.9,20.9,14.9,16,19.1
3342,20240530,2024,31.3,false,false,63,,0.7,,28.11,48309.82,27.5,20.7,13.9,42,12.5
3374,20240530,2024,29.9,true,false,1753,,0,,27.98,48052.79,28.3,21.3,14.3,48,15.5
465,20240531,2024,60.8,true,false,84,,0,,30.57,49582.28,26,21.1,16.2,84,30
817,20240531,2024,45,true,false,1237,,0,,29.77,48949.58,29.8,24.15,18.5,69,25.4
818,20240531,2024,48.6,true,false,80,,0,,30.25,49210.91,27.6,22.4,17.2,80,24.8
819,20240531,2024,46.1,true,false,1579,,0,,29,48203.81,24.6,20,15.4,360,26
820,20240531,2024,41,true,false,1135,,0,,29.07,47276.95,36.3,28.4,20.5,262,18
821,20240531,2024,27.7,true,false,1772,,0,,28.58,46742,36.3,27.65,19,335,13.6
822,20240531,2024,43.6,true,false,1674,,0,,30.18,48940.13,27.3,21.75,16.2,81,22.3
823,20240531,2024,52.6,true,false,2012,,0,,30.16,49046.06,28.2,22.75,17.3,81,25.9
824,20240531,2024,46.8,true,false,381,,0,,27.9,47875.85,36.2,26.450000000000003,16.7,12,24.5
825,20240531,2024,39.2,true,false,3212,,0,,29.12,47805.07,35.7,25.85,16,355,18.6
826,20240531,2024,27.4,true,false,38,,0,,29.75,47331.98,35.4,25.799999999999997,16.2,269,14.1
827,20240531,2024,46.4,true,false,1620,,0,,30.85,48927.29,23.3,16.2,9.1,73,25.3
828,20240531,2024,59.4,true,true,1110,,0,,29.73,48742.23,29.2,22.55,15.9,62,31.7
829,20240531,2024,66.6,true,true,310,,0,,30.24,49285.29,27.7,22.049999999999997,16.4,91,30.7
830,20240531,2024,58.7,true,false,2944,,0,,30.22,49172.66,28.8,23.05,17.3,90,27.1
943,20240531,2024,46.8,true,false,691,,0,,29.22,48049.9,33.6,25.35,17.1,342,24.8
1736,20240531,2024,33.1,true,false,1342,,0,,30.57,49740.72,27.2,19.8,12.4,124,12.9
1768,20240531,2024,45,true,false,380,,0,,29.77,48949.58,29.8,24.15,18.5,69,25.4
3194,20240531,2024,43.9,true,false,85,,0,,30.83,49863.76,25.5,20.45,15.4,69,17.4
3240,20240531,2024,37.4,true,false,1538,,0,,28.65,48237.98,34,25.45,16.9,343,22
3278,20240531,2024,38.9,true,false,818,,0,,30.26,49151.88,28,22.05,16.1,83,19.8
3310,20240531,2024,25.9,true,false,454,,0,,30.23,49706.42,27.4,19.799999999999997,12.2,30,10.9
3343,20240531,2024,47.9,true,false,63,,0,,30.5,49276.32,25.6,19.450000000000003,13.3,64,19.8
3375,20240531,2024,48.2,true,false,1753,,0,,30.36,49181.65,26.4,20.7,15,73,23.7
466,20240601,2024,61.9,true,false,84,,0,,30.77,50339.41,25.4,19.799999999999997,14.2,85,29.8
944,20240601,2024,33.8,true,false,691,,0,,29.31,47940.77,26.6,23.35,20.1,66,14.4
1737,20240601,2024,39.2,true,false,1342,,0,,30.5,50244.19,26.4,18.6,10.8,128,18.2
1769,20240601,2024,48.6,true,false,380,,0,,30.29,49799.97,29.3,22.8,16.3,68,25.8
3195,20240601,2024,43.6,true,false,85,,0,,30.89,50383.84,25,19.1,13.2,74,17.5
3241,20240601,2024,33.5,true,false,1538,,0,,29.73,48577.98,33.3,26.049999999999997,18.8,30,18.5
3279,20240601,2024,39.6,true,false,818,,0,,30.68,50178.15,27.4,20.299999999999997,13.2,84,19.8
3311,20240601,2024,21.6,true,false,454,,0,,30.32,50239.94,27.2,19.3,11.4,60,8.8
3344,20240601,2024,46.1,true,false,63,,0,,30.81,50295.18,25,17.7,10.4,70,18.9
3376,20240601,2024,47.9,true,false,1753,,0,,30.67,50214.97,25.8,19.05,12.3,77,23.7
299,20240602,2024,55.8,true,false,368,,0,,30.32,50072.55,25.6,19.4,13.2,82,27.4
300,20240602,2024,53.3,true,false,3243,,0,,30.66,50356.7,26.3,19.95,13.6,77,26.6
301,20240602,2024,63.7,true,true,1754,,0,,30.67,50401.27,26.7,21.05,15.4,89,30.6
302,20240602,2024,44.3,true,false,1734,,0,,30.43,50095.05,26.4,20.299999999999997,14.2,85,22
303,20240602,2024,42.5,true,false,441,,0,,31.26,50491,24.8,18.35,11.9,68,14.2
304,20240602,2024,50.4,true,false,2012,,0,,30.38,50083.84,27,20.8,14.6,83,24.5
305,20240602,2024,23.8,true,false,816,,0,,30.74,50536.16,26,17.95,9.9,6,9.7
306,20240602,2024,45,true,false,523,,0,,30.98,50356.7,21.7,15.149999999999999,8.6,92,20.9
307,20240602,2024,52.2,true,false,1613,,0,,30.97,50446.04,24.4,18.2,12,80,19.6
308,20240602,2024,35.6,true,false,716,,0,,31.19,50536.17,20.8,14.3,7.8,104,13.1
309,20240602,2024,25.9,true,false,2940,,0,,31.08,50491,24.9,17.85,10.8,65,9.9
310,20240602,2024,68,true,false,2669,,0,,31.1,50423.62,21.3,15.65,10,86,26.8
311,20240602,2024,18.7,true,false,1489,,0,,30.88,50513.56,23.7,16,8.3,16,8.9
312,20240602,2024,33.5,true,false,452,,0,,30.97,50468.49,26.1,19.15,12.2,56,11.4
313,20240602,2024,52.6,true,false,2061,,0,,30.59,49999.96,24.1,17.3,10.5,49,27
314,20240602,2024,58.7,true,false,771,,0,,30.93,50378.96,24.1,17.8,11.5,70,27.4
467,20240602,2024,71.3,true,true,84,,0,,30.82,50401.27,25,19.3,13.6,89,34.3
945,20240602,2024,40.7,true,false,691,,0,,29.24,47979.57,26.8,21.8,16.8,251,17.7
1738,20240602,2024,40.3,true,false,1342,,0,,30.87,50491,26.4,19.35,12.3,127,16.8
1770,20240602,2024,46.4,true,false,380,,0,,29.94,49825.15,28.7,22.3,15.9,64,24.7
3196,20240602,2024,52.2,true,false,85,,0,,30.97,50446.04,24.9,18.65,12.4,80,19.6
3242,20240602,2024,52.2,true,true,1538,,0,,29.7,48592.26,32.2,25.35,18.5,339,31.2
3280,20240602,2024,41,true,false,818,,0,,30.51,50217.83,26.5,19.95,13.4,85,20.9
3312,20240602,2024,24.1,true,false,454,,0,,30.55,50412.57,26.5,18.85,11.2,76,8
3345,20240602,2024,48.2,true,false,63,,0,,30.81,50356.7,24.8,17.95,11.1,68,20.4
3377,20240602,2024,53.3,true,false,1753,,0,,30.66,50356.7,25.6,19.200000000000003,12.8,77,26.6
328,20240603,2024,40.7,true,false,1847,,0,,30.98,50500.71,24,17.8,11.6,86,19.2
329,20240603,2024,38.9,true,false,2412,,0,,28.46,49294.18,26.6,21.450000000000003,16.3,53,21.5
468,20240603,2024,54,true,false,84,,0,,30.04,50460.25,26.2,21.05,15.9,89,26
946,20240603,2024,34.2,true,false,691,,0,,28.74,47954.91,27.4,22.35,17.3,286,14.1
1739,20240603,2024,24.8,true,false,1342,,0,,30.53,50446.04,27.4,19.6,11.8,160,8.9
1771,20240603,2024,38.9,true,false,380,,0,,28.76,49716.74,28.2,22.6,17,52,22.3
3197,20240603,2024,39.2,true,false,85,,0,,30.34,50505.34,25.6,19.75,13.9,84,15.5
3243,20240603,2024,37.8,true,false,1538,,0,,27.91,48268.93,30.1,23.3,16.5,307,21
3281,20240603,2024,32,true,false,818,,0,,29.56,49989.51,28.1,20.950000000000003,13.8,108,16
3313,20240603,2024,20.5,true,false,454,,0,,29.76,50461.55,27.4,19.6,11.8,43,7.1
3346,20240603,2024,30.6,true,false,63,,0,,29.74,50388.75,25.9,18.4,10.9,69,13.2
3378,20240603,2024,37.8,true,false,1753,,0,,29.63,50267.56,27,19.9,12.8,73,18.6
469,20240604,2024,31.3,true,false,84,,0,,29.18,48462.59,25,19.8,14.6,275,13.1
475,20240604,2024,30.6,true,false,1278,,0,,29.12,47469.34,22.4,18,13.6,324,11.4
947,20240604,2024,33.1,true,false,691,,0,,27.54,48299.79,28.2,22.45,16.7,311,16.4
1740,20240604,2024,28.4,true,false,1342,,0,,27.59,50480.78,29.7,21.25,12.8,238,11.8
1772,20240604,2024,27.7,true,false,380,,0,,29.13,46676.55,25.2,20.25,15.3,283,12.2
3198,20240604,2024,33.1,true,false,85,,0,,29.96,48599.8,24.5,18.95,13.4,226,12.1
3244,20240604,2024,40.7,true,false,1538,,0,,27.81,44525.55,29.3,22.9,16.5,316,22.7
3282,20240604,2024,30.6,true,false,818,,0,,29.4,48318.51,26.9,20.45,14,260,13.2
3314,20240604,2024,24.1,true,false,454,,0,,29.71,48398.66,25,19.95,14.9,251,8.6
3347,20240604,2024,34.6,true,false,63,,0,,28.78,48593.83,25.4,19.2,13,287,14.1
3379,20240604,2024,31.3,true,false,1753,,0,,28.8,48326.71,25.7,19.6,13.5,299,13.7
661,20240605,2024,32,true,false,290,,0,,27.74,46807.97,32.2,25.1,18,242,15.5
662,20240605,2024,46.4,true,false,1284,,0,,28.17,47056.12,29.3,22.1,14.9,308,24.7
663,20240605,2024,41.4,true,false,191,,0,,28.67,47040.06,27,21.3,15.6,344,23.1
664,20240605,2024,37.1,true,false,2361,,0,,21.34,34307.8,20,18.2,16.4,334,22.3
665,20240605,2024,40,true,false,1836,,0,,28.08,46822.96,30.4,22.75,15.1,297,19.6
948,20240605,2024,40.7,true,false,691,,0,,26.11,44962.91,25,20.5,16,326,21.4
1741,20240605,2024,34.6,true,false,1342,,0,,27.43,49068.55,29.4,21.549999999999997,13.7,220,14.5
1773,20240605,2024,34.6,true,false,380,,0,,23.41,40655.71,22.1,18.1,14.1,281,15.5
3199,20240605,2024,29.9,true,false,85,,0,,25.24,48422.68,21.6,17.25,12.9,244,10.9
3245,20240605,2024,44.6,true,false,1538,,0,,27.24,43919.67,27.5,21.05,14.6,316,25
3283,20240605,2024,37.4,true,false,818,,0,,25.65,42319.1,25.2,19.35,13.5,261,16.6
3315,20240605,2024,27.7,true,false,454,,0,,25.69,46042.73,21.8,17.35,12.9,259,10.9
3348,20240605,2024,38.9,true,false,63,,0,,25.91,44804.75,23.1,17.450000000000003,11.8,273,16.6
3380,20240605,2024,36.7,true,false,1753,,0,,25.64,44092.77,23,18,13,279,16.6
949,20240606,2024,40,false,false,691,,0.1,,24.02,38433.75,29.8,22.3,14.8,350,20.2
950,20240606,2024,31,true,false,3045,,0,,28.03,45379.5,22.9,17.85,12.8,157,11.8
951,20240606,2024,28.8,true,false,320,,0,,24.81,40205.98,25.4,19.25,13.1,327,12.5
952,20240606,2024,34.2,true,false,855,,0,,26.86,43571.63,35.2,26.400000000000002,17.6,231,13.5
953,20240606,2024,28.4,true,false,2735,,0,,26.01,42846.47,25.1,18.9,12.7,335,11.5
954,20240606,2024,23.4,true,false,1853,,0,,26.56,42039.9,29.3,22.05,14.8,282,10.5
955,20240606,2024,24.5,true,false,1995,,0,,26.39,44194.64,25.1,17.950000000000003,10.8,101,9.4
1742,20240606,2024,23.8,true,false,1342,,0,,26.64,42723.33,30.2,22.85,15.5,250,9.5
1774,20240606,2024,28.8,true,false,380,,0,,24.81,40205.98,25.4,19.25,13.1,327,12.5
3200,20240606,2024,20.9,true,false,85,,0,,26.81,42663.69,25.9,18.75,11.6,272,5.9
3246,20240606,2024,42.5,true,false,1538,,0,,24.42,35955.71,30.1,21.85,13.6,321,24.6
3284,20240606,2024,21.6,true,false,818,,0,,24.63,32400,27.8,19.85,11.9,317,11.5
3316,20240606,2024,15.1,true,false,454,,0,,26.13,43444.96,26.6,19,11.4,8,6
3349,20240606,2024,20.2,true,false,63,,0,,25.44,36712.12,26.3,18.5,10.7,323,7.3
3381,20240606,2024,21.6,true,false,1753,,0,,25.13,32789.36,26.4,18.75,11.1,322,9.4
1186,20240607,2024,42.1,false,false,2003,,3.2,,22.64,37644.05,30.1,24.3,18.5,189,18.4
1187,20240607,2024,28.8,false,false,1718,,1.3,,24.1,39530.47,32.9,25.7,18.5,35,11.5
1188,20240607,2024,40,true,false,1239,,0,,25.23,46654.59,28.7,24.45,20.2,178,17.5
1189,20240607,2024,44.6,false,false,1493,,6.5,,23.04,34737.93,30.7,23.45,16.2,75,16.2
1190,20240607,2024,52.2,false,false,1836,,7.9,,22.97,43217.18,30.3,24.1,17.9,233,25
1191,20240607,2024,32.8,true,false,2428,,0,,23.41,39179.23,30.8,24.1,17.4,1,11.3
1192,20240607,2024,43.6,false,false,2331,,15,,16.74,27692.88,26.6,22.200000000000003,17.8,160,22.6
1193,20240607,2024,45.4,false,false,2386,,0.7,,22.24,43372.76,29,23.75,18.5,204,20.5
1194,20240607,2024,42.5,false,false,781,,6.7,,22.45,36246.16,32.4,24.35,16.3,301,21
1195,20240607,2024,50.4,false,false,3082,,1.3,,20.12,30823.49,31,24.7,18.4,198,19.8
1196,20240607,2024,49.3,false,false,2785,,4.6,,23.39,40077.5,30.5,24.7,18.9,169,17.4
1743,20240607,2024,51.8,false,false,1342,,0.3,,20.68,25811.5,32.8,25.799999999999997,18.8,87,22.8
1775,20240607,2024,47.5,false,false,380,,4,,22.81,36982.65,34.2,26,17.8,97,23.1
3201,20240607,2024,33.1,false,false,85,,1.3,,21.99,39600,31.4,24.799999999999997,18.2,65,11.8
3247,20240607,2024,40.3,false,false,1538,,4.5,,23.7,45599.71,32.4,24.85,17.3,280,21.6
3285,20240607,2024,41,false,false,818,,2.3,,21.39,29323.67,32.8,25.65,18.5,88,16.3
3317,20240607,2024,31,false,false,454,,1.7,,24.63,43182.45,32,25,18,43,11
3350,20240607,2024,33.1,false,false,63,,0.9,,20.84,28081,30,23.65,17.3,68,14.3
3382,20240607,2024,39.6,false,false,1753,,0.9,,20.69,24251.28,31.2,24.6,18,77,20.2
1744,20240608,2024,44.3,false,false,1342,,11.9,,18.57,33421.03,24.7,19.5,14.3,318,18.4
1776,20240608,2024,34.2,false,false,380,,23.9,,11.64,16125.83,20,18,16,262,16.9
1777,20240608,2024,32.4,false,false,2283,,19,,15.91,26900.51,22.5,19.65,16.8,230,16.7
1778,20240608,2024,34.9,false,false,2738,,7.1,,12.3,19564.41,20.6,18.85,17.1,257,15.6
1779,20240608,2024,26.6,false,false,523,,17.3,,15.06,24187.86,19.9,16.9,13.9,279,10.2
1780,20240608,2024,46.1,false,false,1071,,1.4,,23.35,46861.93,22.6,20.3,18,246,22.7
1781,20240608,2024,32.8,false,false,2623,,8.8,,12,18637.82,19.5,17.45,15.4,266,15.5
1782,20240608,2024,42.1,false,false,1987,,3.2,,21.97,43999.86,22.8,19,15.2,253,21.6
1783,20240608,2024,33.1,false,false,2738,,7.5,,11.91,17177.24,20,18,16,256,14.8
1784,20240608,2024,44.3,false,false,1760,,6.3,,22.81,48367.07,22.2,18.25,14.3,249,22
1785,20240608,2024,43.9,false,false,1588,,12.7,,15.59,24739.88,22.4,18.95,15.5,243,19.1
1786,20240608,2024,34.2,false,false,1277,,7.7,,14.02,26895.48,20.9,18.4,15.9,290,16.6
1787,20240608,2024,40,false,false,481,,28,,19.45,33176.66,22.1,17.65,13.2,307,17.3
1788,20240608,2024,28.4,false,false,2240,,18.5,,16.09,26289.32,21.5,18.8,16.1,219,15.7
1789,20240608,2024,31.7,false,false,2979,,13.3,,11.78,16513.01,20.6,18.4,16.2,243,12.8
1790,20240608,2024,42.5,false,false,1332,,1.5,,21.72,45873.73,21.5,18.75,16,233,19.6
3202,20240608,2024,30.2,false,false,85,,20.5,,12.3,17728.04,18.8,16.75,14.7,253,11.9
3248,20240608,2024,27.7,false,false,1538,,30.8,,15.09,22849.11,22.2,19.1,16,230,13.8
3286,20240608,2024,32.4,false,false,818,,10.6,,11.04,15115.51,19.5,17.6,15.7,274,15.5
3318,20240608,2024,25.2,false,false,454,,7,,12.39,21172.19,20,17.8,15.6,270,10.2
3351,20240608,2024,30.2,false,false,63,,11.2,,12.65,18150.02,19,16.5,14,264,12.3
3383,20240608,2024,32.8,false,false,1753,,8.8,,12,18637.82,18.7,16.7,14.7,266,15.5
3203,20240609,2024,28.4,false,false,85,,3.4,,17.01,37086.56,20,16.7,13.4,20,11.3
3249,20240609,2024,33.8,false,false,1538,,0.5,,13.63,5545.59,21.6,18.200000000000003,14.8,298,20.2
3287,20240609,2024,24.1,false,false,818,,2.2,,18.92,36069.33,21.6,18.15,14.7,253,9.7
3319,20240609,2024,31.7,false,false,454,,0.5,,17.49,36739.16,22.7,18.45,14.2,26,13.2
3352,20240609,2024,22.7,false,false,63,,1,,16.29,32303.88,20.1,16.9,13.7,253,7.9
3384,20240609,2024,24.1,false,false,1753,,1.3,,16.38,29469.32,20.6,17.450000000000003,14.3,247,9.5
3385,20240609,2024,21.2,false,false,2326,,0.9,,16.07,32377.79,20.8,17.7,14.6,228,7.8
3386,20240609,2024,21.2,false,false,2962,,0.8,,15.84,30192.83,22.9,19.7,16.5,314,8.6
3387,20240609,2024,26.6,false,false,511,,2.6,,21.48,40777.68,21.7,16.7,11.7,336,12.3
3388,20240609,2024,31.3,false,false,955,,0.6,,14.25,15002.13,22.2,18.15,14.1,277,15
3389,20240609,2024,34.2,false,false,1568,,0.6,,13.56,11585.3,21.5,18.2,14.9,264,17.4
3390,20240609,2024,32,false,false,690,,1,,17.68,30493.43,24.2,19.9,15.6,284,15.5
3391,20240609,2024,32.4,false,false,181,,2.7,,14.59,19646.77,21.8,18,14.2,276,15.3
3392,20240609,2024,20.2,false,false,618,,0.6,,15.56,28678.91,23.6,19.450000000000003,15.3,24,10.1
3393,20240609,2024,33.5,false,false,277,,0.3,,12.86,10051.02,20.6,17.75,14.9,301,19.1
3394,20240609,2024,27.7,false,false,335,,0.9,,18.17,42146.71,22.3,18.65,15,279,12.3
3395,20240609,2024,25.9,false,false,2194,,0.2,,17.56,38548.18,24.1,19.85,15.6,10,11.2
3396,20240609,2024,29.9,false,false,1051,,2,,14.08,14526.54,21.1,17.6,14.1,276,16.5
3397,20240609,2024,23.4,false,false,311,,2.6,,18.83,40071.77,20.5,16.8,13.1,277,8
3398,20240609,2024,31,false,false,1915,,0.7,,16.29,23313.91,21.1,17.35,13.6,57,16.7
3399,20240609,2024,22,false,false,557,,6.4,,18.5,35264.62,18.1,14.65,11.2,306,7.7
3430,20240609,2024,27.4,false,false,2619,,0.7,,16.95,39204.05,22.7,19.4,16.1,242,12.4
3400,20240610,2024,34.2,false,false,557,,0.2,,27.19,49172.14,20,16.25,12.5,50,11
4261,20240610,2024,30.2,true,false,387,,0,,21.36,42771.06,25.8,20.950000000000003,16.1,295,15.5
3401,20240611,2024,28.4,false,false,557,,0.4,,29.54,50481.02,20.3,15.850000000000001,11.4,30,11.8
3402,20240612,2024,28.8,true,false,557,,0,,30.5,50651.93,20.2,15.399999999999999,10.6,44,10.7
994,20240613,2024,40,true,false,418,,0,,30.33,49016.94,26.7,19.35,12,345,18.7
995,20240613,2024,35.3,true,false,2916,,0,,30.17,48028.81,28.1,20.1,12.1,312,16.3
996,20240613,2024,32.4,true,false,2489,,0,,30.23,49988.46,27.4,20.15,12.9,297,14.9
997,20240613,2024,35.3,true,false,1574,,0,,29.36,41058.69,27.3,19.4,11.5,287,17.3
998,20240613,2024,40.3,true,false,1667,,0,,29.57,49847.92,21.9,16.549999999999997,11.2,314,19.4
999,20240613,2024,38.9,true,false,1,,0,,29.43,49838.87,22.4,16.65,10.9,313,18.8
1000,20240613,2024,36,true,false,135,,0,,30.01,49675.37,27.3,19.75,12.2,292,19.1
1001,20240613,2024,33.8,true,false,292,,0,,30.36,48253.09,29.1,20.85,12.6,277,17.9
1002,20240613,2024,40.3,true,false,2619,,0,,29.57,49847.92,21.9,16.549999999999997,11.2,314,19.4
1003,20240613,2024,32.8,true,false,288,,0,,30.44,48384.84,29.8,21.45,13.1,271,16.3
3403,20240613,2024,33.1,true,false,557,,0,,29.29,50643.3,19.3,15.3,11.3,288,12.7
1004,20240614,2024,46.1,false,false,227,,1,,24.85,49172.02,26,19.5,13,269,19
1005,20240614,2024,45,true,false,55,,0,,29.56,48105.22,31.9,23.15,14.4,321,22.2
1006,20240614,2024,43.6,false,false,2958,,0.5,,27.98,49041.79,28.5,20.85,13.2,267,20.5
1007,20240614,2024,44.6,true,false,389,,0,,24.16,45353.39,29.7,22.15,14.6,331,22.9
1008,20240614,2024,44.6,true,false,389,,0,,24.16,45353.39,29.7,22.15,14.6,331,22.9
1009,20240614,2024,38.2,false,false,2676,,3.8,,18.21,27503.98,20.2,15.5,10.8,282,17
1010,20240614,2024,37.4,false,false,1367,,1.4,,14.83,20899.41,19.2,15.75,12.3,288,18.9
1011,20240614,2024,41,true,false,2552,,0,,26.8,48257.99,29.8,21.4,13,325,20.1
3404,20240614,2024,42.8,false,false,557,,2.4,,14.84,24142.74,16.8,12.95,9.1,279,16.2
1012,20240615,2024,50.8,true,false,389,,0,,29.87,49100.2,23.6,18.85,14.1,336,25.9
1013,20240615,2024,53.6,true,false,2829,,0,,29.8,48860.3,22.5,19,15.5,345,26.6
1014,20240615,2024,37.1,true,false,3149,,0,,29.96,49858.86,25,18.05,11.1,289,14.6
1015,20240615,2024,31.7,false,false,2571,,0.4,,21.97,48965.54,17.3,12.9,8.5,273,13.8
1016,20240615,2024,53.3,true,false,1894,,0,,29.71,48819.17,23,17.8,12.6,333,29.4
1017,20240615,2024,42.5,true,false,2914,,0,,24.03,49601.25,17.2,12.8,8.4,330,18.6
3405,20240615,2024,42.1,true,false,557,,0,,26.17,49073.95,15.5,11.35,7.2,313,16.6
1018,20240616,2024,40.3,true,false,2082,,0,,30.03,48133.07,28.4,20.75,13.1,318,21.4
1019,20240616,2024,37.4,true,false,2785,,0,,29.99,48240.98,28,20.45,12.9,320,17.6
1020,20240616,2024,35.3,true,false,30,,0,,30.05,48383.07,26.9,20,13.1,322,15.8
1021,20240616,2024,40,true,false,132,,0,,30.28,49714.35,26.1,19.05,12,290,18.6
1022,20240616,2024,41,true,false,1350,,0,,27.94,47051.08,25.5,20.05,14.6,334,22.1
1023,20240616,2024,39.2,true,false,824,,0,,29.99,48162.94,27.1,20.05,13,317,18.4
1024,20240616,2024,31.3,false,false,1386,,1.5,,19.09,39184.06,18.1,14.3,10.5,284,14.4
1025,20240616,2024,33.5,false,false,774,,2.5,,18.2,34722.7,20.1,16.1,12.1,240,15.5
3406,20240616,2024,35.6,false,false,557,,0.6,,19.82,48264.74,16.8,12,7.2,283,13.2
1026,20240617,2024,51.1,false,false,1984,,1.9,,21.82,34611.37,23.4,17.049999999999997,10.7,225,25.2
1027,20240617,2024,41.8,true,false,416,,0,,25.6,35462.68,25,19.8,14.6,271,18.4
1028,20240617,2024,42.5,true,false,1638,,0,,27.82,41444.87,25.1,20,14.9,273,18.1
3407,20240617,2024,37.8,false,false,557,,6.9,,16.34,24695.67,17.2,13.7,10.2,199,10.8
1029,20240618,2024,35.3,false,false,2583,,25.9,,22.22,42687.75,20.2,17.3,14.4,251,17.9
1030,20240618,2024,46.4,false,false,188,,3.8,,23.69,35970.09,24.2,20,15.8,245,22
3408,20240618,2024,34.9,false,false,557,,10.3,,20.94,34639.24,15.9,12.55,9.2,242,12.4
1031,20240619,2024,45.7,false,false,274,,4.4,,25.68,47064.9,18.7,15.5,12.3,322,22.9
3409,20240619,2024,33.8,false,false,557,,6.8,,19.99,42297.66,15.4,12.05,8.7,7,10.7
1032,20240620,2024,38.2,false,false,661,,2,,23.84,48619.25,20.5,15.9,11.3,289,18
1033,20240620,2024,45.4,false,false,2036,,0.1,,21.02,41949.46,20.4,17.4,14.4,330,25
1034,20240620,2024,33.8,false,false,415,,0.5,,17.46,34227.01,21.8,17.8,13.8,322,20.3
1035,20240620,2024,47.2,false,false,2829,,0.7,,20.29,46613.64,21.8,18.9,16,334,23.5
3410,20240620,2024,38.9,false,false,557,,2.5,,22.85,49586.59,17.2,13.95,10.7,303,15.9
1036,20240621,2024,53.6,true,false,1560,,0,,27.68,48952.91,22,17.8,13.6,344,26.3
1037,20240621,2024,22.7,true,false,670,,0,,29.93,49596.09,27.3,20.1,12.9,286,9.2
1038,20240621,2024,40,true,false,1121,,0,,26.74,48707.89,21.2,17.25,13.3,339,20
1039,20240621,2024,49.7,true,false,1079,,0,,28.21,48951.39,22.1,18,13.9,340,28.1
1040,20240621,2024,38.5,true,false,181,,0,,27.43,42261.04,26.1,19.15,12.2,355,20.9
3411,20240621,2024,28.8,true,false,557,,0,,29.13,49023.77,19.3,13.9,8.5,304,10.7
1041,20240622,2024,32.4,true,false,143,,0,,28.75,46734.91,30.5,23.5,16.5,359,16.7
1042,20240622,2024,27,true,false,1796,,0,,28.11,46873.57,27.9,20.95,14,299,12
1043,20240622,2024,52.9,true,false,2378,,0,,29.97,49624.25,27.3,20.2,13.1,342,28.3
1044,20240622,2024,34.9,true,false,352,,0,,27.29,48093.16,23.2,16.7,10.2,339,16.6
3412,20240622,2024,28.1,true,false,557,,0,,27.9,49253.09,20.9,15.75,10.6,336,10.9
1045,20240623,2024,41.4,true,false,1469,,0,,27.38,47388.41,32.1,24.8,17.5,1,22
1046,20240623,2024,45,true,false,423,,0,,28.04,46882.84,32.8,24.7,16.6,348,22.1
1047,20240623,2024,32.8,true,false,1386,,0,,28.58,49115.08,27.6,21.6,15.6,360,15.4
1048,20240623,2024,36,true,false,1445,,0,,29.38,50825.5,28.6,21.8,15,358,16
1049,20240623,2024,27.4,true,false,319,,0,,29.21,50203.53,29,21.95,14.9,357,12.8
1050,20240623,2024,32,true,false,453,,0,,29.19,50679.81,25.9,18.85,11.8,353,14
1051,20240623,2024,30.2,true,false,957,,0,,29.06,49190.98,29.5,22.1,14.7,344,14.6
1052,20240623,2024,46.8,true,false,1799,,0,,23.1,47867.81,22.9,19.4,15.9,351,25.6
1053,20240623,2024,33.1,true,false,2504,,0,,29.42,49359.46,33.5,25.6,17.7,20,14.4
1054,20240623,2024,31.3,true,false,2701,,0,,27.23,46481.02,33.2,26.150000000000002,19.1,11,15.5
1055,20240623,2024,28.4,true,false,774,,0,,29.21,49823.11,29.4,22.299999999999997,15.2,353,13.3
1056,20240623,2024,39.2,true,false,380,,0,,29.1,49240.45,25.4,20.6,15.8,340,19.9
1057,20240623,2024,39.2,true,false,730,,0,,29.1,49240.45,25.4,20.6,15.8,340,19.9
1058,20240623,2024,39.2,true,false,2863,,0,,29.16,49612.67,25.5,20.65,15.8,343,19.8
1059,20240623,2024,38.2,true,false,2895,,0,,29.12,50004.39,26,20.8,15.6,342,19.5
1060,20240623,2024,29.5,true,false,3139,,0,,29.12,49566.1,29.9,22.5,15.1,348,13.8
1061,20240623,2024,39.2,true,false,679,,0,,29.16,49612.67,25.5,20.65,15.8,343,19.8
1062,20240623,2024,39.2,true,false,1493,,0,,29.1,49240.45,25.4,20.6,15.8,340,19.9
3413,20240623,2024,28.4,true,false,557,,0,,29.87,50555.66,25.3,19.5,13.7,50,10.8
1063,20240624,2024,30.2,true,false,2636,,0,,29.33,50536.11,30.5,23.75,17,244,14.2
1064,20240624,2024,51.1,true,false,2022,,0,,28.82,48836.15,31,24.25,17.5,314,26.2
1065,20240624,2024,40.3,true,false,187,,0,,27.44,48513.1,35.8,28.45,21.1,331,17.7
1066,20240624,2024,37.1,true,false,1698,,0,,29,48797.55,28.5,23.25,18,313,17.7
1067,20240624,2024,27,true,false,2851,,0,,29.56,50204.62,31.4,23.95,16.5,344,14.6
1068,20240624,2024,29.5,true,false,1040,,0,,29.29,50457.89,27,21.5,16,303,12.8
1069,20240624,2024,31,true,false,582,,0,,29.35,50416.57,29.6,23,16.4,238,14
1070,20240624,2024,32,true,false,288,,0,,28.26,48147.23,37,29.25,21.5,341,17.2
1071,20240624,2024,36.7,true,false,2611,,0,,27.83,48264.26,35.8,28.849999999999998,21.9,287,19.2
1072,20240624,2024,28.1,true,false,1999,,0,,28.92,49340.13,35.1,28.450000000000003,21.8,1,12.4
1073,20240624,2024,50.4,true,false,422,,0,,29.36,48979.81,31.6,24.8,18,339,25
1074,20240624,2024,32.8,true,false,288,,0,,28.19,48023.43,37.2,29.35,21.5,338,17.5
1075,20240624,2024,31,true,false,380,,0,,28.67,49333.34,28.2,22.25,16.3,261,13.4
1076,20240624,2024,22.3,true,false,751,,0,,29.48,50389.49,32.6,24.8,17,17,10.7
3414,20240624,2024,31.3,true,false,557,,0,,28.67,50555.47,26.9,21.65,16.4,73,12
1077,20240625,2024,34.9,true,false,188,,0,,29.34,48390.06,30.2,23.799999999999997,17.4,294,16.9
1078,20240625,2024,37.8,true,false,288,,0,,29.28,48396.93,31.4,24.799999999999997,18.2,281,18.5
1079,20240625,2024,41,true,false,118,,0,,29.49,50176.81,32.4,24.7,17,252,16.1
1080,20240625,2024,49.7,true,false,2358,,0,,28.89,47898.48,30.5,23.35,16.2,338,25.8
1081,20240625,2024,31,false,false,1498,,0.1,,11.08,280.38,20.1,18.85,17.6,210,13.7
3415,20240625,2024,30.6,true,false,557,,0,,21.55,43795.25,20.7,16.6,12.5,269,10.9
1082,20240626,2024,40.3,true,false,2895,,0,,26.11,48633.88,21,18.1,15.2,307,20.4
1083,20240626,2024,29.2,false,false,408,,1,,19.85,46874.73,23.5,18.8,14.1,264,14.5
1084,20240626,2024,45.4,true,false,2221,,0,,23,35706.93,25.8,20.1,14.4,254,20.8
1085,20240626,2024,37.1,false,false,912,,0.1,,26.46,48654.65,24.7,19.3,13.9,312,17.2
1086,20240626,2024,33.8,false,false,3239,,0.6,,18.42,38225.37,24,18.8,13.6,248,16.3
1087,20240626,2024,41.4,true,false,1829,,0,,21.26,46461.07,23.6,19.05,14.5,309,19.8
1088,20240626,2024,41,false,false,251,,0.7,,20.84,42344.62,25.3,19.6,13.9,302,22.2
1089,20240626,2024,34.2,true,false,2741,,0,,24.49,48446.11,24.6,19.5,14.4,282,14.6
3416,20240626,2024,39.2,true,false,557,,0,,29.03,49685.91,23.3,17.6,11.9,188,14.5
1090,20240627,2024,31,false,false,612,,1.3,,25.92,50838.25,25.2,20.85,16.5,42,13
1091,20240627,2024,32.4,false,false,423,,2.1,,21.2,43166.02,27.3,21.1,14.9,241,17.4
1092,20240627,2024,32.8,false,false,2482,,1,,24.27,47413.58,23.3,19.45,15.6,183,14.1
1093,20240627,2024,36.4,true,false,1194,,0,,26.9,50388.89,19.9,17.95,16,350,28.7
1094,20240627,2024,37.1,false,false,2358,,1.4,,24.8,47286.96,23.4,18.9,14.4,186,16.9
1095,20240627,2024,31,true,false,1146,,0,,23.52,47782.83,26.8,21.2,15.6,263,15.2
1096,20240627,2024,34.6,true,false,2895,,0,,24.93,50007.93,24.1,19.8,15.5,284,16.9
3417,20240627,2024,28.1,false,false,557,,3.5,,23.1,45883.26,25.4,19.95,14.5,40,9.7
1097,20240628,2024,30.6,true,false,2571,,0,,20.83,44206.79,25.9,21.45,17,271,13.4
1098,20240628,2024,34.9,false,false,2573,,1.2,,20.08,25946.17,25.6,21.3,17,252,17
3418,20240628,2024,24.5,false,false,557,,27,,13.9,22921.53,21.5,17.65,13.8,212,8.3
1099,20240629,2024,36.7,false,false,1507,,0.6,,20.17,42252.7,21,17.4,13.8,295,17.3
3419,20240629,2024,37.1,false,false,557,,3,,14.25,25050.23,16.2,13.7,11.2,280,14.1
1100,20240630,2024,38.2,false,false,2482,,0.5,,21.35,37916.97,25.6,20.75,15.9,330,19.7
1101,20240630,2024,37.8,true,false,188,,0,,19.16,32732.4,25.5,20.35,15.2,305,16.5
1102,20240630,2024,31.7,true,false,1221,,0,,17.94,34869.68,22.8,18.3,13.8,290,17.1
1103,20240630,2024,30.2,true,false,288,,0,,16.59,25745.66,25.1,20.15,15.2,291,14.7
1104,20240630,2024,33.5,false,false,3028,,0.5,,17.55,34248.63,23.9,19.9,15.9,291,18.7
3420,20240630,2024,29.2,false,false,557,,4.8,,18.03,30004.92,16.9,14.5,12.1,271,11.9
3421,20240701,2024,25.2,true,false,557,,0,,28.21,50248.21,24,17.55,11.1,23,9.7
315,20240702,2024,37.4,true,false,311,,0,,29.85,50149.75,27.6,22.05,16.5,99,15.6
316,20240702,2024,26.6,true,false,2327,,0,,30.32,50107.21,27.9,22.5,17.1,27,10
317,20240702,2024,30.6,true,false,543,,0,,29.98,50136.18,26.9,21.5,16.1,70,11.6
3422,20240702,2024,31.7,true,false,557,,0,,30.09,50229.88,25.2,20,14.8,52,12.1
3423,20240703,2024,31,true,false,557,,0,,29.63,50208.86,25.7,22.65,19.6,330,11.7
3424,20240704,2024,28.8,true,false,557,,0,,29.99,50073.26,29,22.7,16.4,88,10.5
666,20240705,2024,45,true,false,1202,,0,,27.75,47652.04,28.4,24.95,21.5,101,20.7
667,20240705,2024,33.1,true,false,1848,,0,,29.75,50157.3,29.5,23,16.5,264,15.3
668,20240705,2024,45.4,true,false,401,,0,,29.41,49051.45,33.2,25.55,17.9,314,23.8
3425,20240705,2024,34.2,true,false,557,,0,,30.1,50048.5,27.6,21.5,15.4,281,13.2
956,20240706,2024,41.8,true,false,855,,0,,29.4,47926.76,30.5,24.1,17.7,305,20.1
957,20240706,2024,39.2,true,false,611,,0,,28.51,46257.37,22.1,17.85,13.6,316,18.9
958,20240706,2024,45.7,true,false,3003,,0,,29.66,48375.4,29.6,23.15,16.7,298,21.3
959,20240706,2024,53.6,false,false,1898,,0.6,,26.36,42254.39,20.6,16.200000000000003,11.8,347,21.1
960,20240706,2024,51.8,false,false,253,,0.7,,26.41,38176.31,21.1,17.700000000000003,14.3,337,28
961,20240706,2024,44.3,false,false,867,,0.2,,25.52,49221.27,24,19,14,297,19.2
962,20240706,2024,40.7,true,false,996,,0,,28.32,48785.12,26.1,21.450000000000003,16.8,307,18.8
963,20240706,2024,57.2,false,true,3133,,0.5,,23.79,38189.47,20.3,17.45,14.6,342,32.3
964,20240706,2024,59.4,false,false,2312,,0.1,,26.74,42766.14,20.1,17.15,14.2,344,28.8
3426,20240706,2024,47.9,true,false,557,,0,,26.36,49155.26,19.7,15.25,10.8,302,18.9
1197,20240707,2024,30.6,true,false,2183,,0,,30.19,49933.23,22,15,8,325,13.3
1198,20240707,2024,48.2,true,false,381,,0,,30.01,49030.29,25.6,19.1,12.6,318,26.5
1199,20240707,2024,36.4,true,false,292,,0,,30.25,48351.61,30.3,22.05,13.8,285,17.6
1200,20240707,2024,50,true,false,2680,,0,,29.58,49199.24,20,16.2,12.4,325,27.4
1201,20240707,2024,38.9,true,false,1367,,0,,29.66,49700.67,21.4,15.85,10.3,315,18.8
1202,20240707,2024,34.6,true,false,188,,0,,30.26,48274,29.2,20.9,12.6,312,16.4
3427,20240707,2024,33.1,true,false,557,,0,,30.11,49884.5,19.5,14.95,10.4,312,12.7
1791,20240708,2024,38.2,false,false,1254,,2.1,,28,41588.19,24.5,18,11.5,232,17.4
1792,20240708,2024,40.3,false,false,2707,,2.8,,29.66,47289.77,26,18.9,11.8,248,20.1
1793,20240708,2024,37.4,true,false,393,,0,,29,44458.28,29.8,21.1,12.4,284,18.5
1794,20240708,2024,38.5,false,false,352,,1.7,,27.93,42595.37,25.4,19.7,14,240,17.7
1795,20240708,2024,34.9,false,false,1589,,0.1,,28.13,43477.75,21.8,17.55,13.3,236,16.8
1796,20240708,2024,38.2,false,false,1254,,2.1,,28,41588.19,23.7,17.25,10.8,232,17.4
1797,20240708,2024,43.6,false,false,64,,1.8,,28.58,43183.05,25.2,18.85,12.5,247,18.7
1798,20240708,2024,42.8,false,false,503,,1.2,,28.05,42397.6,24.6,18.450000000000003,12.3,209,17.9
1799,20240708,2024,34.9,false,false,1589,,0.1,,28.13,43477.75,21.9,17.65,13.4,236,16.8
1800,20240708,2024,44.6,false,false,1898,,2,,26.89,38771.3,23.6,18,12.4,183,16.9
1801,20240708,2024,38.9,true,false,1875,,0,,28.93,46057.79,26.3,18.85,11.4,278,18.9
1802,20240708,2024,37.1,false,false,1367,,2.6,,27.54,40247.38,23.5,17.85,12.2,230,17.4
1803,20240708,2024,34.6,false,false,1637,,0.4,,28.36,43383.17,22.2,17.55,12.9,260,16.2
1804,20240708,2024,40.3,false,false,1309,,0.3,,29.48,47826.77,29.2,21.1,13,246,19.8
1805,20240708,2024,38.2,false,false,2604,,2.1,,27.79,42976.52,24,18.3,12.6,228,18.8
1806,20240708,2024,33.5,true,false,1059,,0,,29.56,47704.38,30.5,21.65,12.8,281,15.6
1807,20240708,2024,32.8,true,false,3072,,0,,28.63,43382.3,23,17.6,12.2,263,14.2
1808,20240708,2024,38.9,false,false,1177,,2.3,,28.21,42434.94,24.5,17.95,11.4,246,17.5
3428,20240708,2024,37.8,false,false,557,,2.3,,29.22,43783.52,22.5,16.3,10.1,267,14
3429,20240709,2024,37.1,false,false,557,,3.3,,11.69,9693.48,19.5,16,12.5,199,11.7
3431,20240709,2024,41.4,false,false,1570,,0.4,,15.8,29972.58,25.3,20.2,15.1,226,16.3
3432,20240709,2024,33.5,false,false,1832,,17.8,,5.25,0,19.8,18.65,17.5,181,12.9
3433,20240709,2024,36.4,false,false,423,,0.3,,17.57,31458.11,25.8,20.45,15.1,221,16.9
3434,20240709,2024,47.2,false,false,288,,0.3,,27.76,48128.38,33,24.35,15.7,268,20.7
3435,20240709,2024,37.4,false,false,1894,,0.3,,17.44,34678.12,27.8,21.950000000000003,16.1,234,19.6
3436,20240709,2024,38.2,false,false,545,,1.9,,11.74,11231.65,19.1,15.350000000000001,11.6,213,15.6
3437,20240709,2024,38.5,true,false,28,,0,,26.86,44159.56,30.6,22.75,14.9,285,17.6
4320,20240711,2024,34.2,false,false,1848,,1.8,,21.51,36897.66,24.1,20.05,16,267,16.1
1336,20240713,2024,30.6,true,false,1942,,0,,29.63,47596.81,32.1,24.5,16.9,282,13.4
1337,20240713,2024,34.2,true,false,1191,,0,,29.56,48109.46,29.5,21.7,13.9,305,16.7
1338,20240713,2024,45.4,true,false,2727,,0,,29.54,48490.8,28.1,21.05,14,267,22.9
1339,20240713,2024,32.8,true,false,2250,,0,,28.16,44526.14,21.1,16.85,12.6,288,14.5
1340,20240713,2024,40,true,false,1491,,0,,29.69,47729.43,29.8,22.950000000000003,16.1,320,17.6
1341,20240713,2024,33.8,true,false,3119,,0,,29.04,47448.46,23.1,17.6,12.1,305,15.5
1342,20240713,2024,29.2,true,false,54,,0,,29.77,47409.46,31.9,23.9,15.9,300,14.2
1343,20240713,2024,37.4,true,false,1190,,0,,29.67,47601.59,27.7,20.35,13,306,17.7
1344,20240713,2024,29.2,true,false,2408,,0,,29.73,47587.48,31.9,23.85,15.8,299,13.1
1345,20240713,2024,34.2,true,false,3098,,0,,27.7,45162.23,23,18.2,13.4,297,15.8
1346,20240714,2024,44.6,false,false,112,,5.8,,25.27,45017.72,28.5,20.8,13.1,228,17.6
1347,20240714,2024,36,false,false,2637,,6.8,,27.19,47145.1,25.2,18.9,12.6,231,18.1
1348,20240714,2024,37.1,true,false,424,,0,,27.69,48179.51,27.8,20.85,13.9,286,18.7
1349,20240714,2024,29.2,true,false,736,,0,,29.19,47784.82,30,21.6,13.2,301,14.2
1350,20240714,2024,37.4,true,false,1470,,0,,29.34,47532.91,31.5,23.05,14.6,291,18.2
1351,20240714,2024,35.6,true,false,2427,,0,,27.7,48748.35,28.9,21.7,14.5,212,15.3
1352,20240714,2024,36,true,false,403,,0,,25.07,47409.2,29.5,21.85,14.2,291,20.1
1353,20240714,2024,38.2,true,false,415,,0,,28.38,47897.78,27.9,21.049999999999997,14.2,286,18.8
1354,20240715,2024,26.3,false,false,2427,,0.3,,27.8,42256.75,26.4,21.25,16.1,214,12.7
1355,20240715,2024,39.2,false,false,1165,,0.1,,21.48,30899.86,28.4,22.9,17.4,283,18.5
1356,20240716,2024,33.1,true,false,2700,,0,,29.34,47985.49,29.1,21.8,14.5,336,18.9
1357,20240716,2024,19.8,true,false,3240,,0,,29.5,48935.21,27.8,19.85,11.9,316,6.4
1358,20240716,2024,35.3,true,false,2431,,0,,29.38,48121.73,30,22.45,14.9,323,16.5
1359,20240716,2024,37.8,true,false,320,,0,,27.02,48668.45,23.1,18.65,14.2,337,17.7
1360,20240716,2024,41,true,false,419,,0,,29.23,47992.39,29.5,22.45,15.4,330,21
1361,20240716,2024,18.4,true,false,1423,,0,,29.28,46848.53,24.8,17.1,9.4,279,6.8
1362,20240716,2024,17.3,true,false,848,,0,,29.67,49164.14,28.9,20.35,11.8,308,7.6
1363,20240716,2024,42.8,true,false,3108,,0,,29.29,47999.28,24,19.85,15.7,331,23.5
1364,20240717,2024,30.6,true,false,1036,,0,,29.28,47374.18,31.5,23.25,15,291,14.7
1365,20240717,2024,30.6,true,false,3043,,0,,29.47,47596.34,35.4,25.15,14.9,315,16.3
1366,20240717,2024,32.4,true,false,1112,,0,,29.77,45550.04,31.1,22.5,13.9,259,13.7
1367,20240717,2024,30.2,true,false,3150,,0,,29.46,48592.55,28.2,21.45,14.7,271,12.6
1368,20240717,2024,31.7,true,false,354,,0,,28.84,48816.55,25.5,20.15,14.8,291,13.8
1369,20240717,2024,28.4,true,false,3157,,0,,29.47,48623.37,28.1,20.75,13.4,266,11.2
1370,20240717,2024,28.8,true,false,3224,,0,,29.59,47848.14,33.3,23.7,14.1,320,14.4
1371,20240717,2024,32,true,false,1829,,0,,29.42,47603.98,34.3,24.099999999999998,13.9,318,14.6
1372,20240717,2024,37.4,true,false,2131,,0,,29.16,47158.57,31.6,25.9,20.2,267,21
1373,20240717,2024,28.1,true,false,789,,0,,29.16,47263.11,35.7,26.1,16.5,299,14.5
1374,20240718,2024,31.3,true,false,2875,,0,,29.12,48536,33.2,24.200000000000003,15.2,336,15
1375,20240718,2024,25.9,true,false,64,,0,,28.6,48723.43,29.6,22.1,14.6,266,10.7
1376,20240718,2024,29.2,true,false,1399,,0,,28.47,47370.24,36.6,27.950000000000003,19.3,329,15.9
1377,20240718,2024,37.8,true,false,3108,,0,,29.02,47862.53,30.6,23.5,16.4,342,19.3
1378,20240718,2024,27,true,false,177,,0,,29.08,47603.45,37.4,27.4,17.4,321,14.5
1379,20240718,2024,35.6,true,false,2835,,0,,28.94,48548.15,29.6,21.85,14.1,319,19.4
1380,20240718,2024,40.3,true,false,2745,,0,,28.99,47855.6,32.7,24.75,16.8,339,19.2
1381,20240718,2024,38.2,true,false,2595,,0,,28.94,48651.11,28.5,21.8,15.1,332,18.1
1382,20240718,2024,19.4,true,false,3171,,0,,27.96,45983.05,28.8,22.05,15.3,311,6.6
1383,20240718,2024,30.6,true,false,1334,,0,,29.62,48409.92,32.6,23.35,14.1,267,14.9
1384,20240718,2024,29.5,true,false,52,,0,,26.83,47263.19,38.2,29.150000000000002,20.1,353,13.6
1385,20240718,2024,24.5,true,false,1310,,0,,28.65,47375.82,37.2,28.200000000000003,19.2,304,12.7
1386,20240718,2024,31.3,true,false,3147,,0,,28.95,48266.15,35,25.3,15.6,352,17.4
1387,20240718,2024,33.1,true,false,3160,,0,,28.6,48471.8,28.7,21.4,14.1,323,15.5
1388,20240718,2024,41.8,true,false,3075,,0,,28.54,48713.93,23.1,19.3,15.5,5,22.1
1389,20240718,2024,33.1,true,false,3160,,0,,28.6,48471.8,28.7,21.4,14.1,323,15.5
1390,20240718,2024,33.8,true,false,223,,0,,29.86,48615.73,32.3,23.95,15.6,214,16
1391,20240718,2024,42.5,true,false,426,,0,,28.95,47733.74,33.8,25,16.2,339,19.4
1392,20240718,2024,41.4,true,false,860,,0,,28.71,48718.55,22.3,18.95,15.6,1,22.8
1393,20240719,2024,45.7,true,false,1747,,0,,28.66,46800,27.1,22,16.9,327,24.6
1394,20240719,2024,42.5,true,false,603,,0,,29.04,47261.14,39,29.7,20.4,305,18.7
1395,20240719,2024,34.2,true,false,2366,,0,,29.33,48729.84,30.5,23.4,16.3,251,15.8
1396,20240719,2024,38.5,true,false,2375,,0,,29.01,48900.96,32.7,24.450000000000003,16.2,286,19.8
1397,20240719,2024,36.4,true,false,288,,0,,29.15,47399.43,38.5,29.5,20.5,293,18.8
1398,20240719,2024,34.6,true,false,298,,0,,29.35,47640.42,36.8,27.25,17.7,281,17.6
1399,20240720,2024,50.4,true,false,1857,,0,,28.68,47491.05,28.8,23.05,17.3,285,24.1
1400,20240720,2024,47.5,true,false,296,,0,,28.16,45051.78,30.6,23.950000000000003,17.3,291,22.5
1401,20240720,2024,49,true,false,2235,,0,,28.4,48101.29,27.4,21.35,15.3,322,25.4
1402,20240720,2024,47.9,true,false,2492,,0,,27.83,44203.6,30.5,23.65,16.8,308,22.5
1403,20240720,2024,49.3,true,false,382,,0,,24.87,47633.41,29.5,23.7,17.9,306,24.3
1404,20240720,2024,36.7,false,false,350,,1.8,,12,11270.87,22.8,19.8,16.8,273,18.4
1405,20240721,2024,30.6,true,false,2936,,0,,28.93,47358.07,34.3,26.049999999999997,17.8,308,17
1406,20240721,2024,35.6,true,false,515,,0,,29.27,48748.31,25.9,18.2,10.5,317,16.3
1407,20240721,2024,70.9,false,true,260,,0.1,,29.02,48518.42,20.4,18.45,16.5,355,35.6
1408,20240721,2024,38.5,true,false,46,,0,,28.68,47486.85,26,22,18,328,18.8
1409,20240721,2024,38.2,true,false,3215,,0,,28.08,47863.38,27.8,22.15,16.5,342,19.3
1410,20240721,2024,38.9,true,false,2662,,0,,27.61,46418.44,26,20.95,15.9,315,19.5
1411,20240721,2024,27.7,true,false,629,,0,,29.24,48239.34,31.5,23.5,15.5,5,12.8
1412,20240721,2024,38.2,true,false,3072,,0,,27.84,48368.69,25.9,20.85,15.8,337,19.2
1413,20240721,2024,49.7,true,false,912,,0,,27.82,47803.89,24.6,20.700000000000003,16.8,325,25.9
1414,20240721,2024,35.6,true,false,3082,,0,,27.99,45729.15,29.4,23.45,17.5,347,17.7
1415,20240721,2024,40.7,true,false,420,,0,,28.56,47723.5,26.9,22.2,17.5,332,22.6
1416,20240721,2024,34.6,true,false,1990,,0,,27.11,40931.42,28.1,22.35,16.6,268,17.1
1417,20240721,2024,41.4,true,false,402,,0,,27.81,45841.18,30.1,23.5,16.9,329,22.2
1418,20240721,2024,36.4,true,false,3171,,0,,29.09,48873.94,27.5,20.65,13.8,2,16.4
1419,20240721,2024,31,false,false,834,,0.3,,28.68,45971.74,31.6,23.85,16.1,230,18.9
1420,20240721,2024,57.6,true,false,2465,,0,,29.17,48383.83,23,19.5,16,349,27.3
1421,20240722,2024,22.3,true,false,2452,,0,,28.91,48808.32,29.8,21.1,12.4,2,8.7
1422,20240722,2024,29.2,true,false,2997,,0,,29.35,48624.06,33.8,24.95,16.1,62,10.5
1423,20240722,2024,36.7,true,false,2619,,0,,28.35,48417.33,32.8,23.9,15,326,18.7
1424,20240722,2024,33.8,true,false,320,,0,,28.72,48652.67,36,26.05,16.1,52,19.5
1425,20240722,2024,20.9,true,false,892,,0,,28.77,48782.4,32.5,23.85,15.2,14,10.6
1426,20240722,2024,41.8,true,false,2423,,0,,28.88,48121.16,35.5,25.15,14.8,317,21.4
1427,20240722,2024,26.6,true,false,2811,,0,,28.89,48589.77,34.1,25.3,16.5,53,13
1428,20240722,2024,44.3,true,false,384,,0,,28.66,47864.48,39,26.95,14.9,331,23
1429,20240722,2024,33.8,true,false,3213,,0,,29.26,48320.12,34,25,16,54,16.1
1430,20240722,2024,27,true,false,2300,,0,,28.67,48727.11,34.2,24.650000000000002,15.1,45,12.6
1431,20240722,2024,24.5,true,false,1025,,0,,28.67,48784.39,32.3,23.25,14.2,9,12.1
1432,20240722,2024,41,true,false,3123,,0,,28.41,48271.7,36.5,24.85,13.2,13,21.4
1433,20240722,2024,38.2,true,false,1312,,0,,28.25,48411.63,34.2,24.200000000000003,14.2,323,19.8
1434,20240722,2024,38.9,true,false,2832,,0,,28.48,47368.56,35.2,24,12.8,353,20.3
1435,20240722,2024,38.9,true,false,2198,,0,,28.75,48245.82,35.5,24.8,14.1,326,20.1
1436,20240722,2024,44.3,true,false,419,,0,,28.53,47487.28,38.5,27.45,16.4,287,21.6
1437,20240722,2024,20.5,true,false,3046,,0,,29.24,48826.29,32,22.7,13.4,352,9.3
1438,20240722,2024,41.8,true,false,2423,,0,,28.88,48121.16,35.5,25.15,14.8,317,21.4
1439,20240722,2024,34.6,true,false,2721,,0,,28.83,48120.98,35.3,25.45,15.6,34,18.8
1440,20240722,2024,25.2,true,false,2858,,0,,29.16,48361.2,32.5,22.65,12.8,53,8.8
1441,20240722,2024,39.6,true,false,710,,0,,28.48,47603.58,38.5,27.55,16.6,288,19.4
1442,20240722,2024,34.6,true,false,713,,0,,28.59,47259.5,38.5,29.15,19.8,310,16.9
1443,20240722,2024,33.8,true,false,294,,0,,28.87,47478.07,38.5,27.35,16.2,99,15.9
1444,20240722,2024,36,true,false,370,,0,,28.87,48657.73,31.7,24.049999999999997,16.4,67,17.7
1445,20240722,2024,23.4,true,false,511,,0,,29.12,48506.44,32.4,23.549999999999997,14.7,29,7.7
1446,20240722,2024,41.8,true,false,1735,,0,,28.82,47989.38,38.7,27.650000000000002,16.6,348,21.5
1447,20240722,2024,35.3,true,false,2404,,0,,29.2,48463.57,33.5,24.75,16,61,16.9
1448,20240723,2024,29.2,true,false,2106,,0,,28.66,48659.22,34,26.5,19,66,13
1449,20240723,2024,25.6,true,false,2404,,0,,28.73,48147.72,36.8,28.25,19.7,17,11.7
1450,20240723,2024,29.9,true,false,3192,,0,,28.75,48161.91,35.2,27,18.8,36,14.3
1451,20240723,2024,31,true,false,1,,0,,28.26,48275.08,35.3,27.049999999999997,18.8,302,15.5
1452,20240723,2024,41.8,true,false,2228,,0,,28.44,47859.84,39.5,30.35,21.2,320,22.7
1453,20240723,2024,29.9,true,false,3089,,0,,28.4,48124.43,33.7,27.3,20.9,319,12.9
1454,20240723,2024,22,true,false,2985,,0,,28.74,48406.25,34.4,27.299999999999997,20.2,6,10
1455,20240723,2024,30.2,true,false,2148,,0,,28.45,48110.38,35,27.75,20.5,328,13.8
1456,20240723,2024,45.7,true,false,2085,,0,,28.4,47599.32,41,32.1,23.2,354,24.7
1457,20240723,2024,29.2,true,false,359,,0,,28.53,48450.37,36.2,26.900000000000002,17.6,46,12.7
1458,20240723,2024,30.6,true,false,643,,0,,28.4,48119.75,35.7,27.25,18.8,284,14.3
1459,20240723,2024,27.4,true,false,511,,0,,28.68,48287.7,35.7,27.25,18.8,334,11.3
1460,20240723,2024,25.9,true,false,1308,,0,,28.27,48571.28,37.8,29.049999999999997,20.3,64,13.4
1461,20240723,2024,31.3,true,false,352,,0,,28.47,48457.4,37.7,29.3,20.9,32,15.5
1462,20240723,2024,29.2,true,false,2905,,0,,28.62,48155.97,37.8,28.099999999999998,18.4,354,13.5
1463,20240723,2024,42.1,true,false,2306,,0,,28.3,47725.16,40.8,31.4,22,335,23.4
1464,20240723,2024,33.8,true,false,432,,0,,28.52,47722.48,31,25.7,20.4,218,15.5
1465,20240723,2024,19.4,true,false,1185,,0,,28.46,48685.63,34.9,26.2,17.5,4,8.9
1466,20240723,2024,27.7,true,false,585,,0,,28.38,48594.39,36,28.5,21,59,13.7
1467,20240723,2024,28.1,true,false,3071,,0,,28.84,48342.18,34.6,26.65,18.7,91,10.7
1468,20240723,2024,41.4,true,false,3043,,0,,28.87,47253.27,40.2,30.6,21,274,21.1
1469,20240723,2024,36.4,true,false,1962,,0,,28.72,48479.31,34.6,27.3,20,108,15.3
1470,20240723,2024,25.6,true,false,2479,,0,,28.74,48603.63,34.3,25.7,17.1,36,12.1
1471,20240723,2024,20.5,true,false,2934,,0,,28.84,48753.5,33,25.5,18,18,8.4
1472,20240723,2024,29.2,true,false,543,,0,,28.8,48419.29,33,26.45,19.9,78,10.6
1473,20240724,2024,22,true,false,1063,,0,,28.11,48574.27,34.1,26.200000000000003,18.3,334,9.7
1474,20240724,2024,44.6,true,false,3043,,0,,28.75,47252.75,40.8,30.799999999999997,20.8,277,20.8
1475,20240724,2024,42.1,true,false,624,,0,,28.77,47357.75,41.2,30.5,19.8,260,19.3
1476,20240724,2024,28.4,true,false,2934,,0,,28.79,48701.15,32.1,25.55,19,355,10.6
1477,20240724,2024,35.6,true,false,1046,,0,,28.58,46971.43,41.9,31.65,21.4,260,17.8
1478,20240724,2024,37.4,true,false,511,,0,,27.84,48151.09,36.2,28.900000000000002,21.6,313,17.4
1479,20240724,2024,29.9,true,false,1300,,0,,28.75,48189.3,33.2,25.700000000000003,18.2,344,13.7
1480,20240724,2024,46.8,true,false,855,,0,,28.53,47060.11,42,32.2,22.4,270,22.5
1481,20240724,2024,45.4,true,false,1638,,0,,28.4,47363.48,40.2,30.5,20.8,272,21.2
1482,20240724,2024,38.5,true,false,2219,,0,,28.24,47258.58,35.8,27.2,18.6,276,19.1
1483,20240724,2024,29.9,true,false,227,,0,,27.98,47490.41,38.6,29.8,21,349,13.5
1484,20240724,2024,34.6,true,false,2792,,0,,28.61,47972.99,33.3,25.65,18,306,16.8
1485,20240724,2024,31.3,true,false,1047,,0,,28.22,48302.11,37.5,29.4,21.3,350,15
1486,20240724,2024,30.2,true,false,320,,0,,28.22,48277.55,33.8,27.15,20.5,270,13.2
1487,20240724,2024,36.4,true,false,3073,,0,,28.66,47154.66,41.2,31.85,22.5,286,18.3
1488,20240724,2024,39.2,true,false,224,,0,,28.29,47880.78,38.2,31.05,23.9,199,20
1489,20240724,2024,23.8,true,false,3238,,0,,28.45,48548.42,34.7,28.200000000000003,21.7,1,10.2
1490,20240724,2024,37.4,true,false,590,,0,,28.56,47699.54,39,30.05,21.1,287,18.4
1491,20240724,2024,37.4,true,false,2178,,0,,28.23,46884.54,40.6,31.700000000000003,22.8,273,16.4
1492,20240724,2024,41.4,true,false,651,,0,,28.74,47969.05,34.3,26.849999999999998,19.4,308,22.7
1493,20240724,2024,31.7,true,false,1839,,0,,28.52,48100.45,34.5,27.45,20.4,346,12.4
1494,20240724,2024,33.5,true,false,1748,,0,,28.37,48266.27,36.3,28.25,20.2,309,15
1495,20240724,2024,47.5,true,false,56,,0,,28.57,47155.12,40.8,31.7,22.6,282,21.9
1496,20240724,2024,33.5,true,false,323,,0,,28.37,48266.27,36.3,28.25,20.2,309,15
1497,20240724,2024,32.8,true,false,306,,0,,28.25,48296.68,38,29.6,21.2,232,14.3
1498,20240724,2024,25.6,true,false,1536,,0,,28.18,48681.88,31.5,26.8,22.1,12,11.4
1499,20240724,2024,32,true,false,332,,0,,28.38,48291.25,36.4,28.4,20.4,191,14.1
1500,20240724,2024,33.5,true,false,1138,,0,,28.37,48266.27,36.3,28.25,20.2,309,15
1501,20240725,2024,65.2,true,true,1390,,0,,23.85,43966.71,23.5,20.65,17.8,322,37.5
1502,20240725,2024,43.9,true,false,2492,,0,,27.9,46983.2,33.2,25.150000000000002,17.1,299,20.7
1503,20240725,2024,53.3,true,false,1987,,0,,27.88,47417.05,35.8,28.349999999999998,20.9,278,28.5
1504,20240725,2024,54.7,true,false,799,,0,,27.88,44041.82,28.4,23.6,18.8,335,27.7
1505,20240725,2024,45,true,false,850,,0,,27.4,40258.05,32,25.25,18.5,311,22.4
1506,20240725,2024,48.2,true,false,659,,0,,28.1,44770.61,30,24.3,18.6,325,26.1
1507,20240725,2024,32.4,true,false,320,,0,,25.46,45622.14,26.5,22.2,17.9,261,14.7
1508,20240725,2024,42.1,true,false,955,,0,,28.31,47254.97,33,25.5,18,304,19.2
1509,20240725,2024,43.9,true,false,288,,0,,27.6,46973.06,36,27.8,19.6,278,21.1
1510,20240725,2024,32,true,false,335,,0,,27.57,48116.92,29.1,23.6,18.1,262,13.4
1511,20240725,2024,53.6,true,false,1332,,0,,28.71,47055.27,37,28.75,20.5,338,29.6
1512,20240725,2024,44.3,true,false,2178,,0,,28.39,46889.23,39.4,29.6,19.8,320,22.3
1513,20240725,2024,34.2,true,false,2490,,0,,28.63,47732.92,34.5,27,19.5,348,16
1514,20240725,2024,42.8,true,true,1194,,0,,27.61,48648.98,19.6,17.950000000000003,16.3,344,33.4
1515,20240725,2024,52.2,true,false,1725,,0,,24.2,41722.35,21.9,19.65,17.4,334,25.3
1516,20240726,2024,40.7,true,false,349,,0,,27.19,47882.5,29.9,23.5,17.1,301,19.2
1517,20240726,2024,40.3,true,false,28,,0,,27.8,47058.61,36,26.75,17.5,319,20.6
1518,20240726,2024,38.5,true,false,188,,0,,27.98,47058.36,36.2,27.150000000000002,18.1,309,18.4
1519,20240726,2024,47.2,true,false,136,,0,,28.37,46966.59,36.8,27.65,18.5,320,24.3
1520,20240726,2024,49,true,false,1898,,0,,27.6,48285.32,27.6,22.35,17.1,351,18.8
1521,20240726,2024,34.6,true,false,976,,0,,27.98,47829.63,30.2,23.15,16.1,323,15.3
1522,20240726,2024,50.8,true,false,10,,0,,26.16,44783.59,26.6,21.25,15.9,317,26.5
1523,20240726,2024,45.7,true,false,1342,,0,,27.76,47841.87,32.1,24.8,17.5,323,19.7
1524,20240726,2024,47.2,true,false,385,,0,,27.76,47377.55,33.2,25.450000000000003,17.7,318,23.8
1525,20240726,2024,36.4,true,false,1740,,0,,27.41,47870.38,30.4,23.5,16.6,282,17.1
1526,20240726,2024,51.1,true,false,1963,,0,,26.49,44205.21,27.8,22.05,16.3,330,25.9
1527,20240726,2024,60.1,true,true,395,,0,,27.8,47381.1,32.2,25.3,18.4,337,33.5
1528,20240726,2024,43.2,true,false,2435,,0,,26.85,47748.65,26,20.45,14.9,317,21.9
1529,20240726,2024,45,true,false,427,,0,,27.96,47205.09,27.5,22.25,17,321,24.5
1530,20240727,2024,33.8,false,false,1539,,0.3,,27.55,48263.61,29.3,23.9,18.5,340,12.8
1531,20240727,2024,36.7,true,false,3191,,0,,27,47348.09,23.6,20.1,16.6,321,17.7
1532,20240727,2024,51.8,true,false,662,,0,,23.69,38026.27,23.9,20.65,17.4,329,27.4
1533,20240727,2024,30.2,true,false,1314,,0,,27.91,47447.8,33.3,25.95,18.6,292,14
1534,20240727,2024,25.9,false,false,506,,0.5,,26.84,48006.39,27.1,21.6,16.1,277,8.9
1535,20240727,2024,41.4,true,false,2878,,0,,27.08,47479.87,32.5,25.3,18.1,300,19.9
1536,20240727,2024,37.4,true,false,180,,0,,26.91,39957.02,33.2,25.35,17.5,315,16.6
1537,20240727,2024,40.3,true,false,2727,,0,,27.34,47165.91,35,26.6,18.2,258,19.4
1538,20240727,2024,28.4,true,false,1063,,0,,27.15,48143.36,27.3,22.3,17.3,300,11.8
1539,20240727,2024,35.6,true,false,1040,,0,,26.89,48148.52,25.8,21.450000000000003,17.1,312,16.6
1540,20240727,2024,32.4,true,false,2709,,0,,26.5,43922.31,23,19.6,16.2,302,15.3
1541,20240727,2024,43.2,true,false,3043,,0,,27.3,43672.62,35.5,26.95,18.4,307,22.6
1542,20240727,2024,32.4,true,false,307,,0,,27.45,47846.05,29.6,23.8,18,257,13
1543,20240727,2024,32.4,true,false,306,,0,,27.1,47737.97,30,23.75,17.5,258,13.4
1544,20240728,2024,27.4,true,false,2571,,0,,26.47,48142.84,33,25.3,17.6,6,11.2
1545,20240728,2024,32.8,true,false,3071,,0,,25.21,47590.6,32,25.1,18.2,165,14.1
1546,20240728,2024,30.6,true,false,350,,0,,25.81,47850.89,31,24.6,18.2,284,13.7
1547,20240728,2024,27.7,true,false,2234,,0,,26.35,47879.29,25,20.95,16.9,256,11.6
1548,20240728,2024,25.2,true,false,1051,,0,,27.66,46800,34.8,26.599999999999998,18.4,333,13.5
1549,20240728,2024,33.8,false,false,2086,,0.1,,27.62,46735.28,32.8,25.2,17.6,114,13.8
1550,20240728,2024,38.9,false,false,310,,0.1,,24.97,47719.51,34,26.2,18.4,242,16.9
1551,20240728,2024,32.8,true,false,3258,,0,,27.73,46800,35.2,26.900000000000002,18.6,196,13.4
1552,20240728,2024,33.1,true,false,1062,,0,,27.69,46800,36.5,28.35,20.2,219,14.4
1553,20240729,2024,57.6,false,false,3108,,6.3,,20.81,41276.38,33.2,27.5,21.8,45,24.6
1554,20240729,2024,47.5,false,false,2788,,0.9,,23.99,39600,33.5,28.2,22.9,154,20.5
1555,20240729,2024,33.8,false,false,319,,0.4,,18.67,32603.88,35.5,28,20.5,103,16.3
1556,20240729,2024,45.4,false,false,1964,,1.1,,15.79,16682.93,36.6,30.6,24.6,54,23.7
1557,20240729,2024,51.8,false,false,1995,,1.7,,16.25,30271.08,30.7,24.85,19,51,22.6
1558,20240729,2024,42.1,false,false,341,,0.3,,17.03,21803.61,33.6,27.55,21.5,52,12.2
1559,20240729,2024,43.9,true,false,1245,,0,,21.38,46436.47,31,26.25,21.5,127,16.2
1560,20240729,2024,41.4,false,false,1754,,0.3,,17.78,38083.52,32.7,27.3,21.9,94,19.5
1561,20240729,2024,41.4,false,false,1158,,0.3,,17.78,38083.52,31.4,26,20.6,94,19.5
1562,20240729,2024,61.6,false,false,147,,0.8,,15.97,19317.24,31.8,27,22.2,49,24.9
1563,20240730,2024,32.4,false,false,509,,1.1,,26.56,47258.74,33.3,25.9,18.5,286,13.8
1564,20240730,2024,25.9,false,false,2428,,0.3,,26.64,47843.39,31.2,25.5,19.8,236,10.5
1565,20240730,2024,37.1,true,false,240,,0,,26.96,46796.77,26.9,23.2,19.5,271,18.6
1566,20240730,2024,40,false,false,558,,2.7,,26.15,47470.96,30.1,25,19.9,313,13.5
1567,20240730,2024,36,true,false,2568,,0,,27.14,47019.11,31,25.45,19.9,254,17.3
1568,20240730,2024,37.1,false,false,2681,,2.4,,26.18,47467.21,30.7,24.7,18.7,294,14.1
1569,20240730,2024,30.6,true,false,1532,,0,,24.27,44802.72,28.2,24,19.8,219,13.7
1570,20240730,2024,25.6,false,false,633,,0.3,,26.96,47852.62,31.1,25.450000000000003,19.8,247,10.9
1571,20240731,2024,26.3,true,false,1370,,0,,26.85,47395.89,27.4,21.9,16.4,237,9.2
1572,20240731,2024,26.3,true,false,1898,,0,,26.85,47395.89,26.5,21,15.5,237,9.2
1573,20240731,2024,32.8,true,false,1176,,0,,27.41,47374.04,27.5,22.05,16.6,278,13.6
1574,20240731,2024,24.8,false,false,508,,0.6,,27.44,47466.93,28.9,23.1,17.3,271,10.5
1575,20240731,2024,49.7,true,false,1538,,0,,26.42,44194.73,28.6,23.5,18.4,319,29
1576,20240731,2024,33.5,true,false,187,,0,,26.89,40538.68,33,25.45,17.9,319,17.3
1577,20240731,2024,28.8,true,false,654,,0,,28.54,46974.12,31.8,24.3,16.8,326,16.4
1578,20240731,2024,29.5,true,false,2979,,0,,27.14,47497.16,25.2,20.65,16.1,235,10.9
1579,20240731,2024,26.3,true,false,1898,,0,,26.85,47395.89,27.4,21.9,16.4,237,9.2
1580,20240731,2024,33.5,true,false,3258,,0,,27.72,46824.69,34.5,26.5,18.5,305,17.3
1581,20240731,2024,47.5,true,false,406,,0,,25.47,46714.35,27.2,22.799999999999997,18.4,321,27
1582,20240731,2024,36,true,false,2349,,0,,26.95,47150.25,31.9,24.1,16.3,276,16.6
1583,20240731,2024,29.5,true,false,1849,,0,,27.03,40977.12,33.2,25.35,17.5,308,13.3
1584,20240731,2024,31.3,true,false,305,,0,,27.36,47271.23,28.8,23.200000000000003,17.6,279,13.7
669,20240805,2024,38.2,true,false,2601,,0,,27.03,46991.28,29.2,22.7,16.2,291,18.2
670,20240805,2024,37.4,true,false,2223,,0,,27.11,47025.86,29.8,23.450000000000003,17.1,274,18
671,20240805,2024,58.3,true,true,2264,,0,,26.6,46389.64,23,20.05,17.1,353,31.2
672,20240805,2024,45.7,true,false,131,,0,,27.43,46789.85,37,28.4,19.8,307,22.2
673,20240805,2024,36.4,true,false,1039,,0,,26.86,47050.27,28.5,22.45,16.4,323,17.3
674,20240805,2024,39.6,true,false,344,,0,,26.99,46956.61,27.4,21.5,15.6,303,19.2
965,20240806,2024,34.6,true,false,1416,,0,,27.41,46440.45,35,26.25,17.5,314,16.8
1203,20240807,2024,35.6,true,false,370,,0,,26.19,46687.4,28.8,22.700000000000003,16.6,314,16.6
1204,20240807,2024,35.3,true,false,2545,,0,,26.4,46738.09,32.6,25.55,18.5,282,13.6
1205,20240807,2024,30.2,true,false,72,,0,,26.29,46791.41,28.8,21.9,15,325,13.1
1206,20240807,2024,42.1,true,false,2895,,0,,26.18,46702.79,26.2,21.2,16.2,326,21.8
1207,20240807,2024,31.7,true,false,874,,0,,26.73,46800,32.6,25.15,17.7,337,16.4
1208,20240807,2024,25.6,true,false,2575,,0,,26.69,46800,35.6,28.15,20.7,351,8.7
1209,20240807,2024,40,true,false,1874,,0,,27.2,46288.42,35.6,26.8,18,320,19.1
1210,20240807,2024,32.4,true,false,294,,0,,27.09,46539.81,35.4,26.45,17.5,285,16.3
1211,20240807,2024,28.8,true,false,792,,0,,26.68,46792.42,32.2,25.05,17.9,306,14.5
1212,20240807,2024,33.5,true,false,290,,0,,27.13,46687.96,36.9,28.049999999999997,19.2,281,17.2
1213,20240807,2024,32.8,true,false,1138,,0,,26.24,46714.9,31.5,24.7,17.9,310,14.6
1214,20240807,2024,34.2,true,false,2404,,0,,26.64,46681.27,32.9,24.549999999999997,16.2,320,17.2
1215,20240807,2024,37.4,true,false,288,,0,,27.1,46683.38,37.5,28.4,19.3,288,19.5
1216,20240807,2024,37.1,true,false,2536,,0,,26.77,46657.45,35.7,26.900000000000002,18.1,306,17.1
1217,20240807,2024,46.4,true,false,1816,,0,,26.12,40229.25,27.4,21.7,16,310,24
1218,20240807,2024,30.2,true,false,72,,0,,26.29,46791.41,28.6,21.700000000000003,14.8,325,13.1
1219,20240807,2024,31,true,false,1684,,0,,26.22,46710.52,31.9,24.7,17.5,299,13.9
1220,20240807,2024,21.6,true,false,1558,,0,,26.68,46800,35.2,27.6,20,332,8.5
1252,20240807,2024,30.2,true,false,3194,,0,,26.52,46803.48,34.3,27.099999999999998,19.9,275,12.3
1284,20240807,2024,35.6,true,false,899,,0,,26.49,46792.52,29.7,22.9,16.1,342,15.8
1221,20240808,2024,32,true,false,1558,,0,,26.41,46800,36.7,28.900000000000002,21.1,325,13.7
1253,20240808,2024,38.5,true,false,3194,,0,,26.54,46710.46,35.5,28.85,22.2,290,16.2
1285,20240808,2024,32,true,false,899,,0,,26.37,46657.95,30.1,23,15.9,335,13.6
1809,20240808,2024,38.2,true,false,1898,,0,,26.61,46742.61,29.8,22.9,16,353,15.1
1810,20240808,2024,31.7,true,false,2778,,0,,26.88,46726.85,31.7,25.15,18.6,331,11.6
1811,20240808,2024,27,true,false,678,,0,,26.27,46649.61,31.8,24.85,17.9,287,11.9
1812,20240808,2024,33.8,true,false,2812,,0,,26.85,46684.03,34,26.4,18.8,304,14.8
1813,20240808,2024,31.3,true,false,2163,,0,,26.52,46708.46,30.9,24.45,18,299,13.5
1814,20240808,2024,27.7,true,false,1120,,0,,26.95,46638.01,32.2,25.35,18.5,324,12
1815,20240808,2024,37.1,true,false,2386,,0,,26.54,43313.97,31.6,24.05,16.5,307,16.1
1816,20240808,2024,32.8,true,false,1367,,0,,25.99,46521.41,28.6,22.4,16.2,252,14.2
1817,20240808,2024,41,true,false,3242,,0,,25.56,46395.52,26.1,20.6,15.1,317,18.8
1818,20240808,2024,28.8,true,false,1295,,0,,26.67,46800,35,26.55,18.1,333,13.1
1850,20240808,2024,34.6,true,false,3003,,0,,27.11,46526.7,36.2,27.150000000000002,18.1,295,18.4
1851,20240808,2024,28.8,true,false,1707,,0,,26.67,46800,35.8,27.299999999999997,18.8,333,13.1
1852,20240808,2024,39.2,true,false,2358,,0,,27.07,46151.89,35.6,26.950000000000003,18.3,352,22.7
1222,20240809,2024,29.2,true,false,1558,,0,,25.77,46773.54,39,30.5,22,338,12
1254,20240809,2024,41.4,true,false,3194,,0,,25.81,46654.44,38.8,30.95,23.1,287,18
1286,20240809,2024,25.2,true,false,899,,0,,26.02,46601.71,33,24.45,15.9,352,10.9
1819,20240809,2024,26.3,true,false,1295,,0,,26.21,46756.12,38,29.25,20.5,0,9.7
3438,20240809,2024,37.1,true,false,495,,0,,26.25,46733.98,32.9,25.5,18.1,337,16.3
3439,20240809,2024,33.1,true,false,3142,,0,,26.73,46161.93,33,26.85,20.7,305,21.1
3440,20240809,2024,25.9,true,false,1523,,0,,25.79,46446.21,32.3,24.799999999999997,17.3,261,10.3
3441,20240809,2024,33.8,true,false,1234,,0,,25.38,41773.54,34.2,25.35,16.5,314,14.2
3442,20240809,2024,36.7,true,false,545,,0,,24.85,46584.14,31.9,25.95,20,356,15.9
3443,20240809,2024,28.8,true,false,2711,,0,,25.27,46444.65,31.3,25.3,19.3,317,10.8
3444,20240809,2024,38.2,true,false,1580,,0,,26.74,46509.91,38.1,28.3,18.5,300,20
3445,20240809,2024,32.4,true,false,787,,0,,25.12,40848.61,35.4,25.7,16,295,16.1
3446,20240809,2024,37.4,true,false,1725,,0,,24.46,39175.61,24.2,19.8,15.4,337,17.6
3447,20240809,2024,33.5,true,false,2774,,0,,24.93,40843.38,30.5,22.85,15.2,306,15.3
3448,20240809,2024,48.2,true,false,475,,0,,26.13,46751.9,35.5,26.05,16.6,352,22
3449,20240809,2024,25.6,true,false,2782,,0,,25.48,46620.53,32.8,24.7,16.6,352,11.3
3450,20240809,2024,33.8,true,false,288,,0,,26.62,46581.6,38.5,28.7,18.9,292,18.2
1223,20240810,2024,42.1,true,false,1558,,0,,24.16,46717.46,40.8,32.05,23.3,166,17.1
1255,20240810,2024,43.2,true,false,3194,,0,,24.42,46598.2,40.7,32.5,24.3,201,18
1287,20240810,2024,25.2,true,false,899,,0,,25.44,46479.47,33.4,25.85,18.3,239,9.7
1820,20240810,2024,38.2,true,false,1295,,0,,23.72,46699.53,38.7,30.85,23,144,17.5
1224,20240811,2024,47.9,true,false,1558,,0,,25.53,46661.21,37.5,29.65,21.8,233,19.5
1256,20240811,2024,48.6,true,false,3194,,0,,24.91,46541.78,36.5,29.3,22.1,268,21.1
1288,20240811,2024,33.8,true,false,899,,0,,26.06,46386.41,26.5,21.4,16.3,231,12.7
1821,20240811,2024,43.2,true,false,1295,,0,,24.73,46642.77,35.6,28.35,21.1,255,18.7
4321,20240811,2024,36.4,true,false,3036,,0,,24.01,38371.03,27.6,22.200000000000003,16.8,293,17.6
4322,20240811,2024,45.7,true,false,1809,,0,,26.35,46575.07,34.3,27.9,21.5,239,24.5
1225,20240812,2024,46.1,true,false,1558,,0,,25.93,46604.82,34,26.6,19.2,278,21.3
1257,20240812,2024,52.2,true,false,3194,,0,,25.95,46485.21,30.9,24.15,17.4,269,22.9
1289,20240812,2024,43.2,true,false,899,,0,,25.1,45517.1,26.2,20.6,15,319,18.5
1822,20240812,2024,42.8,true,false,1295,,0,,26,46585.86,31.5,24,16.5,262,19.5
1226,20240813,2024,41,false,false,1558,,0.1,,20.21,37584.49,28.2,23.15,18.1,277,17.3
1258,20240813,2024,48.6,true,false,3194,,0,,21.21,36407.67,28.3,23.05,17.8,265,20.5
1290,20240813,2024,33.5,false,false,899,,1.6,,18.14,30509.06,22,18.8,15.6,268,13.5
1823,20240813,2024,39.2,false,false,1295,,0.8,,20.69,40977.56,26.9,21.65,16.4,274,16.7
2080,20240813,2024,53.6,false,false,2747,,0.6,,21.52,34947.91,26.6,22.3,18,319,27.4
2081,20240813,2024,50,false,false,1908,,0.2,,21.25,37313.61,27.3,23.1,18.9,277,19.3
2082,20240813,2024,51.8,true,false,131,,0,,20.87,33433.82,30.2,24.15,18.1,303,24.4
2083,20240813,2024,49,false,false,553,,0.1,,21.39,36489.95,22,18,14,283,19.3
2084,20240813,2024,48.2,true,false,422,,0,,24.47,43200,27,23.25,19.5,327,22.8
2085,20240813,2024,35.6,false,false,96,,0.3,,20.52,37542.87,25.2,21.4,17.6,281,16.7
2086,20240813,2024,43.6,false,false,931,,0.1,,19.56,33224.31,25.1,20,14.9,302,21.4
2087,20240813,2024,50,false,false,2681,,0.2,,21.25,37313.61,24.4,20.15,15.9,277,19.3
2088,20240813,2024,48.2,false,false,1010,,0.6,,22.38,36059.46,24.6,20.8,17,322,23.8
2089,20240813,2024,46.8,true,false,3181,,0,,24.63,40204.06,30.1,24.15,18.2,318,22
2090,20240813,2024,50,true,false,1191,,0,,24.94,39600,28.5,22.8,17.1,320,24.5
2091,20240813,2024,48.2,true,false,389,,0,,24.53,43200,28.6,23.55,18.5,322,23.3
2092,20240813,2024,35.6,false,false,901,,0.3,,24.52,44313.83,22.4,20.15,17.9,326,18.3
2093,20240813,2024,40,true,false,184,,0,,24.92,39508.3,30.8,24.55,18.3,308,19.5
1227,20240814,2024,25.2,true,false,1558,,0,,25.49,46488.28,31,23.4,15.8,335,10.5
1259,20240814,2024,27.4,true,false,3194,,0,,25.92,46371.82,31.8,23.2,14.6,335,11.8
1291,20240814,2024,42.8,true,false,899,,0,,25.84,46212.25,27,20.65,14.3,356,18.4
1824,20240814,2024,33.5,true,false,1295,,0,,25.73,46471.77,28.7,21.3,13.9,340,13.1
2094,20240814,2024,25.6,true,false,338,,0,,25.84,46248.21,29,21.95,14.9,341,10
2095,20240814,2024,51.5,false,true,2745,,0.3,,24.96,45194.32,23.1,20.8,18.5,329,31.1
2096,20240814,2024,51.8,true,false,401,,0,,24.43,39600,29.6,24.6,19.6,330,26.1
2097,20240814,2024,38.2,true,false,2935,,0,,25.68,46205.78,29.9,22.65,15.4,354,19.4
2098,20240814,2024,36.7,true,false,435,,0,,26.12,46250.1,26,20.45,14.9,8,14.5
2099,20240814,2024,31.7,true,false,2942,,0,,25.83,46210.8,28,21.85,15.7,347,13
2100,20240814,2024,28.4,true,false,122,,0,,24.57,46585.59,28.9,21.4,13.9,13,14.8
2101,20240814,2024,25.9,true,false,341,,0,,25.67,46217.31,29.9,22.15,14.4,351,12.2
2102,20240814,2024,33.5,true,false,3150,,0,,26.13,46364.87,27.6,20.25,12.9,343,13.9
2103,20240814,2024,27.7,true,false,359,,0,,25.62,46220.58,28.6,20.9,13.2,349,12.8
2104,20240814,2024,40,true,false,2249,,0,,26.27,46356.82,27.8,20.6,13.4,10,19.5
2105,20240814,2024,53.6,false,false,1799,,0.2,,25.21,46032.54,23.8,20.9,18,345,28.2
2106,20240814,2024,28.8,true,false,2845,,0,,26,46292.54,29.2,21.15,13.1,13,12.6
2107,20240814,2024,34.9,false,false,457,,0.1,,25.55,46193.81,26.2,19.6,13,11,15.3
2108,20240814,2024,42.8,true,false,1185,,0,,25.84,46212.25,27.4,21,14.6,356,18.4
2109,20240814,2024,42.8,true,false,95,,0,,25.84,46212.25,27.7,21.35,15,356,18.4
1228,20240815,2024,24.5,true,false,1558,,0,,26.16,46351.43,32,24.45,16.9,20,8.9
1260,20240815,2024,25.9,true,false,3194,,0,,26.23,46315.06,32.5,24.7,16.9,49,9.7
1292,20240815,2024,37.4,true,false,899,,0,,25.74,46154.08,29.8,21.35,12.9,347,16.1
1825,20240815,2024,23.4,true,false,1295,,0,,26.11,46386.69,30.1,22.15,14.2,30,10.4
2110,20240815,2024,31.3,true,false,1297,,0,,26.05,46238.27,29.8,22.5,15.2,48,13.1
2111,20240815,2024,42.1,true,false,547,,0,,26.22,46258.16,31,24.15,17.3,67,22.2
2112,20240815,2024,34.6,true,false,1831,,0,,25.85,46160.55,32.3,25.099999999999998,17.9,52,15.7
2113,20240815,2024,34.9,true,false,2821,,0,,26.16,46188.34,30,24,18,82,14.1
2114,20240815,2024,34.9,true,false,633,,0,,25.66,46125.84,32.6,24.200000000000003,15.8,358,14.4
2115,20240815,2024,45.7,true,false,2724,,0,,25.64,45888.61,37.1,27.1,17.1,346,24.9
2116,20240815,2024,35.6,true,false,3043,,0,,26.25,45800.93,37,27.6,18.2,1,16.9
2117,20240815,2024,44.3,true,false,2547,,0,,25.53,46059.01,29.8,22.8,15.8,345,24.2
2118,20240815,2024,39.6,true,false,1544,,0,,25.78,46114.48,30.5,23.95,17.4,37,15.5
2119,20240815,2024,31,true,false,499,,0,,26.63,46316.96,26.6,20,13.4,43,13.7
2120,20240815,2024,31.3,true,false,459,,0,,25.59,46122.82,31.1,22.65,14.2,346,14.5
2121,20240815,2024,38.2,true,false,1757,,0,,25.65,46089.78,32.4,24.45,16.5,11,18.7
2122,20240815,2024,36.4,true,false,1788,,0,,26.37,46269.9,31.7,24.799999999999997,17.9,67,16.9
2123,20240815,2024,35.3,true,false,290,,0,,26.08,46020.13,35.1,28.450000000000003,21.8,19,15.8
2124,20240815,2024,24.8,true,false,2330,,0,,25.7,46179.13,31,23.95,16.9,33,11.6
2125,20240815,2024,43.9,true,false,1844,,0,,25.61,45821.03,25.9,21.15,16.4,4,24.6
2126,20240815,2024,28.8,true,false,2453,,0,,25.74,46131.89,30.4,22.25,14.1,13,12.9
2127,20240815,2024,26.6,true,false,1737,,0,,25.64,46169.82,30.4,22.799999999999997,15.2,50,12.6
2128,20240815,2024,29.2,true,false,2265,,0,,25.93,46213.44,29.5,23.05,16.6,55,12.1
2129,20240815,2024,32.4,true,false,690,,0,,26.04,45855.07,37.5,27.55,17.6,358,16.1
2130,20240815,2024,32,true,false,362,,0,,25.75,46163.64,31.1,24,16.9,47,14.4
2131,20240815,2024,36.7,true,false,855,,0,,26.02,45865.96,37.3,29.25,21.2,22,16.8
2132,20240815,2024,38.9,true,false,2934,,0,,26,46163.29,30.2,21.7,13.2,3,16.6
1229,20240816,2024,22,true,false,1558,,0,,25.99,46213.78,35.3,25.299999999999997,15.3,358,8.8
1261,20240816,2024,18.7,true,false,3194,,0,,26.05,46225.16,36.1,27.05,18,41,7.5
1293,20240816,2024,41,true,false,899,,0,,25.45,46095.89,32.6,24.25,15.9,351,17.6
1826,20240816,2024,28.8,true,false,1295,,0,,25.97,46247.98,33.1,24.05,15,14,10.9
2133,20240816,2024,21.2,true,false,1465,,0,,26.06,46225.16,37.2,29.400000000000002,21.6,202,8.5
2134,20240816,2024,33.1,true,false,2847,,0,,25.32,46078.63,33,25.9,18.8,12,15.2
2135,20240816,2024,31.7,true,false,2328,,0,,26.22,46145.93,33.7,25.650000000000002,17.6,50,16.3
2136,20240816,2024,31.7,true,false,2328,,0,,26.22,46145.93,34,25.95,17.9,50,16.3
2137,20240816,2024,28.8,true,false,3161,,0,,26.33,46168.46,33.5,25.65,17.8,21,12.2
2138,20240816,2024,44.6,true,false,2565,,0,,26.02,46305.41,31.1,22.950000000000003,14.8,332,20.7
2139,20240816,2024,34.6,true,false,828,,0,,26.04,45617.12,29.8,25.3,20.8,346,20.9
2140,20240816,2024,30.2,true,false,362,,0,,25.48,46106.71,34.1,25.55,17,13,14.8
2141,20240816,2024,30.6,true,false,1228,,0,,26.03,46236.56,33.2,24,14.8,22,12.1
2142,20240816,2024,31,true,false,134,,0,,26.15,46023.41,38,30.7,23.4,17,15.6
2143,20240816,2024,30.6,true,false,2685,,0,,26.22,46134.7,34.7,27.1,19.5,61,14.1
2144,20240816,2024,22.7,true,false,1418,,0,,26.04,46340.12,32.7,23.400000000000002,14.1,23,10
2145,20240816,2024,31.7,true,false,2245,,0,,26.22,46145.93,33.8,25.75,17.7,50,16.3
2146,20240816,2024,55.4,true,true,2813,,0,,26.02,45650.18,35.7,28.6,21.5,360,30.3
2147,20240816,2024,30.6,true,false,214,,0,,26.22,46134.7,34,26.45,18.9,61,14.1
2148,20240816,2024,41.8,true,false,2934,,0,,25.66,46104.57,32.8,24.299999999999997,15.8,1,18
2149,20240816,2024,32.4,true,false,2602,,0,,26.4,46112.28,34.9,28.299999999999997,21.7,49,15
2150,20240816,2024,38.2,true,false,1274,,0,,26.22,45606.76,37.4,30.15,22.9,8,22
2151,20240816,2024,34.2,true,false,3129,,0,,25.4,46070.04,33.6,25.5,17.4,1,17.1
2152,20240816,2024,49.3,true,false,381,,0,,26.04,45924.88,38,29.55,21.1,358,25.4
2153,20240816,2024,45.7,true,false,1898,,0,,25.64,46101.66,32.1,23.85,15.6,359,17.4
2154,20240816,2024,34.2,true,false,320,,0,,25.19,46039.18,34.6,26.75,18.9,344,16.1
2155,20240816,2024,32.8,true,false,459,,0,,25.32,46064.64,33.5,24.8,16.1,354,15.3
2156,20240816,2024,41.8,true,false,514,,0,,25.98,46293.87,32.2,24,15.8,327,19.8
2157,20240816,2024,31.3,true,false,3116,,0,,25.43,46109.62,34,26,18,10,15.8
2158,20240816,2024,47.5,true,false,410,,0,,26,45917.81,38.4,29,19.6,332,28
2159,20240816,2024,32.8,true,false,1718,,0,,25.32,46064.64,33.9,25.25,16.6,354,15.3
2160,20240816,2024,40.7,true,false,47,,0,,26.29,45658.74,34,27.95,21.9,268,21.7
2161,20240816,2024,33.1,true,false,2847,,0,,25.32,46078.63,32.7,25.6,18.5,12,15.2
2162,20240816,2024,37.1,true,false,607,,0,,25.75,46130.09,34.6,26.85,19.1,3,14.1
2163,20240816,2024,24.1,true,false,1950,,0,,25.95,46117.02,34.7,26.950000000000003,19.2,354,10.9
2164,20240816,2024,31,true,false,539,,0,,26.12,46159.61,29.6,23.25,16.9,38,12.8
2165,20240816,2024,31.3,true,false,2140,,0,,25.43,46109.62,34,26,18,10,15.8
1230,20240817,2024,40.3,true,false,1558,,0,,23.95,46075.43,35.1,27.3,19.5,301,18.1
1262,20240817,2024,43.6,true,false,3194,,0,,24.43,46086.45,33.5,27.35,21.2,268,18.9
1294,20240817,2024,45,true,false,899,,0,,24.36,46037.75,28.2,22.299999999999997,16.4,340,19
1827,20240817,2024,43.6,true,false,1295,,0,,23.75,46108.57,33.4,25.35,17.3,326,18.3
2166,20240817,2024,43.9,true,false,942,,0,,24.57,46175.39,32,24.95,17.9,319,22.1
2167,20240817,2024,41,true,false,1047,,0,,24.34,46083.54,31.7,25.65,19.6,296,20.4
2168,20240817,2024,45.7,true,false,434,,0,,23.84,46045.88,27.6,22,16.4,348,19.6
2169,20240817,2024,52.2,true,true,1005,,0,,25.19,45669.63,28.8,23.4,18,342,30.5
2170,20240817,2024,48.6,true,false,1331,,0,,24.56,46164.21,29.8,22.65,15.5,330,22.1
2171,20240817,2024,45.4,true,false,608,,0,,24.36,46069.01,30.1,24.200000000000003,18.3,336,19.2
2172,20240817,2024,45,true,false,1185,,0,,24.36,46037.75,28.7,22.799999999999997,16.9,340,19
2173,20240817,2024,45,true,false,2776,,0,,24.33,46040.45,28.2,22.65,17.1,345,18.9
2174,20240817,2024,60.8,true,false,1560,,0,,25.39,45665.09,30.6,24.85,19.1,337,29.8
2175,20240817,2024,46.1,true,false,2605,,0,,25.5,45977.08,33.1,27.1,21.1,333,25
2176,20240817,2024,50.8,true,false,1118,,0,,24.16,46043.16,26.8,21.3,15.8,348,19.5
2177,20240817,2024,47.5,true,false,2934,,0,,23.81,46077.27,26.5,21.5,16.5,350,17.9
2178,20240817,2024,41.4,true,false,1718,,0,,24.17,46006.49,28.9,22.95,17,339,18.7
2179,20240817,2024,47.9,true,false,607,,0,,24.27,46071.76,30.3,24.9,19.5,343,18.7
2180,20240817,2024,45,true,false,1118,,0,,24.33,46040.45,28.8,23.200000000000003,17.6,345,18.9
2181,20240817,2024,53.3,true,false,3191,,0,,24.18,45941.39,26.5,22.3,18.1,341,28.2
2182,20240817,2024,44.3,true,false,2352,,0,,26.01,45567.88,40,30.55,21.1,331,25.1
2183,20240817,2024,42.1,true,false,538,,0,,24.63,45937.18,29.9,24.4,18.9,270,16.8
2184,20240817,2024,41.4,true,false,3171,,0,,24.17,46006.49,31,25.05,19.1,339,18.7
2185,20240817,2024,42.1,true,false,508,,0,,24.35,46186.6,28,22.7,17.4,333,20.1
2186,20240817,2024,50.8,true,false,437,,0,,24.16,46043.16,28.7,23.2,17.7,348,19.5
2187,20240817,2024,54,true,true,2745,,0,,25.61,45608.66,30,25.45,20.9,348,33.9
2188,20240817,2024,38.5,true,false,2579,,0,,25.83,45618.9,39.3,31.4,23.5,330,19.5
2189,20240817,2024,50.8,true,false,1594,,0,,24.16,46043.16,27.8,22.3,16.8,348,19.5
2190,20240817,2024,51.8,true,false,3160,,0,,25.06,45842.59,30,23.25,16.5,327,26.7
2191,20240817,2024,49,true,false,1853,,0,,24.42,46186.6,30.8,24.15,17.5,340,22.3
2192,20240817,2024,55.1,true,false,1446,,0,,25.55,45628.84,33.3,27.049999999999997,20.8,357,27
2193,20240817,2024,49.3,true,false,697,,0,,24.79,46086.46,30.9,24.7,18.5,272,18.7
2194,20240817,2024,41,true,false,305,,0,,24.34,46083.54,30.9,24.9,18.9,296,20.4
2195,20240817,2024,43.9,true,false,852,,0,,24.59,46036.16,28.3,22.75,17.2,327,16.3
2196,20240817,2024,45.7,true,false,825,,0,,25.52,45944.64,32.3,26.849999999999998,21.4,304,19.4
2197,20240817,2024,47.5,true,false,2401,,0,,25.86,45487.05,35.9,29.4,22.9,344,27.4
2198,20240817,2024,54,true,false,912,,0,,23.87,45936.21,27.8,22.25,16.7,320,28.6
2199,20240817,2024,53.6,true,false,741,,0,,23.5,45959.58,26.2,22.35,18.5,330,28.4
2200,20240817,2024,45,true,false,301,,0,,25.53,45795.46,37.2,30.3,23.4,329,22
2201,20240817,2024,38.5,true,false,640,,0,,24.51,46077.98,31,25.45,19.9,266,16.9
2202,20240817,2024,43.9,true,false,62,,0,,24.34,46117.36,30,23.95,17.9,304,19.7
1231,20240818,2024,29.2,true,false,1558,,0,,24.9,45936.5,34.2,27,19.8,325,11.3
1263,20240818,2024,42.8,true,false,3194,,0,,24.5,45947.17,32.3,25.75,19.2,264,18.8
1295,20240818,2024,43.6,true,false,899,,0,,23.66,43554.7,27.4,22.85,18.3,334,18.3
1828,20240818,2024,42.1,true,false,1295,,0,,24.88,45968.57,31.8,24.85,17.9,339,19.1
2203,20240818,2024,43.6,true,false,1185,,0,,23.66,43554.7,28.2,23.65,19.1,334,18.3
2204,20240818,2024,37.4,true,false,633,,0,,23.09,41656.21,28.4,24.299999999999997,20.2,330,16.3
2205,20240818,2024,44.3,true,false,1594,,0,,23.37,41159.58,27.4,23,18.6,351,17
2206,20240818,2024,36,true,false,362,,0,,22.31,38662.88,27,21.75,16.5,296,15.8
2207,20240818,2024,58.7,true,true,3020,,0,,23.42,40599.83,30.5,25.25,20,337,31.9
2208,20240818,2024,41.4,true,false,288,,0,,24.87,45624.83,37.4,30.25,23.1,311,21.3
2209,20240818,2024,41,true,false,507,,0,,24.95,44867.29,27.4,22,16.6,343,18.5
2210,20240818,2024,38.5,true,false,455,,0,,22.85,40500.45,28.4,24.45,20.5,337,15.6
2211,20240818,2024,38.5,true,false,455,,0,,22.85,40500.45,28.3,24.35,20.4,337,15.6
2212,20240818,2024,43.6,true,false,3100,,0,,21.77,39600,23.7,21.049999999999997,18.4,326,22.5
2213,20240818,2024,46.4,true,false,2505,,0,,23.08,39543.58,28.4,23.45,18.5,332,23.1
2214,20240818,2024,36.7,true,false,559,,0,,22.47,35917.76,28.3,22.950000000000003,17.6,278,14.2
2215,20240818,2024,50.4,true,false,2619,,0,,22.16,40200.29,25.5,22.25,19,324,25.9
2216,20240818,2024,37.4,true,false,64,,0,,22.22,35927.23,29.8,24.200000000000003,18.6,270,16.9
2217,20240818,2024,41,true,false,2677,,0,,23.53,42319.82,30.2,24.799999999999997,19.4,283,19.6
2218,20240818,2024,49,true,false,1486,,0,,22.21,39806.08,25.9,22.25,18.6,321,25.1
2219,20240818,2024,32.4,true,false,1397,,0,,23.99,44337.62,27.3,21.5,15.7,325,13
2220,20240818,2024,47.5,true,false,2674,,0,,22.3,39575.84,26.1,22.200000000000003,18.3,323,23.8
2221,20240818,2024,36,true,false,1246,,0,,22.31,38662.88,28.9,23.65,18.4,296,15.8
2222,20240818,2024,36.7,true,false,2738,,0,,22.44,41609.82,29.3,24.3,19.3,299,17.8
2223,20240818,2024,49.3,true,false,1277,,0,,22.18,40594.61,25,22.05,19.1,332,25.4
2224,20240818,2024,37.4,true,false,633,,0,,23.09,41656.21,28.4,24.299999999999997,20.2,330,16.3
2225,20240818,2024,34.9,true,false,1082,,0,,21.95,36880.75,27.2,21.7,16.2,287,16
2226,20240818,2024,34.9,true,false,2570,,0,,25.04,46054.96,28.4,22.1,15.8,308,16.8
2227,20240818,2024,36.4,true,false,547,,0,,24.43,45862.33,31.9,24.7,17.5,249,18.2
2228,20240818,2024,44.3,true,false,833,,0,,23.37,41159.58,28.5,24.15,19.8,351,17
2229,20240818,2024,54.7,true,false,425,,0,,24.26,43117.99,32,26.05,20.1,344,28.1
2230,20240818,2024,42.5,false,false,1081,,0.2,,23.28,42110.88,29,23.15,17.3,283,14.7
2231,20240818,2024,44.6,true,false,1331,,0,,24.61,45116.86,30,24.05,18.1,326,20.5
2232,20240818,2024,36.7,true,false,209,,0,,25.03,45862.33,31.2,24.299999999999997,17.4,290,18.2
2233,20240818,2024,41,true,false,3043,,0,,25.3,45435.26,35.2,27.900000000000002,20.6,336,22.7
2234,20240818,2024,56.2,true,false,268,,0,,19.92,30556.19,26,22,18,354,28.7
2235,20240818,2024,58.7,true,false,2829,,0,,23.9,42172.95,30.5,25.45,20.4,350,29.7
2236,20240818,2024,36.4,true,false,547,,0,,24.43,45862.33,31.8,24.6,17.4,249,18.2
1232,20240819,2024,24.5,true,false,1558,,0,,25.01,45797.09,34.3,26.95,19.6,339,9.3
1264,20240819,2024,37.8,true,false,3194,,0,,25.15,45807.4,33.3,26.2,19.1,280,16.2
1296,20240819,2024,42.1,true,false,899,,0,,24.94,45890.61,28.6,21.5,14.4,337,18
1829,20240819,2024,30.6,true,false,1295,,0,,25.06,45828.09,32.7,24.85,17,355,12.8
2237,20240819,2024,46.1,true,false,1721,,0,,23.26,44995.34,26.6,21.35,16.1,313,24.6
2238,20240819,2024,53.3,true,false,1284,,0,,24.61,45574.61,31.7,24.95,18.2,330,28.7
2239,20240819,2024,38.9,true,false,2025,,0,,25.39,45880.14,33.2,25.3,17.4,359,17.3
2240,20240819,2024,28.8,true,false,1770,,0,,24.94,45899.63,29.2,23.9,18.6,344,12.2
2241,20240819,2024,33.8,true,false,2012,,0,,24.8,45817.74,30,23.7,17.4,317,14.9
2242,20240819,2024,56.2,true,false,257,,0,,24.38,44808.33,25.5,20.7,15.9,327,29.8
2243,20240819,2024,42.8,true,false,1081,,0,,25.02,45817.74,29.8,23.55,17.3,306,14.7
2244,20240819,2024,36.7,true,false,675,,0,,24.99,45828.09,27.7,21.7,15.7,314,13.7
2245,20240819,2024,37.4,true,false,3228,,0,,25.06,45476.16,34.7,26.950000000000003,19.2,313,19.3
2246,20240819,2024,34.9,true,false,2096,,0,,25.18,45838.46,28.2,22.4,16.6,331,12.9
2247,20240819,2024,43.6,true,false,1204,,0,,25.3,45901.09,33.1,25.15,17.2,338,20.2
2248,20240819,2024,59,true,true,1777,,0,,24.93,45564.7,30,24.3,18.6,336,32.2
2249,20240819,2024,40.7,true,false,438,,0,,25.25,45922.12,27.6,21.700000000000003,15.8,355,17.1
2250,20240819,2024,32.8,true,false,1047,,0,,24.84,45828.09,31,24.3,17.6,301,14.7
2251,20240819,2024,58,true,false,2338,,0,,24.27,44417.38,24,20.45,16.9,347,28.1
2262,20240819,2024,34.6,true,false,547,,0,,24.97,45725.38,32.1,25.25,18.4,288,17.9
1233,20240820,2024,28.4,true,false,1558,,0,,25.3,45656.91,34.3,26.349999999999998,18.4,345,11.9
1265,20240820,2024,30.2,true,false,3194,,0,,25.26,45666.86,33.7,25.700000000000003,17.7,257,13.3
1297,20240820,2024,47.2,true,false,899,,0,,24.75,45747.18,28.6,21.35,14.1,348,21.1
1830,20240820,2024,34.2,true,false,1295,,0,,25.26,45686.84,31.8,24.1,16.4,343,15.1
2252,20240820,2024,33.1,true,false,1110,,0,,25.38,45597.51,33.7,25.400000000000002,17.1,276,17.6
2253,20240820,2024,49,true,false,252,,0,,23.34,39557.65,27.5,22,16.5,338,26.3
2254,20240820,2024,62.6,true,true,1390,,0,,22.74,35831.2,26.9,22.549999999999997,18.2,335,35.4
2255,20240820,2024,33.5,true,false,72,,0,,24.89,45706.88,31,23.75,16.5,307,15.9
2256,20240820,2024,47.2,true,false,899,,0,,24.75,45747.18,28.3,21.1,13.9,348,21.1
2257,20240820,2024,49.7,true,false,242,,0,,23.29,39434.61,27.7,22.1,16.5,328,26.2
2258,20240820,2024,48.2,true,false,1226,,0,,24.53,45403.86,32.3,25.2,18.1,344,25.3
2259,20240820,2024,52.2,true,false,1284,,0,,25.16,45432.5,33.2,25.8,18.4,329,28.6
2260,20240820,2024,30.2,true,false,3150,,0,,25.47,45646.96,29.5,23.05,16.6,317,14.5
2261,20240820,2024,37.8,true,false,2729,,0,,25.05,45767.44,28.7,22.75,16.8,1,15.2
2263,20240820,2024,52.9,true,false,1594,,0,,24.52,45767.44,28,21.7,15.4,356,21.1
2264,20240820,2024,41,true,false,1367,,0,,24.53,45666.86,29.7,23.5,17.3,321,20.1
2265,20240820,2024,41,true,false,1544,,0,,24.94,45617.23,28,22.55,17.1,357,15.8
2266,20240820,2024,46.4,true,false,597,,0,,25.45,45757.3,26.4,21.299999999999997,16.2,342,23.2
2267,20240820,2024,40.3,true,false,744,,0,,25.31,45394.34,35.8,28.75,21.7,298,21.1
2268,20240820,2024,39.6,true,false,359,,0,,24.84,45676.84,30.4,22.25,14.1,315,18.7
2269,20240820,2024,59,true,true,2835,,0,,24.29,44944.18,30.4,23.799999999999997,17.2,326,34.7
2270,20240820,2024,52.6,true,false,1277,,0,,24.65,45607.37,26.4,21.7,17,332,26.5
2271,20240820,2024,34.9,true,false,177,,0,,25.08,45309.37,34.5,26.5,18.5,333,17.6
2272,20240820,2024,58,true,true,3078,,0,,24.93,44461.28,30.2,24.4,18.6,335,31.7
2273,20240820,2024,29.5,true,false,307,,0,,25.08,45666.86,31.5,24.5,17.5,256,12.8
2274,20240820,2024,47.2,true,false,458,,0,,23.48,45787.77,26,19.25,12.5,356,21
2275,20240820,2024,67.7,true,true,1777,,0,,23.85,39656.71,28.9,23.15,17.4,329,35
2276,20240820,2024,48.6,true,false,2078,,0,,24.15,45777.6,26.6,20.25,13.9,358,21.4
2277,20240820,2024,43.9,true,false,2565,,0,,25.38,45737.08,29.5,22.5,15.5,324,20.8
2278,20240820,2024,29.5,true,false,307,,0,,25.08,45666.86,31.9,24.9,17.9,256,12.8
2279,20240820,2024,39.2,true,false,2323,,0,,25.07,45470.9,36.4,27.95,19.5,334,20.6
1234,20240821,2024,24.5,true,false,1558,,0,,24.79,45515.07,35,27.1,19.2,355,9.5
1266,20240821,2024,28.8,true,false,3194,,0,,25.01,45524.66,33.9,25.95,18,20,11.9
1298,20240821,2024,23.8,true,false,899,,0,,24.83,45602.08,30.5,22.05,13.6,328,10
1831,20240821,2024,26.6,true,false,1295,,0,,24.89,45543.92,33.1,24.4,15.7,357,11.5
2280,20240821,2024,23.8,true,false,95,,0,,24.83,45602.08,31.2,22.75,14.3,328,10
2281,20240821,2024,31.3,true,false,483,,0,,25.37,45602.08,32.7,23.650000000000002,14.6,277,14.2
2282,20240821,2024,53.6,true,false,311,,0,,25.01,45524.66,32.4,26.25,20.1,98,21.4
2283,20240821,2024,46.1,true,false,1242,,0,,25.15,45317.21,32.5,24.4,16.3,317,27.6
2284,20240821,2024,33.5,true,false,588,,0,,24.95,45651.03,31.2,23.95,16.7,40,13.3
2285,20240821,2024,44.3,true,false,2201,,0,,25.27,45476.84,32,25.1,18.2,32,23.7
2286,20240821,2024,33.5,true,false,588,,0,,24.95,45651.03,31.4,24.15,16.9,40,13.3
2287,20240821,2024,33.5,true,false,722,,0,,24.95,45651.03,31.3,24.05,16.8,40,13.3
2288,20240821,2024,32,true,false,1544,,0,,24.87,45476.84,29.6,24.1,18.6,13,12.1
2289,20240821,2024,45.7,true,false,332,,0,,24.92,45524.67,32.7,25.85,19,104,20.9
2290,20240821,2024,31,true,false,365,,0,,24.9,45515.07,32.2,25.05,17.9,66,13.8
2291,20240821,2024,30.6,true,false,2078,,0,,25.09,45631.39,28.9,20.75,12.6,356,12.1
2292,20240821,2024,28.1,true,false,305,,0,,24.8,45543.92,32.9,25.15,17.4,114,13.1
2293,20240821,2024,30.6,true,false,434,,0,,25.09,45631.39,30,21.9,13.8,356,12.1
2294,20240821,2024,43.9,true,false,2782,,0,,25.12,45572.92,30.2,22.95,15.7,52,19.2
2295,20240821,2024,35.6,true,false,1977,,0,,24.57,45534.29,29.1,22.5,15.9,344,17.2
2296,20240821,2024,43.2,true,false,239,,0,,25.01,45289.5,24.2,20.05,15.9,334,24.9
2297,20240821,2024,31,true,false,1385,,0,,24.73,45495.92,30.8,23.65,16.5,300,13.5
2298,20240821,2024,37.8,true,false,1075,,0,,25.13,45363.69,34.3,24.849999999999998,15.4,3,16.9
2299,20240821,2024,36,true,false,943,,0,,24.51,45408.23,31.3,22.85,14.4,321,16.3
2300,20240821,2024,40.7,true,false,924,,0,,24.8,45467.32,32,25.85,19.7,21,16.5
2301,20240821,2024,47.5,true,false,817,,0,,25,44645.92,25.4,20.4,15.4,327,24.3
2302,20240821,2024,34.2,true,false,2025,,0,,25.29,45592.34,33.5,24.45,15.4,299,14.9
2303,20240821,2024,35.6,true,false,2169,,0,,24.67,45524.66,30.9,23.6,16.3,28,17.7
2304,20240821,2024,42.5,true,false,231,,0,,25.01,45298.72,26.5,20.95,15.4,339,24.9
2305,20240821,2024,32,true,false,607,,0,,25.12,45611.83,32.2,24.6,17,7,12.7
2306,20240821,2024,33.5,true,false,2492,,0,,24.44,45216.27,35.2,26.1,17,289,17
2307,20240821,2024,34.2,true,false,2565,,0,,25.17,45592.34,31.5,23.2,14.9,333,16.2
2308,20240821,2024,52.6,true,false,2635,,0,,25.24,45001.88,30.5,25.5,20.5,2,29.9
2309,20240821,2024,32.8,true,false,2412,,0,,24.68,45467.32,29,22.3,15.6,314,15.1
2310,20240821,2024,28.1,true,false,305,,0,,24.8,45543.92,32.9,25.15,17.4,114,13.1
2311,20240821,2024,29.5,true,false,1077,,0,,24.82,45553.57,32.7,24.6,16.5,58,13.8
2312,20240821,2024,37.8,true,false,1895,,0,,24.87,45563.24,32.5,24.9,17.3,67,17.9
2313,20240821,2024,31.3,true,false,2226,,0,,25.37,45602.08,33.7,24.700000000000003,15.7,277,14.2
2314,20240821,2024,34.2,true,false,2565,,0,,25.17,45592.34,31.5,23.2,14.9,333,16.2
1235,20240822,2024,42.5,true,false,1558,,0,,25.03,45371.59,34.5,26.95,19.4,267,19
1267,20240822,2024,45.7,true,false,3194,,0,,25.71,45380.82,29.9,22.9,15.9,268,19.4
1299,20240822,2024,36.4,true,false,899,,0,,22.28,37860.32,24.7,19,13.3,311,15.3
1832,20240822,2024,39.6,true,false,1295,,0,,25.34,45399.34,31.7,23.9,16.1,260,17.2
2315,20240822,2024,32.4,false,false,355,,0.1,,20.66,42707.16,24,19.4,14.8,258,13.7
2316,20240822,2024,36,true,false,2845,,0,,23.35,44846.18,25.2,19.65,14.1,253,15.2
2317,20240822,2024,56.5,true,false,1563,,0,,21.56,35869.07,24.1,20.35,16.6,336,28
2318,20240822,2024,33.1,false,false,356,,0.1,,21.37,45371.59,23,18.9,14.8,263,14.1
2319,20240822,2024,37.8,true,false,1526,,0,,25.19,45408.63,32,24.55,17.1,250,17.8
2320,20240822,2024,36.4,true,false,94,,0,,22.28,37860.32,24.8,19.15,13.5,311,15.3
2321,20240822,2024,33.1,false,false,2037,,0.1,,21.37,45371.59,23.7,19.6,15.5,263,14.1
2322,20240822,2024,48.2,true,false,3147,,0,,23.46,39019.16,27.9,22,16.1,323,27.7
2323,20240822,2024,49.7,true,false,2654,,0,,21.54,36761.36,24.8,21.15,17.5,332,29
2324,20240822,2024,41.8,false,false,943,,0.6,,13.96,18332.1,21.6,18.65,15.7,328,20.7
2325,20240822,2024,38.2,true,false,290,,0,,25.35,44881.42,31.6,23.9,16.2,284,19.5
2326,20240822,2024,38.2,true,false,3073,,0,,25.35,44881.42,31.6,23.9,16.2,284,19.5
2327,20240822,2024,38.5,true,false,2816,,0,,25.74,45399.34,28.7,21.8,14.9,264,17.1
2328,20240822,2024,36.7,true,false,2272,,0,,25.91,45252.94,31,24.35,17.7,278,16.7
2329,20240822,2024,36,true,false,64,,0,,23.35,44846.18,25.2,19.65,14.1,253,15.2
2330,20240822,2024,33.5,true,false,1544,,0,,19.98,44838.8,22.3,18.4,14.5,320,13.7
2331,20240822,2024,47.5,true,false,1286,,0,,25.43,45325.64,29,21.9,14.8,251,24.2
2332,20240822,2024,45.7,true,false,3194,,0,,25.71,45380.82,30.1,23.05,16,268,19.4
2333,20240822,2024,31.3,true,false,455,,0,,21.81,37275.32,25.7,20.85,16,327,14.2
2334,20240822,2024,33.5,true,false,974,,0,,26.01,45271.02,32.9,25.6,18.3,319,13.7
2335,20240822,2024,40.3,true,false,606,,0,,25.92,45225.92,30.9,22.549999999999997,14.2,308,18.6
2336,20240822,2024,33.1,true,false,2865,,0,,25.33,45343.98,33,25.25,17.5,256,14.8
2337,20240822,2024,37.1,true,false,587,,0,,24.23,45445.93,23.7,19.9,16.1,287,14.4
2338,20240822,2024,37.1,true,false,587,,0,,24.23,45445.93,23.7,19.9,16.1,287,14.4
2339,20240822,2024,40.3,true,false,2565,,0,,25.26,45445.93,30.3,22.45,14.6,285,17.7
2340,20240822,2024,34.6,true,false,2650,,0,,23.13,45492.93,24.1,19.35,14.6,328,13.3
2341,20240822,2024,31.7,true,false,1732,,0,,25.43,45455.29,27.6,20.700000000000003,13.8,239,12.8
2342,20240822,2024,54.4,true,false,282,,0,,21.83,36432.52,25,21.2,17.4,342,27.2
2343,20240822,2024,55.1,true,false,1426,,0,,22,43227.81,22.2,19,15.8,346,28.3
2344,20240822,2024,42.5,true,false,977,,0,,18.1,29580.32,22,18.8,15.6,309,21.5
1236,20240823,2024,22,true,false,1558,,0,,24.86,45226.58,34.1,24.85,15.6,297,9.8
1268,20240823,2024,33.1,true,false,3194,,0,,25,45235.45,33.2,24.05,14.9,268,14.8
1300,20240823,2024,27.4,true,false,899,,0,,23.04,44262.05,27.2,20.8,14.4,298,10.9
1833,20240823,2024,28.1,true,false,1295,,0,,24.85,45253.23,32.2,22.8,13.4,270,11.9
2345,20240823,2024,20.2,true,false,2001,,0,,24.86,45244.33,32.8,23.599999999999998,14.4,270,6.9
2346,20240823,2024,38.9,true,false,2433,,0,,22.38,43318.43,24.3,20.200000000000003,16.1,343,19.7
2347,20240823,2024,46.1,true,false,2122,,0,,24.07,42209.4,29.6,23.55,17.5,332,24.8
2348,20240823,2024,29.2,true,false,1670,,0,,22.92,43971.89,28.4,22.35,16.3,328,11.7
2349,20240823,2024,32.4,true,false,1069,,0,,23.89,44806.2,29.2,22.25,15.3,268,14.2
2350,20240823,2024,24.1,true,false,2016,,0,,25.16,44866.81,34.7,25.450000000000003,16.2,297,13.4
2351,20240823,2024,36.4,true,false,2191,,0,,23.91,42742.33,29.6,22.3,15,296,17.1
2352,20240823,2024,31.7,true,false,825,,0,,25.72,45121.3,31.5,24.15,16.8,246,12.9
2353,20240823,2024,28.8,true,false,1823,,0,,24.69,45288.98,27.6,19.85,12.1,271,12.6
2354,20240823,2024,31.7,true,false,416,,0,,23.73,38418.59,32.7,24.55,16.4,321,16.8
2355,20240823,2024,27.4,true,false,1293,,0,,23.04,44262.05,29,22.55,16.1,298,10.9
2356,20240823,2024,37.4,true,false,319,,0,,23.01,39961.97,27.8,21.8,15.8,316,17.4
2357,20240823,2024,31.7,true,false,1893,,0,,25.72,45121.3,31.5,24.15,16.8,246,12.9
2358,20240823,2024,54.4,true,false,2818,,0,,24.02,41609.88,27.3,21.3,15.3,339,28.6
2359,20240823,2024,31.3,true,false,71,,0,,24.32,45280.02,27.2,19.45,11.7,263,13.4
2360,20240823,2024,35.3,true,false,2386,,0,,23.9,38179.59,31.3,23.4,15.5,327,15.6
2361,20240823,2024,34.2,true,false,293,,0,,25.14,44950.33,34.8,24.599999999999998,14.4,295,15.9
2362,20240823,2024,30.6,true,false,306,,0,,24.15,42704.14,31.7,23.3,14.9,255,13.1
1237,20240824,2024,39.2,false,false,1558,,0.2,,23.5,45080.15,31.9,24.95,18,301,16.4
1269,20240824,2024,45.4,true,false,3194,,0,,21.91,42311.1,30.4,23.4,16.4,277,19
1301,20240824,2024,40.7,false,false,899,,0.6,,11.87,18310.49,23.6,19.450000000000003,15.3,328,17.8
1834,20240824,2024,42.5,false,false,1295,,0.5,,21.93,43847.25,29.3,22.4,15.5,308,19.8
2363,20240824,2024,38.2,true,false,517,,0,,22.23,45122.79,29.1,23.35,17.6,312,17.3
2364,20240824,2024,43.6,true,false,2857,,0,,19.07,39722.06,25.5,20.75,16,295,15.5
2365,20240824,2024,34.6,false,false,2962,,0.8,,12.05,17487.57,24.9,21,17.1,309,15.5
2366,20240824,2024,45.7,false,false,1948,,1.3,,21.42,43803.78,29,22.4,15.8,330,20.9
2367,20240824,2024,40.3,true,false,517,,0,,22.17,45131.36,28.7,23.25,17.8,314,18.6
2368,20240824,2024,34.6,false,false,2962,,0.8,,12.05,17487.57,24.9,21,17.1,309,15.5
2369,20240824,2024,33.5,false,false,3074,,0.3,,14.14,24634.37,23.9,19.65,15.4,306,16
2370,20240824,2024,36.4,false,false,2847,,0.4,,13.73,24456.04,24.1,20.05,16,309,17.4
2371,20240824,2024,40.3,true,false,2297,,0,,21.47,37809.92,28.6,22.55,16.5,307,20.7
2372,20240824,2024,43.6,true,false,1474,,0,,21.35,36599.48,29,22.45,15.9,332,19.5
2373,20240824,2024,50,true,false,616,,0,,24.8,44625.02,33.7,27.05,20.4,342,28.2
2374,20240824,2024,40,true,false,690,,0,,23.62,40770.72,34,26,18,328,20.8
2375,20240824,2024,33.1,true,false,2751,,0,,24.73,43731.04,34,25.95,17.9,319,17.7
2376,20240824,2024,48.6,true,false,2384,,0,,23.48,43929.27,30.2,23.799999999999997,17.4,326,26.6
2377,20240824,2024,32,false,false,653,,0.4,,13.13,19627.77,23.2,19.4,15.6,308,13.4
1238,20240825,2024,29.2,true,false,1558,,0,,24.49,44932.41,31.5,24,16.5,3,11.1
1270,20240825,2024,28.8,true,false,3194,,0,,24.8,44940.54,31.2,23.05,14.9,39,11.1
1302,20240825,2024,41,true,false,899,,0,,24.48,45006.05,26.7,18.65,10.6,350,17.7
1835,20240825,2024,28.8,true,false,1295,,0,,24.61,44956.84,29,20.6,12.2,10,11.4
2378,20240825,2024,37.1,true,false,356,,0,,24.55,44940.54,30,21.8,13.6,29,17.4
2379,20240825,2024,37.1,true,false,1439,,0,,24.99,45022.56,29.2,21.3,13.4,42,13
2380,20240825,2024,34.9,true,false,2374,,0,,24.41,44997.81,28.2,20.25,12.3,348,17.4
2381,20240825,2024,35.6,true,false,2650,,0,,24.7,45047.44,27.4,19.95,12.5,45,15
2382,20240825,2024,38.5,true,false,3254,,0,,24.35,44948.68,29.6,21.9,14.2,6,19.4
2383,20240825,2024,31.7,true,false,653,,0,,24.62,44997.81,27.5,20.4,13.3,44,12.6
2384,20240825,2024,35.6,true,false,2062,,0,,24.54,44948.68,31.1,22.6,14.1,61,15.9
2385,20240825,2024,31,true,false,1673,,0,,24.69,44956.84,26,18.5,11,63,11.2
2386,20240825,2024,38.2,true,false,2091,,0,,24.84,44679.13,33.4,25.799999999999997,18.2,313,19.5
2387,20240825,2024,32,true,false,1917,,0,,24.31,44973.19,28.2,20.3,12.4,4,14.6
2388,20240825,2024,49.7,true,false,309,,0,,24.92,44932.42,26.2,19.65,13.1,81,18.8
2389,20240825,2024,49,true,false,232,,0,,24.65,44772.63,23,18.95,14.9,356,25.2
2390,20240825,2024,39.6,true,false,1167,,0,,25.1,44804.19,29.6,20.700000000000003,11.8,340,18.8
2391,20240825,2024,35.3,true,false,63,,0,,24.77,44973.19,27.9,19.799999999999997,11.7,41,14.4
2392,20240825,2024,27.7,true,false,1546,,0,,24.99,44749.1,33.5,26.2,18.9,319,12.9
2393,20240825,2024,35.3,true,false,2845,,0,,24.77,44973.19,28,19.9,11.8,41,14.4
2394,20240825,2024,38.2,true,false,46,,0,,25.38,44557,28,22.2,16.4,336,18.9
2395,20240825,2024,46.8,true,false,440,,0,,24.76,45022.56,25.2,17.35,9.5,359,18.5
2396,20240825,2024,35.3,true,false,335,,0,,24.67,44932.42,29.3,20.95,12.6,41,16.3
2397,20240825,2024,35.6,true,false,876,,0,,24.7,45047.44,27.4,19.95,12.5,45,15
2398,20240825,2024,32,true,false,2834,,0,,24.31,44973.19,28.6,20.700000000000003,12.8,4,14.6
2399,20240825,2024,36.4,true,false,2571,,0,,24.55,45039.13,27.7,20.05,12.4,15,15.7
1239,20240826,2024,24.1,true,false,1558,,0,,22.72,44783.48,32.7,24.6,16.5,9,11.6
1271,20240826,2024,23,true,false,3194,,0,,22.1,44791.23,31.7,23.6,15.5,37,9.4
1303,20240826,2024,19.8,true,false,899,,0,,22.85,44853.7,29,20.35,11.7,329,8.3
1836,20240826,2024,22,true,false,1295,,0,,22.68,44806.77,30.2,21.9,13.6,52,6.8
2400,20240826,2024,32.4,true,false,555,,0,,21.98,44775.74,25.7,19.2,12.7,64,13.1
2401,20240826,2024,41,true,false,555,,0,,21.81,44783.48,28.2,21.65,15.1,90,15.5
2402,20240826,2024,20.9,true,false,1670,,0,,23.04,44861.57,29.9,21.25,12.6,350,8.4
2403,20240826,2024,26.6,true,false,2063,,0,,23.17,44869.44,27.9,19.299999999999997,10.7,3,10
2404,20240826,2024,26.6,true,false,1118,,0,,23.17,44869.44,28,19.4,10.8,3,10
2405,20240826,2024,28.1,true,false,3062,,0,,21.81,43378.51,30.4,23,15.6,75,13.4
2406,20240826,2024,24.1,true,false,1176,,0,,21.96,44814.56,31,22.65,14.3,86,11.8
2407,20240826,2024,31,true,false,319,,0,,21.8,41766.61,30.1,23.05,16,38,14.2
2408,20240826,2024,27,true,false,305,,0,,21.78,44044.99,31.9,23.95,16,112,11.8
2409,20240826,2024,19.4,true,false,2955,,0,,22.89,44814.55,31.3,22.8,14.3,39,7.3
2410,20240826,2024,26.6,true,false,2063,,0,,23.17,44869.44,27.8,19.25,10.7,3,10
2411,20240826,2024,29.5,true,false,1470,,0,,24.61,44490.45,35.5,26.5,17.5,267,13.6
2412,20240826,2024,34.6,true,false,1087,,0,,23.56,44653.6,30.9,23,15.1,328,17.4
2413,20240826,2024,25.6,true,false,1394,,0,,23.27,44861.57,30.6,22.6,14.6,1,10.5
2414,20240826,2024,33.1,true,false,1266,,0,,22.27,40020.7,26,20.3,14.6,316,15.9
2415,20240826,2024,28.1,true,false,1753,,0,,22.2,44822.36,29.5,21.45,13.4,79,13.1
2416,20240826,2024,32.4,true,false,2012,,0,,21.7,43375.89,31.2,24.049999999999997,16.9,67,14.4
2417,20240826,2024,29.2,true,false,84,,0,,22.77,44838,31.4,25.299999999999997,19.2,88,13.7
2418,20240826,2024,27,true,false,52,,0,,24.65,44446.86,35.6,26.25,16.9,254,14.3
2419,20240826,2024,26.6,true,false,1059,,0,,24.51,42890.09,35.9,26.049999999999997,16.2,278,14.4
2420,20240826,2024,28.8,true,false,131,,0,,23.38,44646.07,34.3,26.75,19.2,322,14
2421,20240826,2024,28.1,true,false,1895,,0,,22.2,44822.36,31,22.95,14.9,79,13.1
2422,20240826,2024,32,true,false,653,,0,,23.37,44845.84,28,22.15,16.3,78,13.1
2423,20240826,2024,24.1,true,false,1923,,0,,21.96,44814.56,31.8,23.45,15.1,86,11.8
2424,20240826,2024,35.6,true,false,538,,0,,21.61,44783.48,32.3,25.549999999999997,18.8,92,14.4
2425,20240826,2024,27.4,true,false,188,,0,,24.61,43772.28,35.8,26.2,16.6,273,13.8
2426,20240826,2024,22.7,true,false,2644,,0,,23.15,44638.55,35,27.3,19.6,327,11.7
2427,20240826,2024,41.4,true,false,2829,,0,,24.04,43449.01,31.6,24.25,16.9,344,21.2
2428,20240826,2024,28.1,true,false,681,,0,,21.87,43835.2,31,23.45,15.9,52,12.6
2429,20240826,2024,27,true,false,54,,0,,24.63,44446.86,34.5,25.8,17.1,246,12.4
2430,20240826,2024,25.6,true,false,1394,,0,,23.27,44861.57,30.7,22.7,14.7,1,10.5
1240,20240827,2024,37.8,true,false,1558,,0,,24.16,42077.22,34.8,25.549999999999997,16.3,277,16.3
1272,20240827,2024,42.1,true,false,3194,,0,,24.51,43337.4,31.1,24.05,17,268,17.6
1304,20240827,2024,28.8,true,false,899,,0,,24.07,44145.25,25,18.4,11.8,289,12.5
1837,20240827,2024,33.5,true,false,1295,,0,,24.35,42809.79,31.5,24.5,17.5,252,14.4
2431,20240827,2024,36.4,true,false,1570,,0,,24.12,42424.44,31.4,22.799999999999997,14.2,253,14.3
2432,20240827,2024,32.8,true,false,675,,0,,24.61,44655.6,24.6,18.55,12.5,288,11.1
2433,20240827,2024,28.1,true,false,85,,0,,24.53,44700.23,25.1,20.85,16.6,245,10.2
2434,20240827,2024,32.8,true,false,2078,,0,,23.89,44311.59,23.7,18.3,12.9,307,13.5
2435,20240827,2024,33.5,true,false,1841,,0,,24.04,44604.07,24.1,19.9,15.7,332,15.3
2436,20240827,2024,34.9,true,false,61,,0,,24.87,44677.86,26.9,21.299999999999997,15.7,247,13.4
2437,20240827,2024,30.2,true,false,2527,,0,,24.93,44626.09,23.6,18.3,13,287,11.1
2438,20240827,2024,27.4,true,false,1616,,0,,24.32,43315.91,32,23.55,15.1,286,14
2439,20240827,2024,31,true,false,371,,0,,23.99,44663.01,23.9,18.85,13.8,259,13.8
2440,20240827,2024,37.8,true,false,43,,0,,23.96,44019.36,24.6,19.9,15.2,335,18.6
2441,20240827,2024,33.5,true,false,917,,0,,25.07,44531.44,33.5,26.95,20.4,255,13.8
2442,20240827,2024,32.4,true,false,301,,0,,24.98,44452.82,30.6,24.3,18,256,14.8
2443,20240827,2024,29.5,true,false,2854,,0,,24.53,43921.09,31.9,25.35,18.8,260,14.4
2444,20240827,2024,42.1,true,false,3020,,0,,24.22,42707.79,29.1,22.8,16.5,328,23
2445,20240827,2024,33.8,true,false,555,,0,,24.84,44633.45,24.2,18.9,13.6,271,12.4
2446,20240827,2024,45,true,false,53,,0,,22.32,41719.88,36.2,28.05,19.9,258,21.2
2447,20240827,2024,32.4,true,false,523,,0,,24.72,44670.43,28.4,22.15,15.9,284,13.1
2448,20240827,2024,33.8,true,false,523,,0,,24.83,44670.43,26,20.6,15.2,272,12
2449,20240827,2024,32.8,true,false,2078,,0,,23.89,44311.59,22.2,16.8,11.4,307,13.5
2450,20240827,2024,37.8,true,false,381,,0,,24.58,44429.45,31.5,23.05,14.6,306,20.4
2451,20240827,2024,31.3,true,false,310,,0,,24.74,44633.45,25,19.9,14.8,264,12
2452,20240827,2024,40,true,false,393,,0,,24.62,44417.5,32.7,23.5,14.3,306,20.6
1241,20240828,2024,34.9,true,false,1558,,0,,24.4,44482.42,34.1,24.1,14.1,252,14.8
1273,20240828,2024,38.2,true,false,3194,,0,,24.66,44489.41,31.4,23.4,15.4,273,16.6
1305,20240828,2024,35.6,true,false,899,,0,,22.47,44454.72,26.2,19.15,12.1,320,15
1838,20240828,2024,31,true,false,1295,,0,,24.36,44503.43,30.1,21.3,12.5,264,13
2453,20240828,2024,29.2,true,false,1173,,0,,24.54,44524.54,29.6,22.15,14.7,269,12.5
2454,20240828,2024,31.7,true,false,2646,,0,,23.46,42805.29,28.6,21.1,13.6,248,13.4
2455,20240828,2024,36,true,false,361,,0,,23.16,42865.41,25,18.85,12.7,282,16.5
2456,20240828,2024,37.8,true,false,1367,,0,,22.61,42623.77,24.5,18.95,13.4,291,18.1
2457,20240828,2024,34.6,true,false,355,,0,,23.5,43390.49,26.4,19.299999999999997,12.2,264,15.2
2458,20240828,2024,35.6,true,false,291,,0,,24.18,44304.3,31,23.05,15.1,274,18.6
2459,20240828,2024,33.1,true,false,61,,0,,24.26,44531.6,26.7,19.5,12.3,254,13
2460,20240828,2024,40.7,false,false,1259,,0.1,,22.15,40471.12,25,19.4,13.8,312,21.5
2461,20240828,2024,36.4,true,false,161,,0,,23.4,44236.58,27.4,20.549999999999997,13.7,240,18.1
2462,20240828,2024,41.8,true,false,2078,,0,,22.24,43642,25.3,18.2,11.1,352,17.7
2463,20240828,2024,34.9,true,false,2232,,0,,24.41,44545.76,30.4,22.4,14.4,273,15.3
2464,20240828,2024,36.4,true,false,561,,0,,24.67,44482.42,24.8,17.55,10.3,282,14.1
2465,20240828,2024,31,true,false,492,,0,,23.97,44545.76,25.2,19.45,13.7,325,10.8
2466,20240828,2024,29.2,true,false,25,,0,,23.86,43519.88,23.8,17.7,11.6,319,11.3
1242,20240829,2024,34.9,true,false,1558,,0,,21.12,44330.5,32.5,24.75,17,233,14
1274,20240829,2024,42.5,true,false,3194,,0,,22.24,44337.12,30.6,23.6,16.6,269,17
1306,20240829,2024,26.6,false,false,899,,0.1,,22.11,44338.16,26.4,20.049999999999997,13.7,322,9.7
1839,20240829,2024,38.5,true,false,1295,,0,,21.95,44350.37,29.9,22.4,14.9,269,17.6
2467,20240829,2024,36,true,false,356,,0,,20.61,42172.38,26.3,21.05,15.8,252,15.5
2468,20240829,2024,51.8,true,false,1083,,0,,19.47,35090.03,22.6,18.85,15.1,323,25.8
2469,20240829,2024,32,false,false,2063,,0.1,,21.81,43804.82,26.5,20.8,15.1,355,12.6
2470,20240829,2024,33.8,true,false,1712,,0,,22.03,44169.84,30.7,22.75,14.8,265,13.3
2471,20240829,2024,32.8,false,false,1973,,0.5,,19.81,31987.37,29.1,23.25,17.4,302,15.5
2472,20240829,2024,36.7,false,false,1351,,0.1,,22.32,44323.91,28.2,21.4,14.6,283,17.6
2473,20240829,2024,34.6,true,false,3023,,0,,21.14,42995.25,27.3,21.4,15.5,1,15.2
2474,20240829,2024,34.6,true,false,2068,,0,,23.98,42010.36,28,20.9,13.8,311,15.8
2475,20240829,2024,24.1,false,false,1670,,0.1,,22.05,44071.65,27.9,21.65,15.4,346,10.5
2476,20240829,2024,34.9,true,false,1965,,0,,20.64,40366.18,26.1,20.85,15.6,252,14.9
2477,20240829,2024,31,true,false,146,,0,,23.93,44245.47,29.5,23.5,17.5,177,14.3
2478,20240829,2024,34.6,true,false,374,,0,,18.27,30343.22,25.5,20.8,16.1,238,15.3
2479,20240829,2024,29.9,true,false,1209,,0,,22.96,44317.31,28.2,21.25,14.3,261,12.7
2480,20240829,2024,34.2,true,false,126,,0,,21.46,44410.52,25,20.2,15.4,102,14.6
2481,20240829,2024,36,true,false,1648,,0,,18.07,30261.59,26.2,21.2,16.2,243,16.6
2482,20240829,2024,34.2,true,false,2000,,0,,21.29,43572.9,28.1,22.1,16.1,1,14.8
1243,20240830,2024,25.6,true,false,1558,,0,,22.19,44177.8,32.2,25.200000000000003,18.2,322,11.2
1275,20240830,2024,38.9,true,false,3194,,0,,22.2,42622.75,31.5,25.25,19,272,16.6
1307,20240830,2024,24.1,true,false,899,,0,,21.39,44234.2,27.4,20.75,14.1,326,9.1
1840,20240830,2024,26.3,true,false,1295,,0,,22.64,44196.52,30.6,22.950000000000003,15.3,354,11.1
2483,20240830,2024,29.5,true,false,827,,0,,20.92,44253.16,26.8,20.1,13.4,5,12.4
2484,20240830,2024,32.8,true,false,63,,0,,21.69,43988.88,27.5,20.9,14.3,299,14.1
2485,20240830,2024,41,true,false,2683,,0,,21.38,39637.38,25.2,20.85,16.5,319,22.3
2486,20240830,2024,25.2,true,false,2611,,0,,23.08,43928.99,32.3,24.65,17,303,13.2
2487,20240830,2024,32.4,true,false,1124,,0,,21.43,43548.96,27.4,20.7,14,282,13.5
2488,20240830,2024,24.5,true,false,3214,,0,,22.46,44177.8,31,23.85,16.7,294,10.1
2489,20240830,2024,29.5,true,false,827,,0,,20.92,44253.16,27.7,20.95,14.2,5,12.4
2490,20240830,2024,32.4,true,false,1254,,0,,22.29,44161.47,27.2,21.05,14.9,305,14.6
2491,20240830,2024,25.2,true,false,141,,0,,22.77,44097.67,31.5,24.05,16.6,295,11
2492,20240830,2024,22.3,true,false,2729,,0,,21.17,44240.5,28.9,22.75,16.6,7,8.7
2493,20240830,2024,22.3,true,false,2217,,0,,21.17,44240.5,26.8,20.65,14.5,7,8.7
2494,20240830,2024,30.6,true,false,319,,0,,22.36,44187.21,27.1,21,14.9,294,13
2495,20240830,2024,31,true,false,1643,,0,,21.64,38530.01,31,23.9,16.8,268,17
1244,20240831,2024,34.6,true,false,1558,,0,,18.82,33722.22,32.8,25.45,18.1,263,16.2
1276,20240831,2024,40.3,false,false,3194,,0.4,,17.94,32576.93,30.4,24.9,19.4,274,17
1308,20240831,2024,29.5,false,false,899,,0.1,,17.43,34724.5,24.9,19.9,14.9,244,11.8
1841,20240831,2024,34.6,true,false,1295,,0,,16.67,27059.46,29.3,23.3,17.3,277,14.9
2496,20240831,2024,35.3,false,false,555,,0.5,,19.58,38908.43,24.9,20.15,15.4,274,13.1
2497,20240831,2024,32,true,false,326,,0,,17.86,31099.08,22.5,19.2,15.9,206,14.8
2498,20240831,2024,40.3,false,false,2865,,0.1,,19.89,42439.28,30.5,23.7,16.9,236,17.4
2499,20240831,2024,36.7,true,false,1236,,0,,21.81,42053.14,31,24.1,17.2,303,17.3
2500,20240831,2024,37.8,false,false,561,,0.9,,19,38673.23,24.4,19.549999999999997,14.7,281,14.5
2501,20240831,2024,32.4,false,false,492,,1.5,,15.51,30710.27,23.9,20.4,16.9,277,11.5
2502,20240831,2024,31.3,true,false,2215,,0,,18.86,30758.54,25.2,20.5,15.8,228,13
2503,20240831,2024,27.7,false,false,2729,,0.4,,16.21,31402.42,26.7,21.9,17.1,269,9.8
2504,20240831,2024,31.7,true,false,305,,0,,19,31081.13,27,21.75,16.5,238,14.2
2505,20240831,2024,29.5,false,false,827,,0.6,,16.46,29196.65,24.7,20.4,16.1,313,12
2506,20240831,2024,31.7,false,false,512,,0.5,,15.21,26248.76,25.2,20.75,16.3,276,13.4
2507,20240831,2024,31,true,false,319,,0,,18.63,28915.89,25.1,20.450000000000003,15.8,214,12.3
2508,20240831,2024,30.6,false,false,599,,0.1,,16.01,29070.49,27.4,21.799999999999997,16.2,43,14
1245,20240901,2024,38.2,true,false,1558,,0,,21.91,42862.22,31.1,24.05,17,274,17.3
1277,20240901,2024,47.9,true,false,3194,,0,,22.4,41887,28.7,22.95,17.2,262,20.8
1309,20240901,2024,34.2,true,false,899,,0,,20.06,34759.53,24.4,19.95,15.5,288,14.3
1842,20240901,2024,38.5,true,false,1295,,0,,21.62,41648.27,29.4,22.6,15.8,270,16.9
1246,20240902,2024,34.9,false,false,1558,,0.2,,20.84,42902.02,30.1,23.4,16.7,308,15.2
1278,20240902,2024,45.4,true,false,3194,,0,,21.25,43589.12,28.5,22.55,16.6,268,19.8
1310,20240902,2024,55.4,true,false,899,,0,,16.66,32113.86,22.4,18.9,15.4,348,24.5
1843,20240902,2024,41.4,false,false,1295,,0.3,,20.36,42620.76,27.4,21.2,15,325,19.2
1247,20240903,2024,30.6,true,false,1558,,0,,14.6,37466.09,28.1,21.8,15.5,349,14.4
1279,20240903,2024,31,true,false,3194,,0,,16,39750.15,29,22.8,16.6,35,12.4
1311,20240903,2024,46.4,true,false,899,,0,,22.65,43603.48,23.7,18.05,12.4,1,20.5
1844,20240903,2024,31.7,true,false,1295,,0,,18.49,42934.03,26,19.35,12.7,354,14.6
476,20240904,2024,40.3,true,false,743,,0,,23.35,43286.11,24.9,19.25,13.6,27,20.4
477,20240904,2024,33.8,true,false,1047,,0,,22.82,42417.56,27.8,20.9,14,21,17.6
1248,20240904,2024,32,true,false,1558,,0,,22.88,42755.55,28.9,22.5,16.1,360,14.4
1280,20240904,2024,31.7,true,false,3194,,0,,23.14,43410.24,29.2,23.1,17,30,13.8
1312,20240904,2024,48.2,true,false,899,,0,,22.81,43301.51,24.2,17.7,11.2,3,21.3
1845,20240904,2024,37.8,true,false,1295,,0,,22.91,43220.58,26.2,19.05,11.9,352,18.2
675,20240905,2024,46.8,true,false,246,,0,,20.46,41619.12,23.4,17.5,11.6,328,24.2
676,20240905,2024,35.3,true,false,184,,0,,23,42531.51,31.8,24.4,17,305,19
677,20240905,2024,44.6,true,false,2223,,0,,18.56,41194.91,23.8,18.6,13.4,346,22.7
678,20240905,2024,41.8,true,false,72,,0,,18.52,41197.42,23,17.9,12.8,351,21.1
679,20240905,2024,38.9,true,false,3053,,0,,23.72,42580.03,31.7,25.75,19.8,343,24.6
680,20240905,2024,41.8,true,false,2481,,0,,18.66,41370.74,18.6,14,9.4,16,14.5
681,20240905,2024,39.2,true,false,177,,0,,23.12,42022.05,31,23.75,16.5,322,20.2
682,20240905,2024,49.7,true,false,2012,,0,,18.41,41198.94,24,19.1,14.2,343,24.9
683,20240905,2024,30.6,true,false,69,,0,,18.69,41150.89,22.2,16.95,11.7,22,13.5
684,20240905,2024,54.7,true,false,422,,0,,23.31,42155.19,26.4,21.25,16.1,347,27.7
685,20240905,2024,34.9,true,false,2544,,0,,18.03,40563.72,20.5,16.15,11.8,13,13.3
1249,20240905,2024,32,true,false,1558,,0,,17.59,35923.8,25,20.3,15.6,349,14.8
1281,20240905,2024,28.4,true,false,3194,,0,,17.67,40523.23,25.8,20.1,14.4,12,12
1313,20240905,2024,50,true,false,899,,0,,18.96,40306.28,20.5,16.35,12.2,352,21.7
1846,20240905,2024,40.7,true,false,1295,,0,,17.49,38217.58,22,16.75,11.5,352,18.2
966,20240906,2024,42.1,true,false,2283,,0,,22.86,42627.74,24.2,18.5,12.8,332,22.2
967,20240906,2024,41.8,true,false,3043,,0,,23.43,42323.96,25.2,19.4,13.6,323,19.7
968,20240906,2024,36,true,false,2987,,0,,23.56,42463.15,24.8,19.3,13.8,325,16.6
1250,20240906,2024,36,true,false,1558,,0,,13.03,31987.24,20.3,15.65,11,294,15.1
1282,20240906,2024,37.8,false,false,3194,,0.1,,11.87,25033.6,19.7,15.3,10.9,266,15.9
1314,20240906,2024,33.8,false,false,899,,7,,10.32,17825.34,15.9,11.75,7.6,241,13.7
1847,20240906,2024,41.8,true,false,1295,,0,,12.41,30451.75,17.7,12.649999999999999,7.6,263,18.9
1251,20240907,2024,31,false,false,1558,,0.2,,16.55,41339.18,25.1,18.25,11.4,226,12.3
1283,20240907,2024,35.6,false,false,3194,,0.1,,17.04,30620.75,24,18.25,12.5,263,14.4
1315,20240907,2024,29.9,false,false,899,,9.4,,15.58,30486.08,19.7,15,10.3,218,11.5
1316,20240907,2024,25.6,true,false,288,,0,,22.37,42161.93,27,19.95,12.9,290,13.5
1317,20240907,2024,40.3,true,false,1638,,0,,22.95,41851.59,25,19.15,13.3,324,21
1318,20240907,2024,29.5,true,false,1147,,0,,21.31,36000.71,27.4,20.799999999999997,14.2,338,11.3
1848,20240907,2024,33.5,false,false,1295,,0.2,,17.81,35793.87,21.6,15.850000000000001,10.1,242,13.7
1849,20240908,2024,32.4,true,false,1295,,0,,22.29,42029.16,24.1,16.700000000000003,9.3,290,14.3
1853,20240908,2024,35.3,true,false,1898,,0,,20.73,42056.34,20.7,15.3,9.9,339,13.1
1854,20240908,2024,37.8,true,false,289,,0,,22.81,41899.85,27.1,20.450000000000003,13.8,283,19.4
1855,20240908,2024,32,true,false,2049,,0,,22.38,41063.84,18,11.85,5.7,310,13.5
1856,20240908,2024,34.2,true,false,188,,0,,22.95,41612.27,27.2,20.8,14.4,315,16.3
1857,20240908,2024,52.9,true,false,606,,0,,22.82,42309.24,23.7,16.45,9.2,298,23.7
1858,20240908,2024,41,true,false,2502,,0,,21.81,41528.12,24.5,17.8,11.1,305,19.1
1859,20240908,2024,33.8,true,false,358,,0,,20.86,41203.26,22.6,16.5,10.4,289,15.1
1860,20240908,2024,35.3,true,false,1898,,0,,20.73,42056.34,20.7,15.3,9.9,339,13.1
1861,20240908,2024,39.2,true,false,2114,,0,,22.22,42599.98,23.2,16.15,9.1,311,18.8
1862,20240908,2024,33.5,true,false,3202,,0,,20.66,41899.71,22.5,15.9,9.3,306,15.3
1863,20240908,2024,35.3,true,false,1594,,0,,20.73,42056.34,20.7,15.3,9.9,339,13.1
1864,20240908,2024,31.3,true,false,1995,,0,,21.53,41433.92,19.6,13.3,7,295,13.7
1865,20240909,2024,20.5,true,false,1995,,0,,22.36,42533,22.5,15.7,8.9,347,6.4
3451,20240909,2024,23,true,false,210,,0,,22.64,42163.91,26.4,19.15,11.9,313,9.2
3452,20240909,2024,24.1,true,false,2820,,0,,22.69,42163.68,26,18.7,11.4,315,10.2
3453,20240909,2024,33.5,true,false,740,,0,,22.65,42022.22,29.5,22.3,15.1,342,17.9
3454,20240909,2024,27.7,true,false,1474,,0,,22.22,40926.77,27.1,18.9,10.7,304,15.1
3455,20240909,2024,31.3,true,false,288,,0,,22.66,41198.14,30,22.2,14.4,294,16.9
3456,20240909,2024,42.1,true,false,2625,,0,,21.27,41635.71,21,16.6,12.2,343,22.6
3457,20240909,2024,29.5,true,false,1509,,0,,22.66,42228.03,26,19.45,12.9,275,15.1
3458,20240909,2024,33.1,true,false,618,,0,,21.56,41772.25,25.3,18.35,11.4,353,16.1
3459,20240909,2024,31,true,false,2738,,0,,21.65,41644.94,25.3,18.6,11.9,321,14.8
3460,20240909,2024,27,true,false,322,,0,,21.47,40746.79,24.3,17.75,11.2,330,13
3461,20240909,2024,52.6,true,false,1492,,0,,21.39,37358.22,22,17.45,12.9,333,25.6
3462,20240909,2024,34.2,true,false,1210,,0,,22.16,42544.28,22.3,15.7,9.1,353,13.5
3463,20240909,2024,28.8,true,false,1666,,0,,22.32,41768.32,27,18.9,10.8,318,13.8
1866,20240910,2024,24.1,true,false,1995,,0,,21.84,42223.29,24,17.35,10.7,42,10.5
1867,20240911,2024,40.3,true,false,1995,,0,,20.31,40675.97,21,15.8,10.6,359,17.7
1868,20240912,2024,40,true,false,1995,,0,,13.7,30538.94,20.8,16.8,12.8,353,18.2
4369,20240912,2024,58,true,false,1392,,0,,21.55,40489.89,28.1,22.5,16.9,350,29.9
4370,20240912,2024,43.9,true,false,452,,0,,13.76,31830.92,22.8,17.5,12.2,345,17.7
1869,20240913,2024,48.6,true,false,1995,,0,,22.06,41365.05,20.8,15.7,10.6,78,22.4
3724,20240913,2024,48.2,true,false,1943,,0,,21.92,41341.97,22.1,16.700000000000003,11.3,77,23.9
3725,20240913,2024,49,true,false,2666,,0,,21.52,40967.72,25.7,19.75,13.8,80,24.9
3726,20240913,2024,61.2,true,false,2960,,0,,21.65,41069.32,24.8,18.9,13,83,29.6
3727,20240913,2024,41.4,true,false,504,,0,,22.08,40856.82,19.6,14,8.4,89,18.3
3728,20240913,2024,47.9,true,false,359,,0,,21.61,40964.48,25.3,19.6,13.9,75,22.9
3729,20240913,2024,34.6,true,false,241,,0,,21.3,40223.69,30.5,22.55,14.6,12,18.6
3730,20240913,2024,28.1,true,false,40,,0,,21.81,40476.67,33.8,26.15,18.5,343,14.6
3731,20240913,2024,48.6,true,false,142,,0,,21.74,40988.62,26.8,20.5,14.2,60,22.3
3732,20240913,2024,59,true,true,2043,,0,,21.84,41074.3,26.8,21.25,15.7,59,31.7
3733,20240913,2024,59,true,true,3069,,0,,21.84,41074.3,26.8,21.2,15.6,59,31.7
3734,20240913,2024,38.2,true,false,2277,,0,,21.6,40856.08,29,22.05,15.1,42,19.4
3735,20240913,2024,31.3,true,false,2625,,0,,21.47,40767.44,27.6,21.35,15.1,31,18.8
3736,20240913,2024,28.4,true,false,437,,0,,21.46,40868.12,24.7,17.9,11.1,15,8.9
3737,20240913,2024,28.4,true,false,1525,,0,,21.46,40868.12,24.5,17.7,10.9,15,8.9
3738,20240913,2024,52.6,true,false,823,,0,,21.75,39980.22,28.3,22.950000000000003,17.6,336,29.9
3739,20240913,2024,43.6,true,false,2628,,0,,21.38,40764.9,27.4,21.1,14.8,359,23.7
3740,20240913,2024,42.8,true,false,645,,0,,21.38,40769.67,27.4,21.549999999999997,15.7,45,23.8
3741,20240913,2024,45.4,true,false,111,,0,,22.04,41478.71,21.7,16.3,10.9,72,20.1
3742,20240913,2024,29.5,true,false,3174,,0,,21.41,41063.29,26.6,19.9,13.2,54,13.5
3743,20240913,2024,61.2,true,false,1501,,0,,21.65,41069.32,25.8,19.9,14,83,29.6
3744,20240913,2024,39.6,true,false,1085,,0,,21.42,40761.34,29.3,22.35,15.4,49,19.7
3745,20240913,2024,36.7,true,false,153,,0,,21.3,40569.36,30.6,22.4,14.2,24,19.3
3746,20240913,2024,56.5,true,false,2782,,0,,21.82,41172.3,23.4,17.6,11.8,74,26.8
3747,20240913,2024,45.7,true,false,1917,,0,,21.41,40869.74,25.5,19.45,13.4,71,22.7
3748,20240913,2024,48.6,true,false,612,,0,,22.06,41365.05,20.5,15.45,10.4,78,22.4
3749,20240913,2024,58.7,true,false,1815,,0,,21.73,41065.05,23,17.85,12.7,91,23.5
3750,20240913,2024,32.8,true,false,403,,0,,21.44,40558.65,33.2,24.8,16.4,24,18.6
3751,20240913,2024,34.9,true,false,170,,0,,21.72,40594.93,31.4,23.799999999999997,16.2,32,15
3752,20240913,2024,45,true,false,2403,,0,,21.39,40963.03,26.4,20.25,14.1,67,22.7
3753,20240913,2024,31.3,true,false,867,,0,,21.82,41061.36,25.5,19.4,13.3,85,13.3
3754,20240913,2024,49.7,true,false,341,,0,,21.67,40963.4,25.5,19.85,14.2,71,24.3
3755,20240913,2024,47.9,true,false,360,,0,,21.61,40964.48,24.9,19.25,13.6,75,22.9
3756,20240913,2024,46.8,true,false,543,,0,,21.96,41163.58,22.9,17.25,11.6,92,16.8
3757,20240913,2024,51.1,true,false,3229,,0,,22.01,41164.91,20.4,15.25,10.1,79,18.6
3758,20240913,2024,42.8,true,false,378,,0,,21.38,40769.67,27.4,21.549999999999997,15.7,45,23.8
3759,20240913,2024,45,true,false,2546,,0,,21.88,41093.74,21.4,16.049999999999997,10.7,94,18.4
3760,20240913,2024,43.9,true,false,2861,,0,,21.79,41174.21,21.8,15.850000000000001,9.9,90,21.3
3761,20240913,2024,45,true,false,3102,,0,,21.39,40963.03,26.4,20.25,14.1,67,22.7
3762,20240913,2024,46.4,true,false,563,,0,,21.86,41008.86,24.7,19.25,13.8,72,19.3
3763,20240913,2024,41,true,false,2989,,0,,22.1,41176.84,20,14.25,8.5,70,17.8
3764,20240913,2024,61.2,true,false,2163,,0,,21.65,41069.32,24.8,18.9,13,83,29.6
3765,20240913,2024,38.5,true,false,2917,,0,,21.73,41161.69,22.6,16.6,10.6,70,15.3
3766,20240913,2024,29.2,true,false,93,,0,,21.62,40866.09,23.3,16.8,10.3,58,10
3767,20240913,2024,46.4,true,false,2134,,0,,21.42,40297.55,29.7,22.4,15.1,23,22.9
3768,20240913,2024,47.9,true,false,2549,,0,,21.61,40964.48,26,20.3,14.6,75,22.9
1870,20240914,2024,44.6,true,false,1995,,0,,22.18,41349.25,22.6,15.9,9.2,68,19.7
3769,20240914,2024,52.6,true,false,1998,,0,,21.41,40745.43,26.2,20.75,15.3,59,25.5
3770,20240914,2024,25.9,true,false,1925,,0,,21.99,41326.64,26.6,18.4,10.2,354,11.9
3771,20240914,2024,39.2,true,false,660,,0,,21.94,41168.5,26.1,17.85,9.6,64,14.8
3772,20240914,2024,50,true,false,1329,,0,,21.65,40564.63,28.5,21.05,13.6,53,26.7
3773,20240914,2024,33.1,true,false,2621,,0,,21.78,41036.54,24.4,16.85,9.3,45,12.7
3774,20240914,2024,43.2,true,false,1246,,0,,21.45,40852.53,27.3,20.6,13.9,83,21.6
3775,20240914,2024,40.3,true,false,2798,,0,,21.43,40839.59,27.1,20.4,13.7,97,20.9
3776,20240914,2024,41.4,true,false,1005,,0,,21.32,40291.55,29.9,25,20.1,49,23.6
3777,20240914,2024,61.6,true,false,698,,0,,21.74,41039.59,26.7,20.65,14.6,87,29.4
3778,20240914,2024,38.5,true,false,320,,0,,21.23,40567.86,29.8,22.85,15.9,58,21.9
3779,20240914,2024,31.7,true,false,1848,,0,,21.56,40857.5,25.3,17.35,9.4,80,14.9
3780,20240914,2024,44.6,true,false,2578,,0,,21.87,40813.04,26.2,18.65,11.1,55,24.7
3781,20240914,2024,49,true,false,356,,0,,21.45,40852.05,27.8,21.1,14.4,79,24.1
3782,20240914,2024,37.8,true,false,3015,,0,,21.37,40497.07,27,20.8,14.6,127,18.1
3783,20240914,2024,58.7,true,false,335,,0,,21.59,40953.95,26.3,19.4,12.5,95,23.9
3784,20240914,2024,49.7,true,false,1667,,0,,21.2,40370.46,30.4,24.049999999999997,17.7,52,29.2
3785,20240914,2024,49,true,false,363,,0,,21.45,40852.05,27,20.35,13.7,79,24.1
3786,20240914,2024,32.4,true,false,1161,,0,,21.83,41039.58,24.2,16.2,8.2,63,13.9
3787,20240914,2024,46.8,true,false,1943,,0,,22,41321.62,24.6,16.6,8.6,68,24.2
3788,20240914,2024,43.6,true,false,3160,,0,,21.18,40547.19,30.1,24.700000000000003,19.3,86,23.4
3789,20240914,2024,42.5,true,false,1788,,0,,21.76,40687.9,27.6,19.700000000000003,11.8,70,21.3
3790,20240914,2024,49,true,false,341,,0,,21.45,40852.05,27.8,21.1,14.4,79,24.1
3791,20240914,2024,25.2,true,false,504,,0,,22.32,41362.54,21.5,14.65,7.8,112,11.2
3792,20240914,2024,43.6,true,false,1377,,0,,21.39,40651.28,27.5,21.2,14.9,68,25.6
3793,20240914,2024,39.2,true,false,1695,,0,,21.17,40550.04,31.2,23.95,16.7,39,20.2
3794,20240914,2024,48.2,true,false,319,,0,,21.33,40742.98,27.9,21.5,15.1,84,27.4
3795,20240914,2024,43.9,true,false,543,,0,,21.64,40872.46,25.5,18.3,11.1,99,16.6
3796,20240914,2024,46.1,true,false,2657,,0,,21.29,40124.53,30.1,25.1,20.1,64,26.3
3797,20240914,2024,23,true,false,440,,0,,21.74,41025.55,24,15.45,6.9,32,9.1
3798,20240914,2024,42.1,true,false,1916,,0,,21.44,40840.27,27.5,20.85,14.2,94,21.6
3799,20240914,2024,56.9,true,false,74,,0,,21.68,40956.52,26.2,19.35,12.5,83,27.5
3800,20240914,2024,41,true,false,2403,,0,,21.48,40840.97,27.9,21.35,14.8,89,21.1
3801,20240914,2024,27.7,true,false,2826,,0,,21.63,40960.65,24.5,16.3,8.1,83,10.9
3802,20240914,2024,27.7,true,false,1578,,0,,21.24,40480.91,29.2,22.4,15.6,58,16.2
3803,20240914,2024,52.2,true,false,932,,0,,21.35,40214.41,27.6,22.25,16.9,80,28.5
3804,20240914,2024,46.1,true,false,241,,0,,21.2,40545.94,31,24.3,17.6,98,24.7
3805,20240914,2024,40.3,true,false,2921,,0,,21.62,40858.05,26.5,18.8,11.1,78,20.6
3806,20240914,2024,41,true,false,1225,,0,,21.48,40840.97,27.9,21.35,14.8,89,21.1
3807,20240914,2024,34.2,true,false,305,,0,,21.52,40856.98,26.5,19.1,11.7,88,16.2
3808,20240914,2024,30.2,true,false,164,,0,,21.25,40644.19,30.3,24.200000000000003,18.1,58,15.7
3809,20240914,2024,28.1,true,false,1334,,0,,21.96,41194.24,25.6,17.200000000000003,8.8,25,14.3
3810,20240914,2024,38.5,true,false,380,,0,,21.23,40567.86,29,22.05,15.1,58,21.9
3811,20240914,2024,18.4,true,false,2776,,0,,21.72,41024.79,24.9,16.25,7.6,30,7.2
3812,20240914,2024,40.3,true,false,1895,,0,,21.62,40858.05,26.5,18.8,11.1,78,20.6
3813,20240914,2024,40.3,true,false,1040,,0,,21.47,40746.06,26.5,19.9,13.3,54,20.9
3814,20240914,2024,29.2,true,false,133,,0,,21.47,40744.94,28.2,20.8,13.4,32,13.9
3815,20240914,2024,49.7,true,false,2808,,0,,21.2,40370.46,30.4,24.049999999999997,17.7,52,29.2
3816,20240914,2024,45.4,true,false,25,,0,,21.38,40235.5,25.3,18.95,12.6,86,18.7
3817,20240914,2024,23,true,false,1525,,0,,21.74,41025.55,25.2,16.7,8.2,32,9.1
3818,20240914,2024,61.2,true,false,311,,0,,21.62,40959.11,24.7,18.05,11.4,98,24.9
3819,20240914,2024,36,true,false,861,,0,,22.04,41276.71,24.2,16.3,8.4,131,16.4
3820,20240914,2024,61.2,true,false,1776,,0,,21.62,40959.11,24.7,18.05,11.4,98,24.9
3821,20240914,2024,37.1,true,false,3059,,0,,21.48,40937.37,26.5,19.45,12.4,92,18.7
3822,20240914,2024,41,true,false,3102,,0,,21.48,40840.97,27.9,21.35,14.8,89,21.1
3823,20240914,2024,41,true,false,406,,0,,21.28,40029.09,30.2,24.9,19.6,50,22.2
3824,20240914,2024,36,true,false,861,,0,,22.04,41276.71,24.2,16.3,8.4,131,16.4
1871,20240915,2024,34.2,true,false,1995,,0,,22,41021.48,25.8,18.8,11.8,59,15
3825,20240915,2024,28.1,true,false,1139,,0,,21.47,40720.92,29,19.95,10.9,16,12.4
3826,20240915,2024,40.3,true,false,70,,0,,21.62,40819.51,27.8,19.65,11.5,73,18.5
3827,20240915,2024,27.7,true,false,1224,,0,,21.52,40743.06,30.2,20.9,11.6,80,12.6
3828,20240915,2024,35.3,true,false,2679,,0,,21.24,40541.99,30.8,23.65,16.5,36,17.8
3829,20240915,2024,37.1,true,false,126,,0,,21.93,41238.49,25.5,17.8,10.1,78,17.6
3830,20240915,2024,37.8,true,false,2530,,0,,21.27,40449.08,31.2,23.55,15.9,344,19.4
3831,20240915,2024,35.6,true,false,3254,,0,,21.37,40626.65,30,22.65,15.3,67,17.3
3832,20240915,2024,36.7,true,false,3119,,0,,21.41,40354.89,32.5,22.2,11.9,353,18.6
3833,20240915,2024,27.7,true,false,1225,,0,,21.38,40628.65,31.2,21.9,12.6,74,12.6
3834,20240915,2024,29.5,true,false,1917,,0,,21.36,40628.15,30,21.5,13,82,13.7
3835,20240915,2024,34.2,true,false,2063,,0,,21.54,40802.42,26.5,18.6,10.7,21,13.5
3836,20240915,2024,39.2,true,false,1830,,0,,21.82,40919.25,27.3,20.3,13.3,63,17.7
3837,20240915,2024,26.6,true,false,3113,,0,,21.15,40453.09,33.3,25.2,17.1,34,14.1
3838,20240915,2024,30.6,true,false,2795,,0,,21.5,40720.02,30,22,14,78,13.7
3839,20240915,2024,29.5,true,false,1916,,0,,21.36,40628.15,30.8,22.3,13.8,82,13.7
3840,20240915,2024,41.4,true,false,311,,0,,21.57,40742.61,31.1,22.85,14.6,94,18.4
3841,20240915,2024,31.7,true,false,1643,,0,,21.24,40394.42,33.2,26.5,19.8,42,17.8
3842,20240915,2024,28.8,true,false,1176,,0,,21.54,40743.25,30.1,20.8,11.5,70,11.6
3843,20240915,2024,34.2,true,false,2063,,0,,21.54,40802.42,26.2,18.3,10.4,21,13.5
3844,20240915,2024,34.9,true,false,1647,,0,,21.68,40888.98,28,20.2,12.4,25,17.8
3845,20240915,2024,31.7,true,false,2666,,0,,21.47,40722.28,30,21.6,13.2,81,15.5
3846,20240915,2024,28.8,true,false,314,,0,,21.54,40743.25,30.1,20.8,11.5,70,11.6
3847,20240915,2024,26.3,true,false,1387,,0,,21.8,40886.04,28.4,21.2,14,71,9.2
3848,20240915,2024,35.3,true,false,3191,,0,,21.32,40531.46,28.2,22.15,16.1,347,20.6
3849,20240915,2024,40.3,true,false,3243,,0,,21.62,40819.51,29.4,21.25,13.1,73,18.5
3850,20240915,2024,34.2,true,false,359,,0,,21.44,40643.86,29.3,20.75,12.2,71,15.2
3851,20240915,2024,29.9,true,false,974,,0,,21.82,40939.91,29.7,23,16.3,7,15.8
3852,20240915,2024,24.8,true,false,1304,,0,,21.32,40627.64,31.2,21.6,12,33,10.8
3853,20240915,2024,35.3,true,false,912,,0,,21.24,40541.99,31.2,24.049999999999997,16.9,36,17.8
3854,20240915,2024,33.8,true,false,932,,0,,21.33,40542.56,30.1,23.950000000000003,17.8,23,16
3855,20240915,2024,27.7,true,false,3102,,0,,21.38,40628.65,31.2,21.9,12.6,74,12.6
3856,20240915,2024,33.8,true,false,635,,0,,21.28,40542.27,30.1,23.700000000000003,17.3,33,17.1
3857,20240915,2024,27.7,true,false,3178,,0,,21.52,40743.06,31.3,22,12.7,80,12.6
3858,20240915,2024,41.8,true,false,2423,,0,,21.58,40439.64,31.5,23.15,14.8,316,21.2
3859,20240915,2024,26.6,true,false,20,,0,,21.24,40623.77,32.5,23.65,14.8,44,13.1
3860,20240915,2024,27.7,true,false,2119,,0,,21.52,40743.06,30.2,20.9,11.6,80,12.6
3861,20240915,2024,41.4,true,false,2198,,0,,21.55,40439.95,31.6,24,16.4,324,21.1
3862,20240915,2024,35.3,true,false,741,,0,,21.28,40535.15,29.9,21.9,13.9,35,21.9
3863,20240915,2024,27.7,true,false,2312,,0,,21.22,40624.36,27.8,20.6,13.4,42,12.1
3864,20240915,2024,39.2,true,false,277,,0,,21.66,40267.43,31.3,24.450000000000003,17.6,347,22.2
3865,20240915,2024,28.4,true,false,1254,,0,,21.45,40644.38,29.3,20.8,12.3,78,13.3
3866,20240915,2024,23.4,true,false,2865,,0,,21.75,41029.36,28.5,19.65,10.8,44,11.6
3867,20240915,2024,39.2,true,false,260,,0,,21.66,40359.59,31.9,26.049999999999997,20.2,1,20.8
3868,20240915,2024,34.2,true,false,2063,,0,,21.54,40802.42,26,18.15,10.3,21,13.5
3869,20240915,2024,34.2,true,false,359,,0,,21.44,40643.86,28.8,20.25,11.7,71,15.2
3870,20240915,2024,28.8,true,false,73,,0,,21.54,40743.25,28,18.7,9.4,70,11.6
3871,20240915,2024,34.2,true,false,360,,0,,21.44,40643.86,29.4,20.799999999999997,12.2,71,15.2
3872,20240915,2024,27.7,true,false,3178,,0,,21.52,40743.06,31.3,22,12.7,80,12.6
3873,20240915,2024,40.3,true,false,2635,,0,,18.96,39939.12,29.5,24.75,20,190,17.7
3874,20240915,2024,35.6,true,false,349,,0,,21.37,40626.65,30,22.65,15.3,67,17.3
3875,20240915,2024,31.3,true,false,2455,,0,,21.39,40638.13,27.5,20.6,13.7,76,11.6
3876,20240915,2024,26.3,true,false,582,,0,,21.3,40627.25,31.5,21.95,12.4,47,11.5
3877,20240915,2024,32.4,true,false,534,,0,,21.73,40843.38,27.6,21.4,15.2,41,15.1
3878,20240915,2024,18.7,true,false,848,,0,,21.79,41075.88,32.4,21.35,10.3,106,7.6
3879,20240915,2024,30.6,true,false,1040,,0,,21.27,40537.59,30.3,21.7,13.1,21,14.5
3880,20240915,2024,28.1,true,false,2428,,0,,21.47,40720.92,29.8,20.75,11.7,16,12.4
3881,20240915,2024,34.2,true,false,359,,0,,21.44,40643.86,29.2,20.65,12.1,71,15.2
3882,20240915,2024,35.6,true,false,356,,0,,21.46,40720.49,30.2,21.65,13.1,71,16.4
3883,20240915,2024,41.8,true,false,877,,0,,21.62,40784.53,29.8,22.6,15.4,62,23.6
3884,20240915,2024,28.8,true,false,324,,0,,21.44,40644.13,30,21.45,12.9,74,13
3885,20240915,2024,33.8,true,false,61,,0,,21.87,40949.11,28.4,19.45,10.5,57,13.1
3886,20240915,2024,33.1,true,false,1703,,0,,21.39,40513.23,30.8,23.9,17,31,15.1
3887,20240915,2024,28.4,true,false,1131,,0,,21.43,40817.87,29.6,21.05,12.5,58,11.4
3888,20240915,2024,32,true,false,543,,0,,21.68,40816.63,26.8,20.45,14.1,93,12.4
3889,20240915,2024,41.4,true,false,1831,,0,,21.57,40742.61,29.6,21.35,13.1,94,18.4
3890,20240915,2024,34.2,true,false,341,,0,,21.44,40643.86,30.2,21.65,13.1,71,15.2
3891,20240915,2024,27.7,true,false,1740,,0,,21.52,40743.06,30.2,20.9,11.6,80,12.6
3892,20240915,2024,28.1,true,false,94,,0,,21.47,40720.92,28.4,19.35,10.3,16,12.4
3893,20240915,2024,28.1,true,false,1139,,0,,21.47,40720.92,29.1,20,10.9,16,12.4
3894,20240915,2024,37.1,true,false,325,,0,,21.28,40625.13,31.2,23.45,15.7,73,20.2
1872,20240916,2024,52.2,true,false,1995,,0,,21.74,40838.58,27.1,20.75,14.4,69,23.8
3895,20240916,2024,25.2,true,false,94,,0,,21.25,40445.21,30.9,21.2,11.5,39,10.2
3896,20240916,2024,46.1,true,false,2328,,0,,22.09,40739.91,29.4,21.7,14,64,24.5
3897,20240916,2024,41.8,true,false,73,,0,,21.57,40545.33,29.5,19.55,9.6,77,19.8
3898,20240916,2024,34.6,true,false,2820,,0,,22.05,41060.72,29,20.9,12.8,49,17.7
3899,20240916,2024,52.9,true,false,349,,0,,21.53,40445.34,30.5,23.85,17.2,80,27
3900,20240916,2024,43.6,true,false,1740,,0,,21.61,40477.01,31.6,22.75,13.9,84,21.3
3901,20240916,2024,23,true,false,2063,,0,,21.25,40519.16,27.8,18.4,9,32,8.8
3902,20240916,2024,25.2,true,false,2428,,0,,21.25,40445.21,31.8,22.1,12.4,39,10.2
3903,20240916,2024,41.8,true,false,2223,,0,,21.57,40545.33,31.5,21.55,11.6,77,19.8
3904,20240916,2024,41.4,true,false,1390,,0,,21.54,40247.3,34.5,27.15,19.8,30,23.7
3905,20240916,2024,53.3,true,false,534,,0,,21.99,40672.61,26.5,20.1,13.7,59,19.1
3906,20240916,2024,51.5,true,false,3034,,0,,21.49,40445.36,29.8,23,16.2,86,23.8
3907,20240916,2024,41,true,false,1775,,0,,21.47,40351.5,32.5,25.5,18.5,60,20.5
3908,20240916,2024,40.3,true,false,813,,0,,21.62,40373.66,31.4,24.35,17.3,107,17.9
3909,20240916,2024,44.3,true,false,1464,,0,,21.33,40353.92,33.4,25.049999999999997,16.7,76,22.6
3910,20240916,2024,70.2,true,false,3250,,0,,21.8,40637.42,30,23.6,17.2,93,28.2
3911,20240916,2024,59,true,false,3243,,0,,21.53,40636.68,30.9,23.549999999999997,16.2,79,27.4
3912,20240916,2024,54.7,true,true,1493,,0,,21.37,40349.67,31.4,24.65,17.9,71,31.4
3913,20240916,2024,61.6,true,false,61,,0,,21.72,40838.82,29,21.3,13.6,61,23.8
3914,20240916,2024,36.7,true,false,2271,,0,,21.21,40354.05,32.6,25.1,17.6,72,18.2
3915,20240916,2024,45.4,true,false,524,,0,,21.56,40846.97,27.3,19.25,11.2,99,19.8
3916,20240916,2024,65.5,true,true,1020,,0,,21.61,40367.27,32,26.8,21.6,91,34.9
3917,20240916,2024,54,true,false,2215,,0,,21.44,40353.57,32.3,25.45,18.6,78,28.6
3918,20240916,2024,69.1,true,false,3250,,0,,21.78,40577.88,29,22.5,16,98,27.2
3919,20240916,2024,46.4,true,false,378,,0,,21.4,40349.64,32.7,26.1,19.5,62,28.2
3920,20240916,2024,38.9,true,false,2514,,0,,21.36,40259.58,34.5,26,17.5,50,20.6
3921,20240916,2024,60.1,true,false,1830,,0,,21.63,40736.34,28.6,22.3,16,72,27.3
3922,20240916,2024,54,true,false,2215,,0,,21.44,40353.57,32.3,25.45,18.6,78,28.6
3923,20240916,2024,54.7,true,true,1650,,0,,21.37,40349.67,32.3,25.549999999999997,18.8,71,31.4
3924,20240916,2024,47.2,true,false,3129,,0,,21.51,40445.31,29.1,22.05,15,66,22.6
3925,20240916,2024,37.4,true,false,34,,0,,20.92,39935.85,35.2,27.25,19.3,342,20
3926,20240916,2024,58,true,true,2342,,0,,22.06,40682.97,31.1,24.3,17.5,62,31.3
3927,20240916,2024,47.2,true,false,1256,,0,,21.51,40445.31,29.9,22.799999999999997,15.7,66,22.6
3928,20240916,2024,56.5,true,false,2326,,0,,21.63,40736.55,31,22.8,14.6,68,26.1
3929,20240916,2024,49,true,false,3000,,0,,21.56,40260.96,33.8,25.4,17,59,29.2
3930,20240916,2024,33.1,true,false,385,,0,,21.4,40094.11,36.5,28.1,19.7,45,15.4
3931,20240916,2024,42.5,true,false,1339,,0,,21.52,40539.73,31.3,22.6,13.9,84,20.9
3932,20240916,2024,64.1,true,true,3081,,0,,22,40579.39,32,25.1,18.2,50,34.6
3933,20240916,2024,46.4,true,false,2316,,0,,21.4,40349.64,32.7,26.1,19.5,62,28.2
3934,20240916,2024,50.8,true,false,2479,,0,,21.62,40736.73,29.5,19.85,10.2,72,21.1
3935,20240916,2024,23,true,false,1898,,0,,21.25,40519.16,28.6,19.200000000000003,9.8,32,8.8
3936,20240916,2024,54,true,false,1367,,0,,21.44,40353.57,32.3,25.45,18.6,78,28.6
3937,20240916,2024,52.9,true,false,349,,0,,21.53,40445.34,30.5,23.85,17.2,80,27
3938,20240916,2024,49.7,true,false,1367,,0,,21.38,40353.49,33,25.8,18.6,68,25.1
3939,20240916,2024,54,true,false,2589,,0,,21.44,40353.57,32.3,25.45,18.6,78,28.6
3940,20240916,2024,70.2,true,false,1035,,0,,21.8,40637.42,31.5,25.1,18.7,93,28.2
3941,20240916,2024,54.7,true,false,341,,0,,21.61,40539.86,31.5,23.55,15.6,79,26.6
3942,20240916,2024,56.9,true,true,1126,,0,,21.52,40348.74,33.7,26.150000000000002,18.6,66,31.8
3943,20240916,2024,60.8,true,false,1224,,0,,21.64,40477.18,31.5,23.3,15.1,88,27.6
3944,20240916,2024,26.3,true,false,929,,0,,21.17,40354.07,32.8,23.65,14.5,67,12.6
3945,20240916,2024,58,true,false,1389,,0,,21.64,40539.91,31.7,23.8,15.9,77,28.2
3946,20240916,2024,56.5,true,false,63,,0,,21.63,40736.55,28.5,20.3,12.1,68,26.1
3947,20240916,2024,54.7,true,false,1965,,0,,21.61,40539.86,30.9,22.9,14.9,79,26.6
3948,20240916,2024,43.6,true,false,305,,0,,21.61,40477.01,31.6,22.75,13.9,84,21.3
3949,20240916,2024,40.7,true,false,2501,,0,,21.45,40349.58,33.4,26.7,20,58,25
3950,20240916,2024,40.7,true,false,20,,0,,21.42,40279.59,32.7,25.55,18.4,66,20.9
3951,20240916,2024,25.2,true,false,1185,,0,,21.25,40445.21,30.1,20.4,10.7,39,10.2
3952,20240916,2024,54,true,false,2215,,0,,21.44,40353.57,32.3,25.45,18.6,78,28.6
3953,20240916,2024,49.7,true,false,320,,0,,21.38,40353.49,32.5,25.25,18,68,25.1
3954,20240916,2024,51.5,true,false,984,,0,,21.49,40445.36,29.9,23.1,16.3,86,23.8
3955,20240916,2024,55.1,true,true,319,,0,,21.44,40353.69,32.2,25.85,19.5,86,30.2
3956,20240916,2024,43.6,true,false,1076,,0,,21.41,40816.5,28,18.6,9.2,102,20.5
3957,20240916,2024,38.9,true,false,1987,,0,,22.18,40809.93,30.1,21.4,12.7,52,19.6
3958,20240916,2024,51.5,true,false,585,,0,,21.49,40445.36,30.7,23.9,17.1,86,23.8
3959,20240916,2024,43.9,true,false,1557,,0,,21,39841.54,34.8,27.2,19.6,258,20.2
3960,20240916,2024,27.7,true,false,438,,0,,21.22,40519.3,29.6,20.25,10.9,28,11.9
3961,20240916,2024,39.6,true,false,2768,,0,,21.63,40179.25,33.5,24.35,15.2,34,22.3
3962,20240916,2024,54.7,true,false,359,,0,,21.61,40539.86,30,22,14,79,26.6
3963,20240916,2024,41,true,false,3214,,0,,21.65,41033.89,31.4,23.1,14.8,63,17.5
3964,20240916,2024,37.8,true,false,118,,0,,21.62,40938.51,31.1,21.65,12.2,42,15.1
3965,20240916,2024,36,true,false,2154,,0,,21.58,40177.67,35,25.6,16.2,38,19.1
3966,20240916,2024,38.5,true,false,1427,,0,,21.6,40903.77,30.4,22.299999999999997,14.2,78,16.9
3967,20240916,2024,68,true,true,2600,,0,,21.74,40569.39,32.5,25.2,17.9,89,31.5
3968,20240916,2024,67.7,true,false,309,,0,,21.84,40578.1,27.2,20.75,14.3,94,24.2
3969,20240916,2024,59,true,false,2960,,0,,21.53,40636.68,30.9,23.549999999999997,16.2,79,27.4
3970,20240916,2024,47.2,true,false,3129,,0,,21.51,40445.31,29.1,22,14.9,66,22.6
3971,20240916,2024,41,true,false,2046,,0,,21.47,40351.5,32.5,25.5,18.5,60,20.5
3972,20240916,2024,49,true,false,83,,0,,21.47,40636.38,29.9,24.2,18.5,82,20.8
3973,20240916,2024,43.6,true,false,1740,,0,,21.61,40477.01,31.6,22.75,13.9,84,21.3
3974,20240916,2024,28.8,true,false,1600,,0,,21.4,40539.12,30.3,20.9,11.5,47,9.7
3975,20240916,2024,54,true,false,1367,,0,,21.44,40353.57,32.3,25.45,18.6,78,28.6
3976,20240916,2024,49.7,true,false,523,,0,,21.71,40785.42,29.1,19.35,9.6,86,19.5
3977,20240916,2024,38.2,true,false,792,,0,,21.84,40748.98,29.6,20.85,12.1,77,17.9
3978,20240916,2024,63,true,false,1192,,0,,21.67,40577.66,31.2,24.15,17.1,96,24.2
3979,20240916,2024,44.6,true,false,939,,0,,21.29,40349.74,32,25.3,18.6,64,22.4
3980,20240916,2024,45.7,true,false,3164,,0,,21.57,40539.81,31.2,23.3,15.4,83,22.3
3981,20240916,2024,54,true,false,2061,,0,,22.07,40682.02,27.4,21.1,14.8,50,26.7
3982,20240916,2024,37.8,true,false,269,,0,,21.57,40176.09,35.3,27.549999999999997,19.8,8,19.2
3983,20240916,2024,67.7,true,false,554,,0,,21.84,40578.1,28.9,22.45,16,94,24.2
3984,20240916,2024,25.2,true,false,55,,0,,21.23,40131.89,35.6,27.6,19.6,12,13.5
3985,20240916,2024,45.7,true,false,313,,0,,21.57,40539.81,31.2,23.3,15.4,83,22.3
3986,20240916,2024,45.7,true,false,3074,,0,,21.57,40539.81,30.2,22.25,14.3,83,22.3
3987,20240916,2024,30.6,true,false,2621,,0,,21.37,40539.25,32.1,23.35,14.6,55,11.8
3988,20240916,2024,46.4,true,false,525,,0,,21.68,40795.72,26.2,18.9,11.6,93,21.1
3989,20240916,2024,51.8,true,false,2738,,0,,21.45,40539.59,31.9,24.7,17.5,85,24.5
3990,20240916,2024,38.9,true,false,1569,,0,,22.27,40741.61,30.6,24.3,18,25,16.9
3991,20240916,2024,34.2,true,false,2489,,0,,21.95,40751.8,32.4,24.7,17,9,19.1
3992,20240916,2024,27.7,true,false,288,,0,,21.63,40465.05,35.2,27.35,19.5,20,12.6
3993,20240916,2024,44.6,true,false,2685,,0,,22.11,40740.21,29.8,21.85,13.9,75,21.4
3994,20240916,2024,45.7,true,false,2045,,0,,21.57,40539.81,31.2,23.3,15.4,83,22.3
3995,20240916,2024,42.1,true,false,2258,,0,,21.32,40251.57,33.3,25.299999999999997,17.3,44,23
3996,20240916,2024,44.6,true,false,2685,,0,,22.11,40740.21,29.8,21.85,13.9,75,21.4
3997,20240916,2024,27.7,true,false,438,,0,,21.22,40519.3,28.1,18.8,9.5,28,11.9
3998,20240916,2024,43.2,true,false,859,,0,,21.59,40904.05,30,20.8,11.6,98,18
3999,20240916,2024,54.7,true,false,367,,0,,21.61,40539.86,31.5,23.55,15.6,79,26.6
4000,20240916,2024,39.6,true,false,561,,0,,21.94,40681.59,26.7,18.85,11,67,17.9
4001,20240916,2024,45.7,true,false,2840,,0,,21.47,40858.36,28.7,19.45,10.2,106,20.2
4002,20240916,2024,49.7,true,false,320,,0,,21.38,40353.49,33.2,26,18.8,68,25.1
4003,20240916,2024,40.3,true,false,101,,0,,21.44,41101.66,29.5,20.45,11.4,52,18.1
4004,20240916,2024,50.4,true,false,2440,,0,,21.71,40847.53,30.4,21,11.6,63,20.7
4005,20240916,2024,50.8,true,false,2845,,0,,21.62,40736.73,30.5,20.85,11.2,72,21.1
4006,20240916,2024,39.6,true,false,2992,,0,,21.68,40443.68,32.8,26.65,20.5,58,20.3
4007,20240916,2024,27.7,true,false,2078,,0,,21.22,40519.3,27.3,18,8.7,28,11.9
4008,20240916,2024,59,true,false,2441,,0,,21.53,40636.68,30.2,22.9,15.6,79,27.4
4009,20240916,2024,60.1,true,false,1823,,0,,21.63,40736.34,27.8,21.55,15.3,72,27.3
4010,20240916,2024,44.6,true,false,1917,,0,,21.42,40445.33,30.9,23.35,15.8,84,21.7
4011,20240916,2024,23,true,false,1539,,0,,21.25,40519.16,31.2,21.85,12.5,32,8.8
4012,20240916,2024,42.5,true,false,1254,,0,,21.52,40539.73,30.5,21.75,13,84,20.9
4013,20240916,2024,43.6,true,false,1042,,0,,21.38,40353.84,33.7,25.85,18,81,21.1
4014,20240916,2024,45.7,true,false,1474,,0,,22.05,40571.43,30,23.3,16.6,58,22.2
4015,20240916,2024,41.4,true,false,473,,0,,21.72,40892.56,27.1,19.1,11.1,62,19.1
4016,20240916,2024,42.8,true,false,2309,,0,,21.61,40577.21,30.2,20.65,11.1,83,17.6
4017,20240916,2024,49.7,true,false,513,,0,,21.71,40785.42,30.4,20.65,10.9,86,19.5
1873,20240917,2024,51.8,true,false,1995,,0,,21.5,40463.28,22.5,18,13.5,78,23.4
4018,20240917,2024,40.7,true,false,2820,,0,,21.6,40681.81,25.2,19,12.8,60,18.9
4019,20240917,2024,55.4,true,false,2290,,0,,21.19,40271.25,27.4,22.45,17.5,83,26.3
4020,20240917,2024,50.8,true,false,2523,,0,,21.34,40524.09,24.9,18.35,11.8,95,21.2
4021,20240917,2024,68,true,true,2087,,0,,21.17,40362.62,25.6,21.55,17.5,88,32.8
4022,20240917,2024,56.5,true,false,2049,,0,,21.59,40561.45,21.1,16.450000000000003,11.8,86,26.3
4023,20240917,2024,60.1,true,true,1347,,0,,20.95,40162.94,29.5,24.7,19.9,74,34.2
4024,20240917,2024,57.6,true,false,585,,0,,21.07,40182.11,27,22.25,17.5,89,27.4
4025,20240917,2024,47.5,true,false,2935,,0,,20.97,40182.18,28.2,24,19.8,81,23.8
4026,20240917,2024,48.6,true,false,939,,0,,20.97,40246.54,29.5,24.3,19.1,86,24.9
4027,20240917,2024,53.3,true,false,352,,0,,21.12,40182.01,27.8,23.1,18.4,76,27.2
4028,20240917,2024,62.6,true,false,2956,,0,,21.27,40368.11,24.6,19.65,14.7,94,24.6
4029,20240917,2024,53.3,true,false,320,,0,,21.01,40178.94,29.6,24.700000000000003,19.8,72,27.8
4030,20240917,2024,53.6,true,false,1225,,0,,20.97,40182.17,28.2,23.9,19.6,86,27
4031,20240917,2024,38.2,true,false,1385,,0,,21.1,40178.95,29.2,23.95,18.7,75,20.3
4032,20240917,2024,55.4,true,false,1243,,0,,21.19,40271.25,27.4,22.45,17.5,83,26.3
4033,20240917,2024,46.8,true,false,578,,0,,21.52,40311.4,27,21.55,16.1,72,24.3
4034,20240917,2024,49.3,true,false,353,,0,,21.13,40181.95,28.1,23.3,18.5,68,23.9
4035,20240917,2024,55.4,true,false,1965,,0,,21.19,40271.25,26.7,21.75,16.8,83,26.3
4036,20240917,2024,53.3,true,false,352,,0,,21.12,40182.01,27.8,23.1,18.4,76,27.2
4037,20240917,2024,57.2,true,false,2473,,0,,21.07,40271.05,27.4,22.5,17.6,86,28.9
4038,20240917,2024,44.6,true,false,582,,0,,20.88,40246.94,29,24.45,19.9,81,23.1
4039,20240917,2024,37.8,true,false,2628,,0,,21.01,40010.18,31.1,26,20.9,65,22.3
4040,20240917,2024,55.4,true,false,3254,,0,,21.12,40182.05,27.1,22.450000000000003,17.8,85,28.1
4041,20240917,2024,53.6,true,false,3229,,0,,21.55,40368.25,20.8,15.55,10.3,79,19.3
4042,20240917,2024,44.3,true,false,2682,,0,,20.81,40165.02,28.8,24.15,19.5,85,21.6
4043,20240917,2024,39.2,true,false,445,,0,,21.34,40515.95,20.4,14.1,7.8,107,15.4
4044,20240917,2024,51.8,true,false,2045,,0,,21.14,40271.19,27,21.75,16.5,85,25.6
4045,20240917,2024,29.5,true,false,805,,0,,21.01,40332.28,27.8,20.5,13.2,86,11.6
4046,20240917,2024,57.2,true,false,2666,,0,,21.07,40271.05,27.4,22.5,17.6,86,28.9
4047,20240917,2024,34.9,true,false,664,,0,,21.57,40080.23,32.1,26.65,21.2,18,19
4048,20240917,2024,56.2,true,false,319,,0,,21.02,40178.9,27.9,23.45,19,90,29.9
4049,20240917,2024,29.5,true,false,1525,,0,,21.01,40332.28,27.1,19.85,12.6,86,11.6
4050,20240917,2024,55.4,true,false,2191,,0,,21.19,40271.25,27.4,22.45,17.5,83,26.3
4051,20240917,2024,38.2,true,false,1385,,0,,21.1,40178.95,29.2,23.95,18.7,75,20.3
4052,20240917,2024,65.2,true,false,1544,,0,,21.23,40267.5,25.9,21.4,16.9,96,24.9
4053,20240917,2024,37.4,true,false,1021,,0,,21.23,40215.67,29.4,21.85,14.3,35,16
4054,20240917,2024,47.5,true,false,1788,,0,,21.54,40470.29,26.3,20.35,14.4,75,21.7
4055,20240917,2024,63.4,true,true,2868,,0,,21.11,40093.86,28.8,24.5,20.2,76,34.8
4056,20240917,2024,57.6,true,false,370,,0,,21.07,40182.11,26.3,21.55,16.8,89,27.4
4057,20240917,2024,67.3,true,true,71,,0,,21.15,40362.79,25.1,20.450000000000003,15.8,82,32.1
4058,20240917,2024,36.4,true,false,1217,,0,,21.58,40026,31.9,25.45,19,103,16.3
4059,20240917,2024,42.1,true,false,3222,,0,,21.41,40363.95,26.3,20.55,14.8,80,16.5
4060,20240917,2024,55.4,true,false,847,,0,,21.12,40182.05,27.1,22.450000000000003,17.8,85,28.1
4061,20240917,2024,47.9,true,false,977,,0,,20.89,40164.27,29,24.45,19.9,72,25.8
4062,20240917,2024,55.4,true,false,1965,,0,,21.19,40271.25,27.4,22.45,17.5,83,26.3
4063,20240917,2024,38.5,true,false,3174,,0,,20.97,40182.19,28.2,23.299999999999997,18.4,75,18.8
4064,20240917,2024,53.3,true,false,1042,,0,,21.04,40182.14,27.5,22.7,17.9,89,26.6
4065,20240917,2024,51.8,true,false,3059,,0,,21.1,40271.12,27.2,21.85,16.5,84,26
4066,20240917,2024,56.9,true,true,2079,,0,,21,40092.81,31.1,26.200000000000003,21.3,78,32.6
4067,20240917,2024,51.8,true,false,1737,,0,,21.1,40271.12,26.3,21,15.7,84,26
4068,20240917,2024,37.4,true,false,1971,,0,,21.36,40004.36,33.2,26,18.8,46,17.7
4069,20240917,2024,49,true,false,2256,,0,,20.89,40246.81,29.1,24.4,19.7,82,24.6
4070,20240917,2024,36,true,false,241,,0,,21.29,40087.67,30.9,25.4,19.9,92,18.1
4071,20240917,2024,53.3,true,false,379,,0,,21.01,40178.94,28.9,23.95,19,72,27.8
4072,20240917,2024,44.6,true,false,2604,,0,,21.04,40178.94,29.6,24.200000000000003,18.8,66,24
4073,20240917,2024,48.6,true,false,530,,0,,21.32,40422.14,24,19.15,14.3,61,20.7
4074,20240917,2024,48.2,true,false,2391,,0,,21.59,40469.53,24.2,18.75,13.3,58,28
4075,20240917,2024,59.8,true,true,2237,,0,,21.34,40215.44,27.7,22.65,17.6,48,32.2
4076,20240917,2024,28.4,true,false,1539,,0,,21.01,40332.26,28.1,20.700000000000003,13.3,102,10.2
4077,20240917,2024,55.8,true,false,2681,,0,,21.43,40408.48,24.8,19.75,14.7,89,20.2
4078,20240917,2024,44.6,true,false,545,,0,,21.56,40409.04,21.6,16.200000000000003,10.8,65,19.8
4079,20240917,2024,55.1,true,false,2591,,0,,21,40182.15,28,23.4,18.8,88,27
4080,20240917,2024,53.6,true,false,2403,,0,,20.97,40182.17,28.2,23.9,19.6,86,27
4081,20240917,2024,36,true,false,94,,0,,20.96,40248.65,25.5,19.1,12.7,75,14.4
4082,20240917,2024,56.2,true,false,319,,0,,21.02,40178.9,27.9,23.45,19,90,29.9
4083,20240917,2024,54.4,true,false,355,,0,,21.24,40271.29,27.6,22.950000000000003,18.3,79,26.2
4084,20240917,2024,28.4,true,false,2063,,0,,21.01,40332.26,24.5,17.1,9.7,102,10.2
4085,20240917,2024,51.8,true,false,2398,,0,,21.1,40271.12,27.2,21.85,16.5,84,26
4086,20240917,2024,55.8,true,false,1953,,0,,21.16,40362.95,26.8,21.3,15.8,76,27.5
4087,20240917,2024,46.8,true,false,2084,,0,,21.46,40032.27,30.2,24.85,19.5,51,24.1
4088,20240917,2024,49,true,false,2223,,0,,21.16,40274.91,26.9,20.799999999999997,14.7,77,23.6
4089,20240917,2024,53.3,true,false,575,,0,,21.51,40410.32,26.4,20.9,15.4,69,28.1
4090,20240917,2024,47.5,true,false,2826,,0,,21.23,40368,24.7,18.2,11.7,80,20.6
4091,20240917,2024,42.5,true,false,2865,,0,,21.54,40799.18,25.5,19.3,13.1,63,19.3
4092,20240917,2024,48.6,true,false,471,,0,,21.32,40422.14,24,19.15,14.3,61,20.7
4093,20240917,2024,55.4,true,false,367,,0,,21.19,40271.25,27.4,22.45,17.5,83,26.3
4094,20240917,2024,58.7,true,false,2857,,0,,21.31,40408.16,21.5,16.4,11.3,92,19.9
4095,20240917,2024,48.2,true,false,1510,,0,,21.59,40469.53,25.3,19.85,14.4,58,28
4096,20240917,2024,49,true,false,2862,,0,,21.16,40274.91,26.9,20.799999999999997,14.7,77,23.6
4097,20240917,2024,46.8,true,false,1803,,0,,20.95,40164.03,29.4,24.65,19.9,72,25.1
4098,20240917,2024,29.5,true,false,1445,,0,,21.01,40332.28,27.1,19.85,12.6,86,11.6
4099,20240917,2024,48.6,true,false,1593,,0,,21.32,40422.14,24,19.15,14.3,61,20.7
4100,20240917,2024,58,true,false,306,,0,,21.23,40274.88,27.9,22.95,18,88,26.3
4101,20240917,2024,64.4,true,false,543,,0,,21.42,40363.65,26.2,21.4,16.6,89,26
4102,20240917,2024,49.7,true,false,497,,0,,21.46,40567.68,20.6,16.5,12.4,124,22.5
4103,20240917,2024,48.2,true,false,1732,,0,,21.51,40515.56,23.2,17.1,11,75,22.4
4104,20240917,2024,62.3,true,false,2456,,0,,21.23,40678.03,24,17.95,11.9,79,23.3
4105,20240917,2024,40.3,true,false,2538,,0,,21.1,40334.92,27.8,22.3,16.8,71,17
4106,20240917,2024,42.8,true,false,108,,0,,21.22,40576.47,26.6,20.35,14.1,55,16.8
4107,20240917,2024,29.5,true,false,2494,,0,,21.01,40332.28,27.1,19.85,12.6,86,11.6
4108,20240917,2024,36,true,false,3153,,0,,20.96,40248.65,28,21.55,15.1,75,14.4
4109,20240917,2024,41.8,true,false,2838,,0,,21.58,40520.37,21,15.3,9.6,102,15.7
4110,20240917,2024,42.8,true,false,1987,,0,,21.68,40587.95,26.5,20.15,13.8,56,21.9
4111,20240917,2024,43.6,true,false,1845,,0,,22.06,40617.67,24.4,19.5,14.6,20,15
4112,20240917,2024,53.6,true,false,555,,0,,21.55,40368.25,20.9,15.7,10.5,79,19.3
4113,20240917,2024,46.1,true,false,1279,,0,,21.65,40479.41,26.9,20.9,14.9,61,23.3
4114,20240917,2024,37.8,true,false,3000,,0,,21.01,40010.18,31.1,26,20.9,65,22.3
4115,20240917,2024,43.6,true,false,945,,0,,21.7,40470.65,24.7,18.8,12.9,86,17.7
4116,20240917,2024,49.3,true,false,2606,,0,,21.13,40181.95,28.4,23.549999999999997,18.7,68,23.9
4117,20240917,2024,49,true,false,318,,0,,21.16,40274.91,26.9,20.799999999999997,14.7,77,23.6
1874,20240918,2024,37.4,true,false,1995,,0,,21.02,40382.01,23.8,17.65,11.5,68,16.3
4118,20240918,2024,45.7,true,false,861,,0,,20.75,40545.6,25.9,19.049999999999997,12.2,115,24.9
4119,20240918,2024,30.6,true,false,1161,,0,,20.21,39631.6,26.1,18.3,10.5,83,12.9
4120,20240918,2024,30.2,true,false,1755,,0,,20.55,40102.65,28.2,20.1,12,33,13.5
4121,20240918,2024,27,true,false,94,,0,,20.55,40103.57,25.8,18.8,11.8,44,10.5
4122,20240918,2024,46.8,true,false,1778,,0,,20.71,40564.51,24.8,17.85,10.9,76,26.2
4123,20240918,2024,35.3,true,false,2820,,0,,17.96,36724.06,27,19,11,90,15.9
4124,20240918,2024,47.5,true,false,893,,0,,20.87,40288.27,25.5,19.5,13.5,71,22.2
4125,20240918,2024,47.5,true,false,360,,0,,20.61,40054.62,27.4,21.1,14.8,92,22.7
4126,20240918,2024,41,true,false,3188,,0,,20.41,40020.72,29.8,23.5,17.2,92,23.1
4127,20240918,2024,56.2,true,false,1962,,0,,20.75,40153.42,27.1,20.65,14.2,95,23
4128,20240918,2024,50.4,true,false,319,,0,,20.45,40021.07,29,23,17,88,28.4
4129,20240918,2024,49.3,true,false,3050,,0,,20.63,40054.95,28.8,22.4,16,86,24.1
4130,20240918,2024,46.4,true,false,3170,,0,,20.49,40104.67,28.9,22.7,16.5,97,24.4
4131,20240918,2024,51.1,true,false,1493,,0,,20.42,40017.64,26.6,21.8,17,60,29.8
4132,20240918,2024,51.8,true,false,2087,,0,,20.7,40197.35,27.8,21.4,15,76,25.2
4133,20240918,2024,38.5,true,false,926,,0,,20.7,40152.71,28.3,21.25,14.2,104,16
4134,20240918,2024,42.5,true,false,2559,,0,,20.44,40106.88,26.5,19.8,13.1,140,16.5
4135,20240918,2024,32.4,true,false,127,,0,,20.78,40544.33,23.8,15.8,7.8,123,15.2
4136,20240918,2024,34.9,true,false,24,,0,,20.46,40021.33,30,23.55,17.1,67,20.8
4137,20240918,2024,33.8,true,false,476,,0,,20.73,40436.5,23.8,16.8,9.8,133,14.8
4138,20240918,2024,42.5,true,false,2320,,0,,20.84,40241.41,22.1,14.9,7.7,92,15.9
4139,20240918,2024,47.5,true,false,2012,,0,,20.61,40054.62,28.3,22,15.7,92,22.7
4140,20240918,2024,49.7,true,false,895,,0,,20.2,40219.2,28.1,20.75,13.4,62,29.8
4141,20240918,2024,43.2,true,false,1459,,0,,20.52,40104.12,29.2,23.299999999999997,17.4,86,22.7
4142,20240918,2024,28.1,true,false,1732,,0,,21.04,40443.3,24,16.3,8.6,59,10.8
4143,20240918,2024,53.6,true,false,558,,0,,20.78,40240.92,25.4,18.549999999999997,11.7,94,19.2
4144,20240918,2024,50,true,false,1523,,0,,20.43,40020.95,29.5,23.25,17,93,28.2
4145,20240918,2024,32.8,true,false,660,,0,,20.89,40246.52,26.6,18.9,11.2,62,13.6
4146,20240918,2024,50.4,true,false,2877,,0,,20.41,40110.96,28.5,21.85,15.2,48,27.5
4147,20240918,2024,49,true,false,2048,,0,,20.54,39958.04,31,24.15,17.3,88,28.4
4148,20240918,2024,54.4,true,false,1566,,0,,20.66,40145.73,29,22.45,15.9,98,25.1
4149,20240918,2024,49.3,true,false,363,,0,,20.63,40054.95,28.8,22.4,16,86,24.1
4150,20240918,2024,45.4,true,false,3039,,0,,20.82,40146.98,26.6,19.450000000000003,12.3,105,16.7
4151,20240918,2024,24.5,true,false,1948,,0,,20.9,40361.01,26.2,19.05,11.9,95,8.2
4152,20240918,2024,41,true,false,425,,0,,19.81,36027.39,28.3,22.35,16.4,186,20.5
4153,20240918,2024,39.2,true,false,275,,0,,19.54,36919.1,27,21.4,15.8,160,20.2
4154,20240918,2024,40,true,false,1652,,0,,20.02,40319.75,28.7,21.05,13.4,92,19.8
4155,20240918,2024,44.3,true,false,1800,,0,,20.54,40105.6,28.5,22.3,16.1,75,24.2
4156,20240918,2024,24.5,true,false,1052,,0,,19.78,38931.51,25.9,18.15,10.4,32,10.7
4157,20240918,2024,36,true,false,1950,,0,,20.98,40148.53,28.3,20.25,12.2,84,13.6
4158,20240918,2024,29.2,true,false,1539,,0,,20.56,40102.98,28.6,20.65,12.7,53,11
4159,20240918,2024,34.6,true,false,610,,0,,20.35,40432.3,26.4,18.7,11,144,16.2
4160,20240918,2024,27.4,true,false,2565,,0,,20.77,40331.14,25.6,18,10.4,111,10.1
4161,20240918,2024,31,true,false,1519,,0,,20.73,40152.33,27,19.2,11.4,91,11.2
4162,20240918,2024,26.6,true,false,2571,,0,,20.38,40019.43,26.8,18.8,10.8,23,11.8
4163,20240918,2024,47.5,true,false,360,,0,,20.61,40054.62,27.4,21.1,14.8,92,22.7
4164,20240918,2024,47.5,true,false,89,,0,,20.87,40288.27,25.3,19.3,13.3,71,22.2
4165,20240918,2024,34.2,true,false,93,,0,,20.67,40189.86,26.2,19.25,12.3,49,12.3
4166,20240918,2024,35.6,true,false,546,,0,,20.77,40249.26,25.6,18.25,10.9,84,12.8
4167,20240918,2024,54.7,true,false,1907,,0,,20.71,40153.06,27.2,20.75,14.3,99,21.8
4168,20240918,2024,44.3,true,false,86,,0,,20.78,40196.41,26.1,20.25,14.4,84,17.2
1875,20240919,2024,33.8,true,false,1995,,0,,17.32,39852.74,21.3,17.45,13.6,269,14.3
4169,20240919,2024,31.7,false,false,1864,,2.3,,18.16,37985.32,27.2,22.2,17.2,166,16
4170,20240919,2024,28.4,false,false,1024,,3.5,,17.19,39600,24.7,19.65,14.6,227,12.1
4171,20240919,2024,33.8,false,false,795,,0.1,,17.82,39600,23.8,18.5,13.2,276,13.2
4172,20240919,2024,36,false,false,2565,,0.1,,16.92,40130.38,25.1,19.700000000000003,14.3,282,16.2
4173,20240919,2024,31,false,false,2650,,0.5,,17.06,39846.48,23.8,19.25,14.7,200,11.2
4174,20240919,2024,31,false,false,1081,,0.3,,17.44,39600,21.6,16.700000000000003,11.8,293,10.8
4175,20240919,2024,33.8,false,false,2318,,2.1,,17.45,39600,21.4,17.549999999999997,13.7,210,12
4176,20240919,2024,33.1,false,false,3221,,0.3,,17.56,39523.17,25,19.55,14.1,284,12.7
4177,20240919,2024,30.6,true,false,589,,0,,18.59,39616.85,24.3,20.1,15.9,210,13.8
4178,20240919,2024,30.6,false,false,1229,,0.1,,17.84,39600,26.3,21,15.7,286,12.2
4179,20240919,2024,29.5,false,false,3170,,0.1,,17.6,39600,24.7,19.4,14.1,224,12.2
4180,20240919,2024,33.8,false,false,1656,,0.4,,17.6,38488.06,24.5,19.35,14.2,219,14
4181,20240919,2024,30.6,false,false,358,,0.2,,18.22,39611.76,24.2,19.35,14.5,266,12.9
4182,20240919,2024,27,false,false,520,,1.8,,16.56,39945.36,23.9,19.65,15.4,295,12.7
4183,20240919,2024,33.8,false,false,2318,,2.1,,17.45,39600,21.1,17.25,13.4,210,12
4184,20240919,2024,32.4,true,false,305,,0,,17.78,39242.18,25.2,19.85,14.5,275,12.9
4185,20240919,2024,33.1,false,false,915,,0.3,,17.56,39523.17,25,19.55,14.1,284,12.7
4186,20240919,2024,30.6,false,false,2798,,0.3,,18.03,39600,25,20.05,15.1,226,13.6
4187,20240919,2024,30.2,false,false,675,,1,,17.05,39600,22.8,19.1,15.4,296,12.2
4188,20240919,2024,29.9,false,false,1297,,0.1,,17.27,39768.85,22.4,18,13.6,286,11.8
4189,20240919,2024,36,false,false,3160,,2.1,,16.5,39600,26.4,21,15.6,151,18.1
4190,20240919,2024,36,false,false,2198,,2.1,,16.5,39600,26.4,21,15.6,151,18.1
4191,20240919,2024,32,false,false,452,,2,,17.26,39928.55,21,16.75,12.5,180,11.1
4192,20240919,2024,36,false,false,492,,0.4,,17.76,39851.13,20.9,16.75,12.6,204,12.5
4193,20240919,2024,33.8,false,false,1161,,0.6,,17.06,38150.96,25.1,20,14.9,232,14.5
4194,20240919,2024,32.8,true,false,499,,0,,16.93,40024.95,20.5,16.55,12.6,184,14.1
4195,20240919,2024,29.2,false,false,1341,,2.5,,16.92,39677.19,24.7,19.5,14.3,309,11.8
4196,20240919,2024,29.9,false,false,69,,0.1,,17.27,39768.85,22.4,18,13.6,286,11.8
4197,20240919,2024,32,false,false,441,,2,,17.26,39928.55,23.3,19.05,14.8,180,11.1
4198,20240919,2024,27,false,false,2374,,12.9,,16.93,39616.11,24.2,18.65,13.1,249,11.8
4199,20240919,2024,32,false,false,441,,2,,17.26,39928.55,22.4,18.15,13.9,180,11.1
4200,20240919,2024,35.3,true,false,2023,,0,,18.98,39692.22,21.5,18.45,15.4,282,18.2
1876,20240920,2024,31,false,false,1995,,3.2,,13.78,39362.39,19.7,16.3,12.9,89,12.8
4201,20240920,2024,37.1,false,false,1193,,4.1,,16.89,39676.91,21.1,17.35,13.6,163,16.9
4202,20240920,2024,28.4,false,false,2975,,3.2,,13.49,37076.55,23.5,19.05,14.6,62,10.7
4203,20240920,2024,46.8,false,false,205,,1.3,,15.83,39757.85,21.3,17.6,13.9,163,19.3
4204,20240920,2024,31,false,false,1995,,3.2,,13.78,39362.39,19.1,15.700000000000001,12.3,89,12.8
4205,20240920,2024,32.8,false,false,1541,,1.1,,16.87,39608.14,23.2,18.9,14.6,183,13.7
4206,20240920,2024,37.1,false,false,1446,,1.3,,16.97,36000,24.5,20.8,17.1,213,15.9
4207,20240920,2024,36,false,false,200,,1,,16.56,36697.59,24,19.95,15.9,185,16.1
4208,20240920,2024,37.8,false,false,2743,,0.9,,16.27,36000,25.9,21.75,17.6,197,17.6
1877,20240921,2024,32.8,false,false,1995,,1.2,,14.91,39768.53,18.8,15.05,11.3,282,13.4
4209,20240921,2024,36.7,false,false,3120,,0.6,,16.98,39600,21.5,18.55,15.6,238,18
4210,20240921,2024,32,false,false,264,,2,,17.33,39600,22.9,19.25,15.6,216,14.6
4211,20240921,2024,29.9,false,false,2156,,0.3,,16.78,39610.48,23.5,19.3,15.1,242,14
1878,20240922,2024,31.7,false,false,1995,,1.2,,13.7,34224.86,17,12.8,8.6,284,14.1
4212,20240922,2024,29.5,false,false,2628,,0.6,,11.79,25575.45,19.9,17.35,14.8,328,16.1
4213,20240922,2024,38.9,false,false,2856,,1,,13.6,32606.28,18.7,14.45,10.2,284,14.6
4214,20240922,2024,29.2,false,false,1389,,1.6,,10.69,25044.51,20.9,16.4,11.9,260,12.3
4215,20240922,2024,25.2,false,false,2993,,0.6,,15.85,39520.9,22.1,16.950000000000003,11.8,259,10.2
1879,20240923,2024,34.9,true,false,1995,,0,,19.76,39746.54,17.5,12.15,6.8,280,15.8
4216,20240923,2024,45,true,false,2856,,0,,19.18,39576.65,20.2,15.2,10.2,281,15.5
4217,20240923,2024,30.2,true,false,53,,0,,19.18,39588.16,25.8,20.2,14.6,310,16.3
4218,20240923,2024,34.9,true,false,1995,,0,,19.86,39815.01,15.8,10.2,4.6,293,14.1
4219,20240923,2024,34.2,true,false,72,,0,,18.4,34970.88,20.4,15.25,10.1,266,17.1
4220,20240923,2024,43.6,true,false,1571,,0,,19.08,39600,20.6,16.6,12.6,334,23.4
4221,20240923,2024,32.4,true,false,2729,,0,,19.08,39600,21.4,16.15,10.9,295,12.6
4222,20240923,2024,37.1,true,false,1248,,0,,19.5,39629.44,19.1,13.8,8.5,263,14.2
4223,20240923,2024,34.9,true,false,354,,0,,18.66,36000,20.5,15.7,10.9,310,16.1
4224,20240923,2024,45,true,false,2857,,0,,19.18,39576.65,19,13.95,8.9,281,15.5
4225,20240923,2024,34.2,true,false,795,,0,,18.19,33963.97,19.7,14.7,9.7,271,16.1
4226,20240923,2024,34.6,true,false,2549,,0,,18.39,36536.01,21.2,16.15,11.1,296,15.6
1880,20240924,2024,24.5,false,false,1995,,11.2,,3.69,0,13.7,12.1,10.5,231,12
1881,20240925,2024,59.4,false,true,1995,,70.4,,2.35,0,16.7,15,13.3,223,30.2
1882,20240926,2024,69.8,false,true,1995,,73.2,,8.58,17869.52,15.7,13.1,10.5,248,31
4227,20240926,2024,52.2,false,false,1555,,5.1,,9.68,22831.21,25.1,20.85,16.6,248,28.6
1883,20240927,2024,43.9,false,false,1995,,0.6,,14.75,36238.72,13.3,9.25,5.2,296,19.7
1884,20240928,2024,34.6,true,false,1995,,0,,18.96,39105.29,15.2,10.25,5.3,71,14.6
4228,20240928,2024,30.6,true,false,508,,0,,18.94,39042.78,14.7,9.8,4.9,132,12.7
4229,20240928,2024,33.8,true,false,2492,,0,,18.66,36604.85,23.5,16.7,9.9,53,14.6
1885,20240929,2024,32.8,true,false,1995,,0,,14.68,31764.45,18,13.6,9.2,260,14.4
4230,20240929,2024,24.1,true,false,34,,0,,19.63,39118.98,29,20.95,12.9,3,11.9
4231,20240929,2024,27.4,true,false,1443,,0,,18.67,38749.98,24.8,16.4,8,209,11.8
4232,20240929,2024,31,true,false,265,,0,,19.11,39414.95,22.4,17.5,12.6,13,16.2
4233,20240929,2024,18.7,true,false,3082,,0,,19.04,39238.26,27.4,20.25,13.1,17,9.4
4234,20240929,2024,28.1,true,false,1395,,0,,17.82,38933.3,20.8,16.55,12.3,285,10
4235,20240929,2024,30.2,true,false,2154,,0,,19.2,39384.99,25.8,18.5,11.2,356,14.8
4236,20240929,2024,23.8,true,false,228,,0,,18.57,38841.91,24.3,17.75,11.2,264,10.3
4237,20240929,2024,20.2,true,false,187,,0,,19.36,39037.8,26.6,19.25,11.9,48,11
4238,20240929,2024,25.9,true,false,1282,,0,,14.44,31388.28,20.2,14.7,9.2,299,11.1
4239,20240929,2024,22.3,true,false,1253,,0,,18.77,38966,22.2,16,9.8,318,9.5
1886,20240930,2024,25.9,true,false,1995,,0,,17.19,38861.03,20.8,16.05,11.3,255,11.4
4240,20240930,2024,28.4,true,false,202,,0,,19.33,38971.54,31.5,23.7,15.9,319,15.2
4241,20240930,2024,23.8,true,false,1292,,0,,17.81,38738,24.8,17.85,10.9,255,10.3
4242,20240930,2024,25.6,true,false,333,,0,,17.96,38925.8,23.7,17.6,11.5,238,11.6
4243,20240930,2024,36.4,true,false,388,,0,,17.91,39201.84,29.1,21.1,13.1,359,19.2
4244,20240930,2024,27,true,false,210,,0,,18.58,38743.84,26,18.2,10.4,237,11.9
4245,20240930,2024,23,true,false,2865,,0,,18.58,38714.16,25.9,17.5,9.1,247,10.8
4246,20240930,2024,24.5,true,false,1217,,0,,19.18,38997.57,30.5,22.9,15.3,345,12.5
1887,20241001,2024,36.4,false,false,1995,,15.9,,3.93,0,16.3,14.7,13.1,245,16.5
1888,20241002,2024,47.5,false,false,1995,,32.9,,2.99,0,16.4,15.45,14.5,254,21.4
1889,20241003,2024,29.2,false,false,1995,,1.3,,10.3,32395.39,18.8,16.45,14.1,275,12.7
478,20241004,2024,24.8,false,false,3244,,0.1,,10.1,21294.54,21,18.05,15.1,315,9.5
479,20241004,2024,25.2,false,false,2914,,1.8,,12.36,33848.44,21.2,18.75,16.3,296,10.1
480,20241004,2024,25.6,false,false,1266,,0.1,,11.54,29443.52,21.5,19.35,17.2,278,11
1890,20241004,2024,22.3,false,false,1995,,0.1,,12.42,34434.29,18.8,15.45,12.1,239,9.7
686,20241005,2024,56.9,false,false,2621,,30.3,,1.49,0,17.8,17.05,16.3,196,24.1
687,20241005,2024,38.5,false,false,386,,0.2,,13.09,30907.42,28,23.4,18.8,251,19.8
688,20241005,2024,40,false,false,2297,,3.6,,8.8,22055.34,22.1,19.05,16,221,21.1
689,20241005,2024,54.4,false,false,663,,17.3,,2.03,0,18.1,17.1,16.1,205,25
690,20241005,2024,64.8,false,false,3125,,14.9,,3.83,0,21.1,19.200000000000003,17.3,215,27
691,20241005,2024,70.6,false,false,758,,13.1,,5.2,2237.3,15.5,14.1,12.7,232,24.5
1891,20241005,2024,53.6,false,false,1995,,52.2,,2.25,0,16.4,15.45,14.5,227,25.5
969,20241006,2024,45.7,false,false,480,,8.3,,6.26,306.95,18.6,17.6,16.6,182,18.8
970,20241006,2024,55.8,false,false,457,,10.3,,5.8,7811.43,17.8,16.05,14.3,206,22.1
971,20241006,2024,31.7,true,false,1399,,0,,13.89,27409.83,27.5,22.5,17.5,228,15.1
1892,20241006,2024,51.1,false,false,1995,,25.1,,4.59,191.34,15.6,14.399999999999999,13.2,226,24.6
1319,20241007,2024,49.3,false,false,3115,,2.1,,9.01,18664.52,22.3,19.3,16.3,249,25.9
1320,20241007,2024,58.7,false,false,341,,38.7,,9.16,25207.33,18.1,16.3,14.5,222,28
1893,20241007,2024,54,false,false,1995,,24.6,,5.69,11250.56,13.9,12.100000000000001,10.3,233,22.8
1894,20241008,2024,55.1,false,false,1995,,79.9,,2.72,0,13.8,12.100000000000001,10.4,224,27.7
1895,20241008,2024,67.3,false,false,1815,,21.1,,3.35,0,15.5,13.5,11.5,228,24.7
1896,20241008,2024,65.2,false,true,352,,25.5,,2.57,0,18.1,15.9,13.7,202,36
1897,20241008,2024,48.2,true,false,188,,0,,12.42,34467.52,23.7,19.2,14.7,230,22
1898,20241008,2024,62.3,false,false,1297,,66,,2.35,0,14.8,12.95,11.1,221,26.2
1899,20241008,2024,66.2,false,true,2604,,22.4,,2.84,0,18.2,16.15,14.1,198,36.9
1900,20241008,2024,50.4,true,false,38,,0,,12.31,30932.28,24.4,20,15.6,225,23.7
1901,20241008,2024,56.2,false,false,483,,15.2,,4.87,139.8,16.8,15.05,13.3,216,26.7
1902,20241008,2024,54.4,false,false,3094,,8.7,,4.01,0,15.7,13.8,11.9,217,25.2
1903,20241008,2024,58.7,false,false,126,,34.4,,4.69,4906.91,12.6,10.75,8.9,227,23.3
1904,20241008,2024,53.3,false,true,1765,,1.5,,9,16690.26,21.4,18.6,15.8,231,30.1
1905,20241008,2024,69.1,false,true,1550,,39,,2.69,0,17,15.15,13.3,209,33.9
1906,20241008,2024,73.4,false,false,634,,67.8,,2.26,0,15.3,13.600000000000001,11.9,211,22
1907,20241008,2024,60.5,false,false,2075,,6.8,,5.02,2348.94,17,14.95,12.9,233,28.4
1908,20241008,2024,72,false,true,2626,,44.2,,2.35,0,16.1,14.25,12.4,207,32.6
1909,20241008,2024,61.6,false,true,2241,,8,,7.27,16436.11,15.9,13.25,10.6,224,30.4
1971,20241008,2024,46.1,false,false,288,,0.2,,9.4,19137.45,23.4,18.9,14.4,229,21.7
1972,20241008,2024,61.9,false,false,2180,,27.3,,5.38,5283.52,12.4,10.75,9.1,233,24.3
1973,20241008,2024,52.9,false,false,419,,0.5,,11.69,23595.02,23.2,19.55,15.9,222,28.2
1974,20241008,2024,69.1,false,true,2915,,39,,2.69,0,17,15.15,13.3,209,33.9
1975,20241008,2024,59.4,false,false,1448,,7.5,,7.08,15069.15,16.2,13.5,10.8,222,28
1976,20241008,2024,81,false,false,438,,78.1,,2.23,0,16.6,15.100000000000001,13.6,192,28.6
1910,20241009,2024,89.6,false,true,2241,,9.2,,7.3,18726.53,18.4,13.95,9.5,228,47
1977,20241009,2024,101.5,false,true,438,,63.2,,3.13,3874.46,17.6,14.8,12,217,36.2
3464,20241009,2024,90.7,false,true,2989,,22.6,,3.82,5161.87,17.2,13.75,10.3,225,41.6
3465,20241009,2024,74.5,false,true,1513,,14,,7.22,11318.98,17.9,14,10.1,221,43.3
3466,20241009,2024,107.3,false,false,829,,76.9,,3.29,5532.17,16,13.2,10.4,232,27.7
3467,20241009,2024,70.6,false,true,1402,,8.1,,9.64,25004.13,21.3,18.4,15.5,256,36.9
3468,20241009,2024,88.9,false,true,1070,,49.7,,5.46,13080.83,14.9,11.5,8.1,239,37.2
3469,20241009,2024,76.7,false,true,921,,11.6,,9.68,25689.29,20.2,17.3,14.4,256,38.1
3470,20241009,2024,75.2,false,true,2533,,9.8,,4.73,8702.83,20.6,17.25,13.9,231,38
3471,20241009,2024,88.2,false,true,500,,69.3,,2.96,3944.98,14.4,11.05,7.7,234,40.8
3472,20241009,2024,105.8,false,true,3256,,38.6,,3.63,6964.59,17.4,14.75,12.1,229,39.8
3473,20241009,2024,69.8,false,true,1957,,9.8,,7.49,21296.03,21.2,17.9,14.6,236,34.9
3474,20241009,2024,89.6,false,true,1297,,40.8,,3.52,6260.72,17,14.4,11.8,233,40.1
3475,20241009,2024,105.8,false,true,3256,,30.8,,3.72,6048.56,15.3,12.65,10,229,42.2
3476,20241009,2024,105.8,false,true,3256,,38.6,,3.63,6964.59,14.9,12.3,9.7,229,39.8
3477,20241009,2024,100.1,false,true,341,,26.9,,4.31,7233.69,18.3,15.2,12.1,230,46.6
3478,20241009,2024,85.3,false,true,479,,16.3,,7.05,12795.47,17,12.2,7.4,231,34.9
3479,20241009,2024,94,false,true,2480,,44.1,,3.09,3605.13,17.9,15.299999999999999,12.7,237,35.6
1911,20241010,2024,28.1,true,false,2241,,0,,12.91,31390.07,15.9,12.25,8.6,260,12.8
1978,20241010,2024,24.5,false,false,438,,2.1,,12.14,37430.08,16.7,13.3,9.9,178,10
3480,20241010,2024,18.7,false,false,2480,,0.9,,13.7,37576.54,17.7,14.5,11.3,191,7.8
4262,20241010,2024,20.2,true,false,3113,,0,,14.88,37240.09,21.2,16.6,12,248,10.6
1912,20241011,2024,39.6,false,false,2241,,12.9,,5.7,7388.79,16.4,12.149999999999999,7.9,149,19.8
1979,20241011,2024,86.4,false,true,438,,13.2,,4.38,793.64,18.3,14.05,9.8,158,30.5
3481,20241011,2024,67,false,false,2480,,13.8,,5.4,4850.88,18,15.9,13.8,146,29.4
1913,20241012,2024,36.4,false,false,2241,,4,,9.35,21502.59,18.9,15.5,12.1,183,17.9
1980,20241012,2024,57.6,false,false,438,,4.1,,11.52,26441.4,20.9,16.799999999999997,12.7,165,23.2
3482,20241012,2024,38.2,false,false,2480,,4,,13.37,33520.01,20.6,17.5,14.4,146,16.5
1914,20241013,2024,25.2,false,false,2241,,1.1,,12.05,35216.14,19.7,16,12.3,122,12.1
1981,20241013,2024,37.4,false,false,438,,0.2,,13.57,35877.5,22.5,16.95,11.4,159,15.3
3483,20241013,2024,42.1,false,false,2480,,0.2,,13.73,36735.31,22.3,18.9,15.5,138,17.9
1915,20241014,2024,29.5,false,false,2241,,1.3,,13.45,33859.45,21.4,16.25,11.1,86,15.2
1982,20241014,2024,26.3,true,false,438,,0,,12.96,35686.6,22.5,17.7,12.9,128,10.7
3484,20241014,2024,21.2,true,false,2480,,0,,13.35,35720.95,23.3,18.8,14.3,150,7.6
4263,20241014,2024,33.8,true,false,277,,0,,13.08,34918.88,23.6,19.450000000000003,15.3,129,19.5
1916,20241015,2024,31.7,false,false,2241,,3.7,,3.95,4544.89,17.2,15.45,13.7,133,15.3
1983,20241015,2024,30.2,false,false,438,,1.7,,8.25,16951.11,20.1,17.35,14.6,161,11.8
3485,20241015,2024,40,false,false,2480,,5.8,,11.25,31045.5,21,18.3,15.6,138,17.8
1917,20241016,2024,44.3,false,false,2241,,32.4,,9.31,22639.12,17.9,14.399999999999999,10.9,236,20.9
1984,20241016,2024,32,false,false,438,,31,,6.38,7521.27,17.3,14.850000000000001,12.4,228,11.1
3486,20241016,2024,36.4,false,false,2480,,28.1,,5,7572.06,17.1,14.8,12.5,251,15.4
1918,20241017,2024,52.9,false,false,2241,,2.7,,13.37,35840.17,14.6,11.35,8.1,275,25.5
1985,20241017,2024,40.3,false,false,438,,8.9,,10.74,29693.03,15.9,13.600000000000001,11.3,294,15.5
3487,20241017,2024,43.2,false,false,2480,,9.2,,8.63,29825.02,14.9,12.9,10.9,300,16.5
4264,20241017,2024,46.4,false,false,1580,,0.1,,11.81,36115.66,19.4,15.899999999999999,12.4,291,22.3
1919,20241018,2024,34.6,false,false,2241,,0.1,,7.33,12211.35,14.6,10.9,7.2,254,18.1
1986,20241018,2024,29.2,false,false,438,,4.1,,3.81,235.86,16.5,14.7,12.9,181,10
3488,20241018,2024,30.2,false,false,2480,,3.2,,3.97,894.02,16.4,14.6,12.8,255,13.4
1920,20241019,2024,41,false,false,2241,,2.3,,3.91,0,15.4,13.4,11.4,232,21.5
1987,20241019,2024,45,false,false,438,,19.1,,1.44,0,16.5,15.5,14.5,184,18.7
3489,20241019,2024,35.6,false,false,2480,,3.5,,5.66,8004.45,18.1,16.1,14.1,203,15.6
4265,20241019,2024,23,true,false,54,,0,,11.05,28157.44,22.8,17.8,12.8,323,9.7
1921,20241020,2024,28.4,false,false,2241,,0.1,,9.62,21642.42,17.5,13.8,10.1,227,13.5
1988,20241020,2024,50,false,false,438,,3.5,,7.48,19506.67,18.8,17,15.2,177,21.8
3490,20241020,2024,25.9,false,false,2480,,0.9,,9.23,26500.99,19.7,16.75,13.8,184,10.2
1922,20241021,2024,27.7,true,false,2241,,0,,12.25,34280.29,18.7,13.2,7.7,242,13.4
1989,20241021,2024,36.4,false,false,438,,5.6,,6.84,16059.4,17.6,14.75,11.9,125,14.5
3491,20241021,2024,19.4,true,false,2480,,0,,7.03,22439.92,18.5,15.6,12.7,92,8.9
4266,20241021,2024,28.1,true,false,181,,0,,15.2,35462.35,23.1,18.5,13.9,4,15.2
1923,20241022,2024,42.5,true,false,2241,,0,,10.65,35167.53,17.5,13.95,10.4,64,22.4
1990,20241022,2024,31.7,true,false,438,,0,,13.43,34634.28,19.6,14.600000000000001,9.6,16,13.4
3492,20241022,2024,22,true,false,2480,,0,,14.01,35115.34,21.3,16.1,10.9,118,8.7
4267,20241022,2024,30.6,true,false,2358,,0,,15.34,35699.17,25.7,20.15,14.6,24,18
4268,20241022,2024,26.6,true,false,2007,,0,,12.32,34431.54,21.8,15.95,10.1,3,10.7
4269,20241022,2024,27.4,true,false,1234,,0,,15.06,35662.65,24.9,19.65,14.4,356,15
4270,20241022,2024,27.4,true,false,120,,0,,11.79,33961.36,22.1,16.85,11.6,33,11.4
1924,20241023,2024,35.6,true,false,2241,,0,,13.92,35093.06,19,13.7,8.4,68,19.7
1991,20241023,2024,23.8,true,false,438,,0,,13.67,34706.04,22.2,15.45,8.7,144,9
3493,20241023,2024,33.5,true,false,2480,,0,,13.86,34957.91,22.4,17.549999999999997,12.7,141,14.2
4271,20241023,2024,27.4,true,false,3043,,0,,15.17,35447.02,26,19.7,13.4,128,13.2
1925,20241024,2024,39.2,false,false,2241,,5,,11.07,31712.04,19,14.05,9.1,200,19.9
1992,20241024,2024,60.1,false,false,438,,6.6,,5.73,12986.69,19.1,15.4,11.7,190,21.6
3494,20241024,2024,42.1,false,false,2480,,7.3,,8.17,23424.33,20.6,16.6,12.6,189,17.2
4272,20241024,2024,49.7,false,false,201,,0.3,,11.93,34994.86,23.1,20.05,17,161,27.3
4273,20241024,2024,47.2,false,false,2028,,0.3,,11.08,34628.99,24.4,19.9,15.4,166,23.8
4274,20241024,2024,39.2,false,false,2858,,2.1,,8.85,22516.23,19.5,13.65,7.8,190,17.2
1926,20241025,2024,38.9,false,false,2241,,2.3,,12.33,34942.5,12.5,8.65,4.8,271,18.8
1993,20241025,2024,32.4,false,false,438,,4.5,,10.12,33171.05,12.1,9.85,7.6,308,11.8
3495,20241025,2024,42.5,false,false,2480,,4.6,,9.95,29087.03,12.4,9.85,7.3,311,18.3
1927,20241026,2024,29.5,false,false,2241,,1.8,,7.68,21539.15,10.9,7.550000000000001,4.2,267,14.8
1994,20241026,2024,27.4,false,false,438,,11.3,,4.18,1379.03,11.7,9.399999999999999,7.1,186,10.9
3496,20241026,2024,32.4,false,false,2480,,7.6,,5.22,11299.01,11.7,9.55,7.4,290,12.9
1928,20241027,2024,38.2,false,false,2241,,2.2,,6.93,22546.16,11.1,6.45,1.8,48,16.6
1995,20241027,2024,43.9,true,false,438,,0,,11.7,34236.54,15.9,12.350000000000001,8.8,21,18.1
3497,20241027,2024,27.4,true,false,2480,,0,,12.71,34428.46,15.5,10.45,5.4,51,11.4
1929,20241028,2024,51.1,false,false,2241,,0.4,,10.04,32190.59,16.2,11.899999999999999,7.6,62,25.8
1996,20241028,2024,33.1,true,false,438,,0,,12.16,34161.15,18.5,13.05,7.6,25,13.1
3498,20241028,2024,34.9,true,false,2480,,0,,11.03,34357.49,17.7,13.25,8.8,64,15.4
4275,20241028,2024,40.3,true,false,3086,,0,,13.6,34067.26,20,15,10,51,22.9
4276,20241028,2024,45.7,false,false,933,,0.2,,10.08,34026.79,13.9,10.25,6.6,47,21.8
4277,20241028,2024,36.7,true,false,288,,0,,14.03,34874.48,19.3,14.2,9.1,45,18.4
1930,20241029,2024,50.8,true,false,2241,,0,,11.95,33168.11,17.4,13.25,9.1,60,27.4
1997,20241029,2024,24.8,true,false,438,,0,,12.59,34075.97,20.6,13.9,7.2,29,10.1
3499,20241029,2024,36.7,true,false,2480,,0,,12.44,32020.28,19.8,14.3,8.8,74,12.5
4278,20241029,2024,49.7,true,false,601,,0,,11.62,30674.82,22.5,17.85,13.2,63,27.5
4279,20241029,2024,70.6,false,false,2009,,0.2,,10.3,25555.02,18.7,15.85,13,50,24.7
4280,20241029,2024,51.5,false,false,1355,,0.1,,11.76,32524.25,17.9,13.549999999999999,9.2,58,26.2
1931,20241030,2024,56.5,false,false,2241,,1.2,,10.29,28296.99,17.9,14.6,11.3,71,29.9
1998,20241030,2024,28.4,false,false,438,,0.1,,11.03,32673.38,20.5,15.4,10.3,28,12.1
3500,20241030,2024,40,false,false,2480,,0.2,,9.91,34201.45,18.3,15.15,12,93,14.4
4281,20241030,2024,40,false,false,1861,,0.7,,9.68,33658.38,18.7,14,9.3,71,13.4
1932,20241031,2024,38.9,false,false,2241,,0.4,,7.77,25253.64,17.3,13.7,10.1,84,21.3
1999,20241031,2024,40.3,false,false,438,,3.1,,9.33,28689.76,19.1,14.200000000000001,9.3,108,15.2
3501,20241031,2024,42.1,false,false,2480,,0.7,,10.24,34125.78,17.6,15.05,12.5,125,18.2
4282,20241031,2024,38.2,false,false,3235,,2.7,,10.28,33246.88,18,15,12,97,20
1933,20241101,2024,28.8,false,false,2241,,5,,10.64,29292.14,17.7,13.8,9.9,79,13.4
2000,20241101,2024,27.7,false,false,438,,0.6,,10.08,33383.62,19.5,14.85,10.2,113,11.2
3502,20241101,2024,33.8,false,false,2480,,1.5,,7.09,21957.92,18.5,15.5,12.5,128,13.3
1934,20241102,2024,34.2,true,false,2241,,0,,11.63,33703.79,17,13.3,9.6,65,16.3
2001,20241102,2024,18.4,false,false,438,,0.2,,11.13,33491.59,20.5,15.45,10.4,81,6.9
3503,20241102,2024,22,true,false,2480,,0,,11.86,33885.08,20.6,15.950000000000001,11.3,130,7.5
1935,20241103,2024,25.6,true,false,2241,,0,,11.93,33548.06,17.6,13.100000000000001,8.6,73,12.9
2002,20241103,2024,19.4,true,false,438,,0,,11.61,33272.25,21.3,15.600000000000001,9.9,132,7.4
3504,20241103,2024,33.5,true,false,2480,,0,,12.23,33733.1,20.8,16.75,12.7,131,13.1
481,20241104,2024,41.8,false,false,1113,,3.1,,7.98,19243.95,18.5,16.1,13.7,97,18.5
482,20241104,2024,28.4,false,false,1914,,1.5,,3.88,440.85,18.9,17.85,16.8,137,22.9
1936,20241104,2024,26.3,false,false,2241,,0.4,,9.54,27320.13,17.5,13.2,8.9,111,14.6
2003,20241104,2024,38.5,false,false,438,,0.9,,5.08,2812.85,18.9,15,11.1,144,15.2
3505,20241104,2024,45,false,false,2480,,1.4,,9,26444.28,19.3,17,14.7,139,18.5
692,20241105,2024,33.1,false,false,1939,,3.9,,3.42,835.91,13.8,12.65,11.5,157,17.5
693,20241105,2024,34.2,false,false,2552,,2.2,,9.77,28633.79,22.7,19.549999999999997,16.4,186,16.2
694,20241105,2024,26.3,false,false,2843,,2.2,,4.35,9276.14,17.9,14.5,11.1,64,12.5
695,20241105,2024,42.1,false,false,1252,,1.5,,4.43,3834.44,16.9,15.049999999999999,13.2,158,20.6
696,20241105,2024,26.6,false,false,2441,,3.9,,4.21,8032.15,18.5,15.15,11.8,82,11.9
697,20241105,2024,37.8,false,false,1398,,3.5,,3.7,3600,16.6,14.4,12.2,161,18
698,20241105,2024,41,false,false,455,,5.1,,5.12,9356.92,20.7,17.8,14.9,132,16.9
1937,20241105,2024,26.6,false,false,2241,,12.7,,4.63,11839.65,15.9,13.350000000000001,10.8,120,12.5
2004,20241105,2024,47.5,false,false,438,,3.9,,6.2,12626.77,19.9,17.15,14.4,145,18.8
3506,20241105,2024,44.6,false,false,2480,,9.6,,4.02,4202.62,18,16.5,15,139,19.6
699,20241106,2024,33.5,false,false,455,,0.2,,9.63,31983.48,22.8,18.7,14.6,129,14.6
972,20241106,2024,16.6,true,false,1399,,0,,12.6,32940.82,25.5,19.5,13.5,84,8.5
973,20241106,2024,22.3,true,false,41,,0,,11.91,27302.81,24.7,19.15,13.6,85,9.7
974,20241106,2024,23.8,false,false,2128,,0.2,,11.2,32119.85,22.8,19.2,15.6,77,10.8
975,20241106,2024,28.8,true,false,2988,,0,,13.4,33007.02,20.6,17.85,15.1,44,13.4
976,20241106,2024,32,true,false,1643,,0,,11.71,32566.07,22.9,18.95,15,63,17.6
977,20241106,2024,24.8,false,false,2571,,0.2,,9.06,30448.41,22,17.6,13.2,154,10.8
978,20241106,2024,24.5,false,false,3129,,0.6,,10.35,32505.29,21.6,17.15,12.7,75,12.8
979,20241106,2024,25.9,true,false,1964,,0,,11.95,32543.49,22.4,18.25,14.1,69,11.8
980,20241106,2024,24.1,true,false,3030,,0,,10.9,32550.94,24.4,19.6,14.8,137,11.8
981,20241106,2024,28.4,true,false,1709,,0,,10.57,31866.58,21.6,17.15,12.7,103,14
982,20241106,2024,26.3,true,false,2474,,0,,11.88,32223.19,22.8,18.5,14.2,70,11.9
983,20241106,2024,29.9,true,false,2769,,0,,11.91,28605,23.7,18.9,14.1,91,13.9
1938,20241106,2024,28.4,true,false,2241,,0,,11.6,33092.75,18.7,14.75,10.8,77,13.7
2005,20241106,2024,29.9,true,false,438,,0,,9.7,31935.73,21.2,16.9,12.6,153,12.4
3507,20241106,2024,28.4,true,false,2480,,0,,9.73,32608.92,21.5,18.05,14.6,140,11.7
700,20241107,2024,20.2,true,false,455,,0,,9.45,29385.57,23.3,17.7,12.1,94,8.6
1321,20241107,2024,29.2,true,false,428,,0,,12.15,33808.79,24.1,18.75,13.4,97,14.7
1322,20241107,2024,21.2,true,false,2963,,0,,11.25,32469.68,19,14.25,9.5,104,9.9
1323,20241107,2024,13.7,true,false,1558,,0,,11.31,32724.14,22.4,16.7,11,51,4.9
1324,20241107,2024,23.4,true,false,129,,0,,11.23,32599.95,19,15.45,11.9,267,9.3
1325,20241107,2024,28.1,true,false,1868,,0,,12.2,33826.92,22.6,17.5,12.4,121,13.1
1939,20241107,2024,24.5,true,false,2241,,0,,11.6,32945.59,18.4,13.5,8.6,77,13.3
2006,20241107,2024,18.4,true,false,438,,0,,9.57,29927.46,21.7,16.3,10.9,132,6.6
3508,20241107,2024,25.9,true,false,2480,,0,,9.81,31950.27,21,17.35,13.7,137,10.8
701,20241108,2024,42.1,false,false,455,,3.6,,6.64,23459.31,18.9,16.45,14,207,13.9
1940,20241108,2024,28.8,false,false,2241,,0.6,,8.65,24471.44,17.5,13.45,9.4,183,14.4
2007,20241108,2024,46.8,false,false,438,,1.5,,6.58,21600,17.6,15,12.4,193,18.2
2008,20241108,2024,28.4,false,false,599,,0.5,,8.75,24206.37,17,12.8,8.6,273,12.6
2009,20241108,2024,40,false,false,761,,1.4,,8.89,30799.54,19,15.85,12.7,212,19.2
2010,20241108,2024,32.4,false,false,246,,1.2,,8.43,28604.03,20,17.6,15.2,143,18.2
2011,20241108,2024,33.1,false,false,1995,,3.7,,8.28,28105.64,15.8,13.2,10.6,252,13.6
2012,20241108,2024,36,false,false,2915,,1.6,,9.06,30126.81,18.9,15.899999999999999,12.9,243,17.8
2013,20241108,2024,25.9,false,false,2556,,1,,9.27,28082.28,18.2,14.3,10.4,223,12.7
2014,20241108,2024,52.9,false,false,464,,2.3,,6.61,27840.3,17.1,14.700000000000001,12.3,209,16.1
2015,20241108,2024,38.2,false,false,1464,,0.6,,8.67,31337.32,19.5,16.3,13.1,217,20
2016,20241108,2024,37.1,false,false,506,,1.8,,8.57,28065.63,14.6,11.85,9.1,235,17.2
2017,20241108,2024,24.8,false,false,1350,,0.6,,7.36,21723.23,21.4,18.299999999999997,15.2,199,12.6
2018,20241108,2024,36,false,false,1550,,1.6,,9.06,30126.81,18.9,15.899999999999999,12.9,243,17.8
2019,20241108,2024,22,false,false,1003,,0.4,,5.99,16497.43,19.3,16.5,13.7,74,12.9
2020,20241108,2024,35.3,true,false,2791,,0,,9.08,28203.7,19.4,15.799999999999999,12.2,224,17
2021,20241108,2024,42.1,false,false,633,,3.6,,6.64,23459.31,19.3,16.85,14.4,207,13.9
2022,20241108,2024,36,false,false,2915,,1.6,,9.06,30126.81,18.9,15.899999999999999,12.9,243,17.8
2023,20241108,2024,31,false,false,2311,,0.3,,8.63,24331.58,16.4,12.899999999999999,9.4,176,12.2
2024,20241108,2024,39.6,false,false,373,,1,,8.78,31156.73,19.1,16.1,13.1,209,19.7
2025,20241108,2024,31,false,false,2311,,0.3,,8.63,24331.58,16.3,12.75,9.2,176,12.2
2026,20241108,2024,36,false,false,1106,,1.1,,8.73,22705.13,21.9,18.9,15.9,255,19.2
2027,20241108,2024,27.7,false,false,2144,,0.7,,8.77,24228.5,15.9,13.100000000000001,10.3,214,12.4
2028,20241108,2024,38.5,false,false,314,,1,,8.94,30429.09,18.9,15.899999999999999,12.9,225,18.7
2029,20241108,2024,40.3,false,false,453,,2.8,,6.82,25956.01,16.1,13.65,11.2,251,14.7
2030,20241108,2024,23,false,false,514,,1.2,,8.49,24481.68,19.2,15.649999999999999,12.1,226,10
2031,20241108,2024,36,false,false,1550,,1.6,,9.06,30126.81,18.9,15.899999999999999,12.9,243,17.8
2032,20241108,2024,27.7,false,false,274,,0.7,,8.56,25200,20.1,17.65,15.2,316,13.2
3509,20241108,2024,29.2,false,false,2480,,3.2,,8.36,29592.31,18.6,15.9,13.2,204,11.9
702,20241109,2024,25.6,true,false,455,,0,,8.92,25488.9,18.9,15.299999999999999,11.7,341,11.1
1941,20241109,2024,22.3,false,false,2241,,0.1,,8.92,24073.88,14.9,11.55,8.2,267,10.7
2033,20241109,2024,34.2,true,false,274,,0,,11.71,29547.72,18.3,15.5,12.7,4,17.3
3510,20241109,2024,23.8,false,false,2480,,0.1,,10.93,31919.59,16.1,12.9,9.7,349,8.7
3511,20241109,2024,23,true,false,2441,,0,,10.47,31719.06,15.4,13.05,10.7,283,10
3512,20241109,2024,27.7,true,false,1898,,0,,9.36,25548.35,16.8,13.3,9.8,345,10.4
3513,20241109,2024,28.8,true,false,2311,,0,,9.85,31468.43,15.9,13,10.1,302,14.1
3514,20241109,2024,28.8,true,false,659,,0,,11.61,33179.72,19.5,16.15,12.8,342,17.2
3515,20241109,2024,24.5,true,false,378,,0,,10.04,28572.12,17.8,15.100000000000001,12.4,21,13.7
3516,20241109,2024,24.8,true,false,1619,,0,,11.92,32673.57,20.6,16.950000000000003,13.3,12,13
3547,20241109,2024,20.9,true,false,163,,0,,10.71,31883.74,16.4,12.45,8.5,325,10.7
3548,20241109,2024,21.2,false,false,2675,,0.1,,10.59,31847.54,17,13.8,10.6,220,8.9
3549,20241109,2024,20.9,false,false,565,,0.1,,10.99,29682.79,16.2,12.7,9.2,330,8.4
3550,20241109,2024,31,true,false,410,,0,,11.23,32970.67,19,15.95,12.9,336,18.7
3551,20241109,2024,26.6,true,false,1067,,0,,9.58,31742.42,15.4,11.65,7.9,278,12.6
3552,20241109,2024,23,true,false,1501,,0,,10.47,31719.06,17.3,14.95,12.6,283,10
3553,20241109,2024,22,true,false,607,,0,,10.02,29736.52,18.2,14.399999999999999,10.6,336,7.8
3554,20241109,2024,19.4,true,false,2345,,0,,10.53,31780.13,15.4,11.850000000000001,8.3,235,9
3555,20241109,2024,31.7,true,false,245,,0,,10.49,30533.66,18.1,15.850000000000001,13.6,7,16.1
3556,20241109,2024,33.5,true,false,731,,0,,10.71,32443.21,16.6,14,11.4,346,16.5
3557,20241109,2024,16.2,false,false,62,,0.2,,10.5,31705.6,15.1,12.6,10.1,286,6.6
3588,20241109,2024,35.3,true,false,1806,,0,,11.01,32323.63,16.6,13.950000000000001,11.3,339,18.1
3589,20241109,2024,16.6,false,false,63,,0.2,,10.55,31696.79,15.9,13.4,10.9,239,6.6
3590,20241109,2024,28.8,true,false,1781,,0,,11.93,32623.01,20.2,17.05,13.9,358,14.9
3591,20241109,2024,20.5,false,false,173,,0.1,,10.16,24800.41,19.2,15.399999999999999,11.6,317,8.7
3592,20241109,2024,15.5,true,false,341,,0,,10.42,31610.26,17.5,14.45,11.4,359,7.1
3593,20241109,2024,28.1,true,false,927,,0,,10.32,27491.81,18.5,15.45,12.4,10,14.1
3594,20241109,2024,24.5,true,false,730,,0,,10.03,29373,17.9,15.149999999999999,12.4,18,12.8
3595,20241109,2024,19.1,false,false,1418,,0.1,,10,31590.69,17,11.95,6.9,256,8.5
3596,20241109,2024,18,false,false,307,,0.1,,10.83,31771.48,16.5,13.45,10.4,295,6.2
3597,20241109,2024,20.9,false,false,2083,,0.1,,10.82,31731.91,15,11.9,8.8,258,7.6
3598,20241109,2024,24.8,true,false,3070,,0,,12.03,32630.39,19.9,16.25,12.6,350,13.5
3599,20241109,2024,16.2,false,false,2610,,0.2,,10.65,31762.81,16.4,13.7,11,287,6.4
3600,20241109,2024,16.2,true,false,1575,,0,,9.75,24170.39,18,14.95,11.9,336,9.2
3601,20241109,2024,22,true,false,101,,0,,9.35,29652.32,15.2,11.649999999999999,8.1,287,11.4
3602,20241109,2024,24.8,true,false,2931,,0,,11.1,32196.29,15.2,11.899999999999999,8.6,339,8.2
3603,20241109,2024,15.8,true,false,504,,0,,10.17,27853.09,15.2,10.25,5.3,326,6.5
3634,20241109,2024,22.7,true,false,795,,0,,10.18,31767.67,15.8,13.350000000000001,10.9,317,10.7
3665,20241109,2024,16.6,true,false,2466,,0,,10.92,30315.56,18.4,14.149999999999999,9.9,334,7
703,20241110,2024,28.4,false,false,455,,2.9,,3.29,2903.41,19,16.7,14.4,330,11.6
1942,20241110,2024,30.6,false,false,2241,,1.5,,5.75,20547.46,15.6,12.149999999999999,8.7,281,15.2
2034,20241110,2024,45,true,false,274,,0,,11.74,32893.47,20.1,16.35,12.6,8,24.3
3517,20241110,2024,34.6,true,false,1619,,0,,11.9,33004.91,23,18.05,13.1,22,19.3
3558,20241110,2024,16.6,false,false,62,,0.8,,2.89,0,15.3,12.65,10,288,6.2
3604,20241110,2024,37.8,false,false,504,,1.3,,6,15152.94,15.4,13.05,10.7,330,18
3635,20241110,2024,23.8,false,false,795,,0.6,,3.01,0,16.1,13.4,10.7,301,11.5
3666,20241110,2024,20.2,false,false,2466,,0.1,,10.57,32000.64,20.2,14.85,9.5,328,9
704,20241111,2024,24.8,true,false,455,,0,,10.3,28374.3,20.3,15.55,10.8,19,10.2
1943,20241111,2024,41.4,true,false,2241,,0,,10.56,32241.1,15.6,11.45,7.3,66,20.9
2035,20241111,2024,40.3,true,false,274,,0,,11.59,32324.28,21.2,17.7,14.2,25,22.3
3518,20241111,2024,37.1,true,false,1619,,0,,11.64,32578.62,22.1,18.85,15.6,33,19.3
3559,20241111,2024,30.2,true,false,62,,0,,10.76,31763.7,17.6,12.4,7.2,67,13.1
3605,20241111,2024,34.6,true,false,504,,0,,10.58,31615.66,15,11.3,7.6,33,17.2
3636,20241111,2024,27.7,true,false,795,,0,,10.77,31748.71,18.6,14.05,9.5,72,13.7
3667,20241111,2024,38.9,true,false,2466,,0,,11.22,32738.87,18.8,15.25,11.7,20,18.3
4323,20241111,2024,38.9,true,false,2254,,0,,10.61,31552.84,17.4,12.85,8.3,92,17.2
705,20241112,2024,50,true,false,455,,0,,10.65,31685.98,18.8,13.3,7.8,21,19
1944,20241112,2024,51.5,true,false,2241,,0,,10.56,31851.88,14.6,9.85,5.1,54,25.2
2036,20241112,2024,31,true,false,274,,0,,12.09,32665.79,19,15.4,11.8,58,16.7
3519,20241112,2024,34.9,true,false,1619,,0,,12.09,32769.9,19.3,15.7,12.1,34,18.2
3560,20241112,2024,36,true,false,62,,0,,10.96,31912.53,15.8,10.25,4.7,59,13.9
3606,20241112,2024,47.9,true,false,504,,0,,10.9,31764.46,12.9,8.05,3.2,16,22.5
3637,20241112,2024,29.2,true,false,795,,0,,10.85,31820.77,17,11.9,6.8,62,14.1
3668,20241112,2024,48.6,true,false,2466,,0,,11.61,32454.38,16.5,12.3,8.1,19,24.4
4371,20241112,2024,52.9,true,false,452,,0,,10.9,31785.93,15.9,10.75,5.6,48,15.8
706,20241113,2024,49,false,false,455,,1.4,,9.64,30390.94,15.8,11.25,6.7,25,16.8
1945,20241113,2024,67,false,true,2241,,1.5,,8.12,21648.08,9.4,6.25,3.1,62,34.4
2037,20241113,2024,38.5,true,false,274,,0,,11.55,32594.36,14.1,10.7,7.3,56,20.1
3520,20241113,2024,41.8,true,false,1619,,0,,10.78,32697.29,14.8,11.600000000000001,8.4,38,19.7
3561,20241113,2024,63.7,false,false,62,,4.2,,9.28,29593.73,11.5,6.95,2.4,69,26
3607,20241113,2024,61.6,false,false,504,,3.7,,9.13,27993.19,8.9,5.550000000000001,2.2,57,26.2
3638,20241113,2024,56.5,false,false,795,,1.2,,9.4,30845.81,12.5,8.5,4.5,70,26.8
3669,20241113,2024,44.6,false,false,2466,,5.7,,8.91,25570.15,11.4,8.7,6,41,23.3
4329,20241113,2024,67.3,false,false,3250,,4.8,,9.32,29112.46,11.2,8.05,4.9,79,26.1
4330,20241113,2024,67.3,false,true,894,,10.6,,8.97,25635.8,11.2,8.05,4.9,71,33.8
4331,20241113,2024,34.6,true,false,49,,0,,12.45,33093.4,15.1,11.35,7.6,22,16.5
4332,20241113,2024,53.3,false,false,2993,,6.1,,7.08,24525.44,11.4,8.05,4.7,49,26.7
4333,20241113,2024,47.2,false,false,1762,,6.9,,10.79,32285.1,13.9,10,6.1,76,22.9
4334,20241113,2024,51.8,false,false,826,,0.2,,9.6,31721.38,15.4,11.4,7.4,53,23.7
4335,20241113,2024,47.2,false,false,94,,2.2,,9.82,28951.53,12.8,7.6000000000000005,2.4,34,16.5
707,20241114,2024,46.4,false,false,455,,1.2,,9.28,28844.26,20,14.6,9.2,81,17.8
1946,20241114,2024,61.9,true,false,2241,,0,,9.32,31156.57,15.1,11.1,7.1,72,28.1
2038,20241114,2024,43.6,false,false,274,,0.8,,6.47,18292.28,15.1,11.05,7,105,20
3521,20241114,2024,44.3,false,false,1619,,1.9,,6.87,17868.62,16.8,12.350000000000001,7.9,93,18.5
3562,20241114,2024,49.3,false,false,62,,0.7,,8.59,26589.06,16.9,11.649999999999999,6.4,77,19.3
3608,20241114,2024,50,false,false,504,,0.9,,8.71,30376.33,13.4,9.6,5.8,92,23.5
3639,20241114,2024,45.4,false,false,795,,0.4,,8.51,25300.9,17.4,12.6,7.8,89,21.9
3670,20241114,2024,44.6,false,false,2466,,4.9,,5.38,13659.65,15.6,11.15,6.7,89,22.2
4336,20241114,2024,27,true,false,1489,,0,,8.34,29722.11,16,10.3,4.6,57,8.9
4337,20241114,2024,27,true,false,1489,,0,,8.34,29722.11,15.9,10.2,4.5,57,8.9
708,20241115,2024,34.6,false,false,455,,0.8,,6.78,21112.31,19.9,15.299999999999999,10.7,91,13.6
1947,20241115,2024,38.5,false,false,2241,,0.2,,9.35,29920.93,16.8,12.600000000000001,8.4,73,19.1
2039,20241115,2024,54,false,false,274,,2.7,,6.51,13728.99,17.7,14.649999999999999,11.6,117,27.9
3522,20241115,2024,51.8,false,false,1619,,3.1,,6.52,14319.78,19.1,16.1,13.1,116,25.1
3563,20241115,2024,27,false,false,62,,5.1,,5.82,17792.96,16.1,12.950000000000001,9.8,78,10.1
3609,20241115,2024,33.5,false,false,504,,2.3,,7.71,30643.56,13.1,10.6,8.1,98,14.9
3640,20241115,2024,36,false,false,795,,0.7,,5.52,15018.07,17,13.7,10.4,92,15.1
3671,20241115,2024,38.2,false,false,2466,,12.6,,4.65,7846.53,15.3,13.05,10.8,91,19.5
709,20241116,2024,29.9,true,false,455,,0,,5.83,20664.67,20.3,15.65,11,92,10.7
1948,20241116,2024,35.3,false,false,2241,,1.3,,6.48,17715.43,14.8,11.55,8.3,68,18.2
2040,20241116,2024,52.2,false,false,274,,0.7,,9.67,32047.92,20.3,16.55,12.8,114,23.9
3523,20241116,2024,51.8,false,false,1619,,2,,9.84,32053.18,21.9,18.4,14.9,116,26
3564,20241116,2024,31.7,false,false,62,,0.8,,7.56,27617.15,16.9,12.5,8.1,85,12.8
3610,20241116,2024,27.4,false,false,504,,1.5,,5.33,16350.11,12.1,9.9,7.7,97,12.5
3641,20241116,2024,32.4,false,false,795,,0.9,,6.99,25372.01,17.8,13.9,10,92,16
3672,20241116,2024,40.7,false,false,2466,,3.6,,8.9,24183.4,16.5,13.4,10.3,74,20.4
710,20241117,2024,16.9,true,false,455,,0,,9.87,31295.16,22.7,16.25,9.8,59,6.2
1949,20241117,2024,25.2,true,false,2241,,0,,10.17,31185.45,17.6,12.450000000000001,7.3,74,14.1
2041,20241117,2024,36.4,true,false,274,,0,,10.28,32000.99,19.2,16.4,13.6,117,18.9
3524,20241117,2024,32.8,false,false,1619,,0.5,,9.72,32006.91,21,17.75,14.5,104,14.9
3565,20241117,2024,20.9,true,false,62,,0,,10,31276.18,19.3,13.100000000000001,6.9,87,8.8
3611,20241117,2024,16.6,true,false,504,,0,,10.15,31159.99,15.2,11.75,8.3,75,5.4
3642,20241117,2024,24.8,true,false,795,,0,,9.9,31300.51,19.9,14.35,8.8,88,12.4
3673,20241117,2024,24.5,false,false,2466,,1,,8.06,20570.42,19,14.4,9.8,43,11.8
4338,20241117,2024,40,true,false,2154,,0,,10.2,31997.94,19.5,16.2,12.9,114,22.1
4339,20241117,2024,29.2,true,false,2634,,0,,9.74,31368.01,19.5,16,12.5,73,15.4
4340,20241117,2024,39.6,true,false,3061,,0,,9.85,31573.93,20.7,16.05,11.4,78,19.5
4341,20241117,2024,24.8,true,false,462,,0,,9.82,31326.47,18.9,13.549999999999999,8.2,72,9.4
711,20241118,2024,15.1,false,false,455,,0.3,,9.37,31242.66,20.6,16.4,12.2,86,4.6
1950,20241118,2024,21.6,true,false,2241,,0,,9.84,30980.11,17.4,11.649999999999999,5.9,233,9.1
2042,20241118,2024,22,false,false,274,,2.5,,8.77,31546.18,19.5,15.8,12.1,127,12.2
3525,20241118,2024,24.1,false,false,1619,,1.4,,9.55,31962.43,20.2,16.6,13,119,8
3566,20241118,2024,20.2,false,false,62,,1.4,,9.18,31187.59,18.3,13.100000000000001,7.9,93,7
3612,20241118,2024,19.1,false,false,504,,3.2,,8.89,31030.17,15.4,12.15,8.9,274,7.9
3643,20241118,2024,19.4,false,false,795,,2.2,,9.3,31243.23,18.5,13.2,7.9,97,9.4
3674,20241118,2024,20.2,false,false,2466,,1.8,,10.38,31458,18.4,14.149999999999999,9.9,353,7.1
4342,20241118,2024,20.9,false,false,887,,3.2,,9.4,31065.88,18,14.5,11,76,7.7
712,20241119,2024,25.6,false,false,455,,0.3,,4.05,3541.32,15.3,13.100000000000001,10.9,329,10.3
1951,20241119,2024,41,false,false,2241,,0.1,,7.52,29848.08,13.3,10.100000000000001,6.9,253,21.1
2043,20241119,2024,27.4,false,false,274,,0.2,,10.17,31915.61,18.6,14.65,10.7,4,12.6
3526,20241119,2024,22.7,true,false,1619,,0,,9.82,28859.09,19.8,16.1,12.4,15,11.3
3567,20241119,2024,22.3,false,false,62,,0.9,,4.23,1855.51,12.8,10.100000000000001,7.4,264,8.5
3613,20241119,2024,28.1,true,false,504,,0,,7.57,29041.19,14.1,10.25,6.4,279,11.5
3644,20241119,2024,25.2,false,false,795,,0.2,,3.83,0,13.2,10.75,8.3,268,11.2
3675,20241119,2024,32.8,true,false,2466,,0,,9.48,31239.5,18,12.9,7.8,300,16.3
4343,20241119,2024,43.6,true,false,125,,0,,8.95,30846.61,12.9,9.55,6.2,290,19.2
713,20241120,2024,29.5,false,false,455,,3.8,,5.44,20107.05,16,13.95,11.9,254,12.3
1952,20241120,2024,44.6,false,false,2241,,0.6,,5.91,21921.18,13,9.6,6.2,258,23.1
2044,20241120,2024,30.6,false,false,274,,0.3,,6.15,17511.19,16.1,13.25,10.4,320,14.6
3527,20241120,2024,31.7,true,false,1619,,0,,8.08,26357.09,18.2,14.7,11.2,320,13.9
3568,20241120,2024,33.8,false,false,62,,5,,4.75,15328.62,12.7,10,7.3,246,13.7
3614,20241120,2024,39.2,true,false,504,,0,,5.67,16837.01,12.2,9.5,6.8,270,17.9
3645,20241120,2024,33.5,false,false,795,,2.8,,5.08,19577.09,13.7,11.25,8.8,258,16.1
3676,20241120,2024,42.8,true,false,2466,,0,,9.98,31295.1,16.9,10.899999999999999,4.9,296,22
714,20241121,2024,52.6,false,false,455,,14.9,,4.84,16269.8,15.8,14.25,12.7,254,22.1
1953,20241121,2024,70.6,false,true,2241,,4.2,,4.94,13410.67,12.4,10.65,8.9,250,36.9
2045,20241121,2024,38.2,false,false,274,,1.2,,6.05,23605.87,16.1,14.65,13.2,281,19.5
3528,20241121,2024,45.4,false,false,1619,,0.6,,7.1,27725.27,18.8,16.7,14.6,282,21.6
3569,20241121,2024,57.6,false,false,62,,17.6,,3.17,4956.03,12,11.25,10.5,248,24.6
3615,20241121,2024,61.9,false,false,504,,7.4,,3.73,8787.19,10.5,9.55,8.6,258,28.2
3646,20241121,2024,57.2,false,false,795,,10.6,,4,8059.64,13.9,12.45,11,253,25.3
3677,20241121,2024,51.5,false,false,2466,,0.1,,7.47,31038.22,15.4,13.100000000000001,10.8,271,26.9
715,20241122,2024,27.4,false,false,455,,2.2,,9.08,28834.04,16.7,12.25,7.8,83,10.1
1954,20241122,2024,49.7,false,false,2241,,4.2,,9.59,30532,10.9,8.1,5.3,136,21.7
2046,20241122,2024,37.8,false,false,274,,1.7,,8.73,31794.67,18,15.3,12.6,276,18.9
3529,20241122,2024,37.4,false,false,1619,,0.5,,9.46,31803.73,19.6,17.1,14.6,273,18.6
3570,20241122,2024,47.5,false,false,62,,5.5,,7.93,22302.04,14.2,11.95,9.7,221,17.6
3616,20241122,2024,39.6,false,false,504,,3.1,,8.54,30834.17,10.9,7.1,3.3,290,18.4
3647,20241122,2024,48.2,false,false,795,,2.9,,8.64,26455.95,14.8,11.95,9.1,211,18.9
3678,20241122,2024,39.6,false,false,2466,,0.5,,8.68,31113.46,17.5,14.45,11.4,277,20.2
716,20241123,2024,48.6,false,false,455,,0.1,,8.03,27850.44,21,17,13,152,17.5
1955,20241123,2024,48.2,true,false,2241,,0,,6.89,25717.72,15.4,11.55,7.7,197,25.8
2047,20241123,2024,46.8,true,false,274,,0,,10.09,31759.57,20.3,16.65,13,143,22.8
3530,20241123,2024,47.5,true,false,1619,,0,,10.06,31769.21,21.9,18.35,14.8,143,24.4
3571,20241123,2024,34.6,true,false,62,,0,,8.14,29506.42,18.2,12.75,7.3,131,12.9
3617,20241123,2024,39.2,false,false,504,,0.1,,6.43,23243.55,13.6,10.35,7.1,158,17.9
3648,20241123,2024,45,true,false,795,,0,,8.23,29952.46,19,14,9,147,21.7
3679,20241123,2024,30.2,false,false,2466,,0.3,,5.75,14101.79,17,13.95,10.9,121,14.7
4344,20241123,2024,56.9,true,false,456,,0,,8.3,29163.77,18.6,15.05,11.5,169,24.3
4345,20241123,2024,59,true,false,2571,,0,,8.34,29343.42,20.3,16.75,13.2,176,23.6
4346,20241123,2024,68.8,false,false,1983,,0.1,,8.24,28562.38,17.6,14.350000000000001,11.1,165,26.2
4347,20241123,2024,56.9,true,false,456,,0,,8.3,29163.77,18.4,14.899999999999999,11.4,169,24.3
717,20241124,2024,101.2,false,true,455,,28.1,,1.31,0,20.3,17,13.7,172,38.9
1956,20241124,2024,70.9,false,true,2241,,4.2,,4.93,15156.09,18.5,15.45,12.4,189,37.3
2048,20241124,2024,65.2,false,true,274,,11.4,,4.09,10126.68,20.8,18.3,15.8,169,31.7
3531,20241124,2024,72,false,true,1619,,15.6,,3.92,13736.89,21.8,19.8,17.8,169,36.3
3572,20241124,2024,71.3,false,false,62,,20.6,,1.99,2351.79,17.5,14.9,12.3,159,24.7
3618,20241124,2024,63,false,true,504,,17.5,,3.36,10813.9,13.4,10.8,8.2,176,30.4
3649,20241124,2024,71.6,false,true,795,,20.1,,2,1592.95,18.2,16.1,14,166,30.9
3680,20241124,2024,57.6,false,false,2466,,6.2,,4.16,7200,16.8,13.5,10.2,131,26.2
4348,20241124,2024,77.8,false,true,2313,,25.8,,3.2,8506.07,20.5,17.9,15.3,171,39
4349,20241124,2024,95.8,false,true,813,,30.5,,2.66,4847.03,17.2,15.55,13.9,161,32.1
4350,20241124,2024,67.7,false,true,918,,45.9,,2.75,3541.11,20.8,18.450000000000003,16.1,158,35.5
4351,20241124,2024,76.3,false,true,1870,,22.9,,2.09,325.94,19.6,17.1,14.6,170,33.9
4352,20241124,2024,105.1,false,true,456,,27.6,,1.61,4038.61,17.3,13.95,10.6,176,37.1
4353,20241124,2024,76.7,false,true,1844,,11.6,,4.26,12411.99,22.1,19.65,17.2,156,43.1
4354,20241124,2024,99.4,false,true,2521,,38,,1.75,0,20.6,17,13.4,180,39.5
4355,20241124,2024,106.6,false,true,838,,30.6,,1.54,0,20.4,17,13.6,173,46.5
4356,20241124,2024,87.8,false,true,2767,,20.9,,2.64,963.97,20.7,17.45,14.2,174,45.9
4357,20241124,2024,76.3,false,true,1870,,22.9,,2.09,325.94,19.6,17.1,14.6,170,33.9
4358,20241124,2024,78.1,false,false,663,,20.6,,1.97,775.27,18.8,16.3,13.8,158,29.8
4359,20241124,2024,105.1,false,true,451,,27.6,,1.61,4038.61,17.4,14.049999999999999,10.7,176,37.1
4360,20241124,2024,102.6,false,false,2942,,21.5,,3.48,9100.44,15.3,13.75,12.2,157,28.1
4361,20241124,2024,88.6,false,true,2729,,35.5,,1.72,4960.19,17.6,15.100000000000001,12.6,174,31
4362,20241124,2024,105.1,false,true,456,,27.6,,1.61,4038.61,17.2,13.85,10.5,176,37.1
4363,20241124,2024,105.8,false,true,689,,7.1,,3.61,10421.08,13.9,11.45,9,166,33.8
4364,20241124,2024,79.6,false,false,1489,,41.6,,1.44,0,17.3,13.8,10.3,179,29.7
4365,20241124,2024,88.6,false,true,435,,35.5,,1.72,4960.19,17.6,15.100000000000001,12.6,174,31
718,20241125,2024,35.6,false,false,455,,5.3,,7.21,29856.04,15,12.4,9.8,258,14.1
1957,20241125,2024,78.1,false,true,2241,,15.5,,7.62,29231.34,12.4,8.75,5.1,245,33.7
2049,20241125,2024,59.8,false,false,274,,11.4,,8.33,31663.81,16.6,13.950000000000001,11.3,306,27.8
3532,20241125,2024,63.4,false,true,1619,,9.7,,9.42,31706.85,18.4,15.6,12.8,295,30.7
3573,20241125,2024,50,false,false,62,,23.4,,5.51,22206.23,12.7,10,7.3,248,17.1
3619,20241125,2024,51.5,false,false,504,,13.5,,5.37,25686.05,11.1,7.85,4.6,260,19.5
3650,20241125,2024,38.9,false,false,795,,12.2,,6.58,27594.11,12.6,10.35,8.1,269,17.1
3681,20241125,2024,55.4,false,false,2466,,28.8,,8.03,31007.36,14.1,10,5.9,265,23.7
719,20241126,2024,27,false,false,455,,0.6,,3.77,10903.2,14.9,11.8,8.7,141,10.6
1958,20241126,2024,22.7,true,false,2241,,0,,5.7,16724.64,10.2,7.199999999999999,4.2,215,10
2050,20241126,2024,19.4,true,false,274,,0,,8.5,22725.15,17.1,13.100000000000001,9.1,146,7.6
3533,20241126,2024,17.3,false,false,1619,,0.2,,9.12,28079.16,18.5,14.5,10.5,107,6.2
3574,20241126,2024,19.1,true,false,62,,0,,5.83,18597.53,13,8.95,4.9,155,7.6
3620,20241126,2024,27.4,false,false,504,,0.4,,4.71,14772.45,10,7.6,5.2,219,11.9
3651,20241126,2024,21.6,true,false,795,,0,,5.3,18614.38,14.1,9.95,5.8,143,9
3682,20241126,2024,11.5,true,false,2466,,0,,6.46,15335.78,12.8,9,5.2,5,5.8
720,20241127,2024,31.3,true,false,455,,0,,8.2,30290.45,17.1,12.950000000000001,8.8,129,12.2
1959,20241127,2024,19.1,true,false,2241,,0,,9.07,30375.56,11.9,6.95,2,100,11.1
2051,20241127,2024,29.2,true,false,274,,0,,10.36,31480.75,15.9,12.15,8.4,118,15.5
3534,20241127,2024,23,true,false,1619,,0,,10.42,31587.27,17.6,13.100000000000001,8.6,83,11.7
3575,20241127,2024,18.4,true,false,62,,0,,9.04,30469.13,14.9,9.35,3.8,114,7.8
3621,20241127,2024,20.5,true,false,504,,0,,9.14,30290.45,10.3,7.2,4.1,166,7.7
3652,20241127,2024,21.2,true,false,795,,0,,8.93,30469.13,15.3,10.100000000000001,4.9,105,10.2
3683,20241127,2024,19.1,true,false,2466,,0,,10.05,30948.76,13.7,8.75,3.8,43,7.4
721,20241128,2024,34.9,true,false,455,,0,,8.88,30193.33,20,13.25,6.5,120,11.2
1960,20241128,2024,26.6,true,false,2241,,0,,8.85,27556.58,11.9,7.35,2.8,76,13.5
2052,20241128,2024,46.4,true,false,274,,0,,9.57,28576.11,20.2,15.149999999999999,10.1,139,23.6
3535,20241128,2024,46.8,true,false,1619,,0,,9.41,30882.11,22.1,16.5,10.9,137,23.9
3576,20241128,2024,25.6,true,false,62,,0,,9.22,30373.73,15.5,9.5,3.5,99,10
3622,20241128,2024,23,true,false,504,,0,,9.26,30193.33,10,6.75,3.5,108,9.9
3653,20241128,2024,34.9,true,false,795,,0,,9.08,30373.73,16.3,10.45,4.6,100,14.9
3684,20241128,2024,27,true,false,2466,,0,,9.7,30923.31,15,10.1,5.2,59,12.6
4366,20241128,2024,48.2,true,false,2820,,0,,9.6,30609.48,16.8,10.45,4.1,153,27.3
4367,20241128,2024,36.7,true,false,935,,0,,8.81,30056.32,19.1,13.700000000000001,8.3,109,17.4
722,20241129,2024,34.9,false,false,455,,15.4,,5.33,14689.26,19,16.1,13.2,155,13.8
1961,20241129,2024,27.4,true,false,2241,,0,,8.12,29341.39,16.4,10.85,5.3,170,12.9
2053,20241129,2024,35.3,false,false,274,,1,,6,18520.47,19.7,17.65,15.6,167,15
3536,20241129,2024,37.4,false,false,1619,,0.1,,7.02,24533.43,21.2,19.2,17.2,180,17.8
3577,20241129,2024,21.2,false,false,62,,2,,5.71,26002.06,15.6,12,8.4,116,7.9
3623,20241129,2024,16.9,false,false,504,,1.1,,4.06,15482.62,11.9,9.3,6.7,185,6.2
3654,20241129,2024,22.3,false,false,795,,19.7,,5.35,22710.35,16,12.55,9.1,108,10.1
3685,20241129,2024,17.3,false,false,2466,,0.1,,3.62,1600.65,15.3,11.75,8.2,50,6.6
723,20241130,2024,37.1,false,false,455,,9.5,,6.07,21662.68,19.8,17.2,14.6,149,12.7
1962,20241130,2024,25.6,true,false,2241,,0,,7.73,28602.75,17,12.5,8,159,15.1
2054,20241130,2024,29.2,true,false,274,,0,,7.77,23659.79,19.9,17.35,14.8,154,15.6
3537,20241130,2024,24.8,true,false,1619,,0,,7.37,22524.03,21.2,17.8,14.4,146,12.4
3578,20241130,2024,22.3,false,false,62,,0.1,,7.06,27926.11,17.7,13.45,9.2,129,8.3
3624,20241130,2024,25.9,false,false,504,,0.1,,6.54,25555.64,13.6,11.2,8.8,181,11.5
3655,20241130,2024,24.5,false,false,795,,2.7,,6.84,24908.19,18.3,14.100000000000001,9.9,133,12
3686,20241130,2024,16.2,true,false,2466,,0,,8.56,30094.87,17.4,13.5,9.6,55,6.1
4368,20241130,2024,36.7,true,false,2887,,0,,6.49,25693.62,21.2,17.05,12.9,162,16
102,20241201,2024,38.5,false,false,268,,1.2,,5.03,12951.88,18.1,15.600000000000001,13.1,88,14.1
724,20241201,2024,26.6,false,false,455,,21.4,,4.07,7613.49,19.5,15.9,12.3,126,7.1
1963,20241201,2024,28.1,false,false,2241,,2.5,,7.7,24169.9,16.5,12.45,8.4,172,11.9
2055,20241201,2024,37.4,false,false,274,,0.5,,5.04,12464.67,18.4,15.6,12.8,126,18.7
3538,20241201,2024,30.2,false,false,1619,,0.4,,4.63,13523.45,20.5,17.5,14.5,103,15.3
3579,20241201,2024,23.8,false,false,62,,1,,5.58,17401.63,18.4,13.649999999999999,8.9,122,8.9
3625,20241201,2024,25.2,false,false,504,,1.6,,5.63,20970.3,13.4,10.850000000000001,8.3,212,11.6
3656,20241201,2024,27.4,false,false,795,,0.2,,4.75,12709.68,18.2,14,9.8,124,13
3687,20241201,2024,24.1,false,false,2466,,2.2,,6.22,21543.59,16.5,13.05,9.6,38,10.8
725,20241202,2024,27.4,false,false,455,,1.4,,8.08,29835.88,17.3,13.100000000000001,8.9,3,10.9
1964,20241202,2024,24.1,false,false,2241,,0.1,,8.33,29833.84,15.1,10.6,6.1,160,9.5
2056,20241202,2024,30.6,false,false,274,,2.7,,7.14,28591.55,18,14.8,11.6,23,15.9
3539,20241202,2024,30.6,true,false,1619,,0,,7.79,27943.43,18.8,15.5,12.2,40,12
3580,20241202,2024,18,false,false,62,,0.1,,8.07,30022.66,15.6,11.4,7.2,53,6.8
3626,20241202,2024,22.7,false,false,504,,1.3,,7.21,29202.61,12.8,9.5,6.2,306,11.2
3657,20241202,2024,19.4,false,false,795,,0.2,,7.72,30022.66,16,11.85,7.7,55,9.6
3688,20241202,2024,19.8,false,false,2466,,1.2,,9.12,30593.38,16.9,12.899999999999999,8.9,30,8.9
726,20241203,2024,25.2,false,false,455,,2.6,,4.78,11612.17,13.8,10.350000000000001,6.9,0,9.4
1965,20241203,2024,37.1,false,false,2241,,0.1,,4.87,14694.51,10.4,7.7,5,249,19.6
2057,20241203,2024,43.2,false,false,274,,0.1,,5.43,13567.18,15.1,13.35,11.6,344,22
3540,20241203,2024,38.2,true,false,1619,,0,,6.7,21077.21,17.5,14.55,11.6,346,17.2
3581,20241203,2024,24.1,false,false,62,,1.9,,4.26,10903.53,10.5,8.6,6.7,249,9.1
3627,20241203,2024,27.7,false,false,504,,0.2,,4.91,12980.66,10.4,7.45,4.5,283,11.9
3658,20241203,2024,23.8,false,false,795,,1.5,,4.87,15833.96,11.4,9.25,7.1,248,9.7
3689,20241203,2024,22,true,false,2466,,0,,6.69,18967.49,14.9,11.3,7.7,315,11.3
483,20241204,2024,23,true,false,1798,,0,,5.58,16275.46,14.6,12.2,9.8,14,9
484,20241204,2024,17.6,false,false,1371,,0.1,,7.13,22047.11,16,12.1,8.2,285,6.8
485,20241204,2024,22.3,true,false,2187,,0,,7.5,20977.05,16,12.45,8.9,23,9.3
486,20241204,2024,26.6,true,false,1045,,0,,6.56,20657.16,11.8,8.25,4.7,184,7.1
487,20241204,2024,16.9,true,false,74,,0,,6.31,21503.47,15.9,12.45,9,54,5.7
488,20241204,2024,22.3,true,false,1838,,0,,7.5,20977.05,16,12.45,8.9,23,9.3
489,20241204,2024,32.4,false,false,855,,0.1,,9.68,28767.51,18.6,14.05,9.5,322,16.7
490,20241204,2024,31.3,false,false,311,,0.3,,7.5,23500.33,14.5,10.6,6.7,285,9.9
491,20241204,2024,19.4,true,false,335,,0,,7.44,23493.29,14.7,11.1,7.5,291,7.7
727,20241204,2024,20.9,true,false,455,,0,,5.89,18110.42,15.8,12.600000000000001,9.4,353,7.8
1966,20241204,2024,33.1,true,false,2241,,0,,8.37,28342.21,12.8,9.100000000000001,5.4,225,16.9
2058,20241204,2024,42.5,false,false,274,,0.5,,8.98,30938.99,17.4,14,10.6,339,22.6
3541,20241204,2024,32.8,true,false,1619,,0,,9.17,31051.82,19.1,15.3,11.5,336,16.2
3582,20241204,2024,14.8,true,false,62,,0,,6.28,17462.13,14.6,10.8,7,358,4.6
3628,20241204,2024,37.1,true,false,504,,0,,5.85,17041.1,11.1,8.8,6.5,320,18.4
3659,20241204,2024,19.1,true,false,795,,0,,6.47,17907.15,14.2,10.649999999999999,7.1,2,9.3
3690,20241204,2024,27.4,true,false,2466,,0,,8.81,27918.89,16.6,11.850000000000001,7.1,344,13.8
728,20241205,2024,12.6,false,false,455,,0.3,,1.9,0,14.9,12.3,9.7,122,4.5
729,20241205,2024,17.3,false,false,65,,0.9,,3.59,15862.28,12.5,9.05,5.6,200,6.7
730,20241205,2024,21.2,true,false,1489,,0,,1.94,0,13,10.55,8.1,182,9.1
731,20241205,2024,16.9,true,false,1135,,0,,6.66,17243.21,15,12.1,9.2,356,6.6
1967,20241205,2024,26.6,true,false,2241,,0,,7.06,25683.96,12.6,9.4,6.2,246,14.8
2059,20241205,2024,32.8,true,false,274,,0,,8.17,30497.87,17,14.05,11.1,0,16
3542,20241205,2024,31.7,false,false,1619,,0.1,,8.18,29278.39,19.1,14.8,10.5,3,14.4
3583,20241205,2024,15.8,false,false,62,,1,,3.57,15333.88,13.7,10.149999999999999,6.6,236,6
3629,20241205,2024,20.9,true,false,504,,0,,5.52,25271.35,14.3,10.100000000000001,5.9,287,8.8
3660,20241205,2024,15.1,false,false,795,,0.4,,2.47,387.03,13.9,10.5,7.1,182,7.3
3691,20241205,2024,15.8,true,false,2466,,0,,8.73,30377.08,17.1,12.100000000000001,7.1,318,7.9
984,20241206,2024,16.2,true,false,229,,0,,6.58,27424.87,16.4,12.149999999999999,7.9,266,6.7
985,20241206,2024,24.1,true,false,1448,,0,,6.34,21610.08,13.9,11.05,8.2,250,12.4
986,20241206,2024,27.4,true,false,2352,,0,,6.97,20588.19,17.5,13.2,8.9,327,13
987,20241206,2024,29.5,true,false,1392,,0,,7.69,30897.42,18.5,15.3,12.1,344,14
988,20241206,2024,22,false,false,1409,,0.1,,5.99,25200,16,13.55,11.1,3,9.6
989,20241206,2024,18,true,false,144,,0,,8.52,30401.69,17.7,12.6,7.5,255,7.6
990,20241206,2024,25.6,true,false,53,,0,,7.06,21123.76,17.8,12.95,8.1,347,11.6
991,20241206,2024,19.8,true,false,105,,0,,5.9,26293.45,13.4,9.4,5.4,251,7.2
992,20241206,2024,22,false,false,1367,,0.4,,5.91,20617.31,16.9,13.899999999999999,10.9,360,8.9
993,20241206,2024,15.5,false,false,2610,,0.1,,6.56,24399.09,16.6,13.950000000000001,11.3,228,5
1968,20241206,2024,25.6,true,false,2241,,0,,6.44,21627.39,13.9,11,8.1,249,14.2
2060,20241206,2024,33.8,true,false,274,,0,,7.06,30811.57,17.1,15.200000000000001,13.3,348,15.6
3543,20241206,2024,28.8,true,false,1619,,0,,7.97,30925.89,19,15.5,12,358,12.9
3584,20241206,2024,15.8,false,false,62,,0.7,,5.8,21600,14.2,11.75,9.3,277,5.1
3630,20241206,2024,19.1,true,false,504,,0,,6.08,20042.32,14.1,10.7,7.3,277,9.1
3661,20241206,2024,18,false,false,795,,1,,6.31,21600,15.3,12.600000000000001,9.9,280,8.5
3692,20241206,2024,17.6,true,false,2466,,0,,9.02,30311.81,18,12.5,7,325,8.9
1326,20241207,2024,40.3,true,false,188,,0,,8.5,30925.03,17.9,13.549999999999999,9.2,326,22
1327,20241207,2024,47.2,true,false,3043,,0,,7.47,27685.25,18,13.55,9.1,342,24.6
1328,20241207,2024,48.2,true,false,623,,0,,7.32,25938.17,17.3,12.95,8.6,353,23.4
1329,20241207,2024,53.3,false,false,2708,,0.1,,7.29,23418.65,12.6,8.25,3.9,352,27.5
1330,20241207,2024,38.5,false,false,364,,2.6,,7.75,29754.75,14.9,10.75,6.6,326,15.5
1331,20241207,2024,40,true,false,1310,,0,,8.66,30925.03,18.2,14.2,10.2,329,21.2
1332,20241207,2024,40.3,true,false,188,,0,,8.5,30925.03,17.9,13.549999999999999,9.2,326,22
1333,20241207,2024,33.1,false,false,1325,,0.6,,7.54,25152.5,14.1,9.65,5.2,332,16.7
1334,20241207,2024,57.2,false,false,231,,0.7,,8.07,24802.3,15.4,12.95,10.5,357,29.6
1335,20241207,2024,49.7,true,false,3204,,0,,8.38,31122.41,19.6,14.600000000000001,9.6,338,24.5
1969,20241207,2024,33.1,true,false,2241,,0,,8.1,26605.02,12.6,7.55,2.5,265,18.5
2061,20241207,2024,60.8,false,true,274,,0.4,,7.94,25142.84,16.4,13.649999999999999,10.9,356,30.9
3544,20241207,2024,48.2,false,false,1619,,0.1,,8.24,29622.27,18.6,15.25,11.9,3,24.2
3585,20241207,2024,34.9,false,false,62,,2.5,,8.29,29659.29,12.7,9.05,5.4,335,13.5
3631,20241207,2024,64.8,false,true,504,,1.1,,6.67,26420.12,10,6.9,3.8,337,31.1
3662,20241207,2024,41.8,false,false,795,,2.3,,8.71,29659.29,13.2,9.149999999999999,5.1,318,20
3693,20241207,2024,24.5,true,false,2466,,0,,8.38,24738.76,17.1,11.25,5.4,339,12.8
1970,20241208,2024,38.5,true,false,2241,,0,,5.96,28955.72,9.4,5.65,1.9,319,19
2062,20241208,2024,63,true,true,274,,0,,9.49,30697.92,13.3,11.100000000000001,8.9,9,32.5
2063,20241208,2024,46.1,true,false,1681,,0,,5.11,16087.83,10.2,7.75,5.3,346,23.6
2064,20241208,2024,63,true,true,274,,0,,9.49,30697.92,13.3,11.100000000000001,8.9,9,32.5
2065,20241208,2024,24.5,true,false,131,,0,,9.36,30283.21,14,7.9,1.8,13,13
2066,20241208,2024,42.8,true,false,2915,,0,,7.24,29630.06,12.2,8.149999999999999,4.1,352,19.3
2067,20241208,2024,52.2,true,false,1987,,0,,7.47,29914.78,10.6,7.55,4.5,356,24.3
2068,20241208,2024,40,true,false,2623,,0,,6.17,29464.13,11.6,7.55,3.5,348,16.5
2069,20241208,2024,52.2,true,false,246,,0,,8.72,30313.36,13.6,10.4,7.2,357,25.4
2070,20241208,2024,43.2,true,false,1923,,0,,6.78,29597.96,12.7,8.45,4.2,350,18.2
2071,20241208,2024,49,true,false,2110,,0,,7.48,29789.15,13.2,10.399999999999999,7.6,1,23.1
2072,20241208,2024,43.6,true,false,2300,,0,,6.57,28533.07,13.4,9.6,5.8,348,20.2
2073,20241208,2024,40.7,true,false,297,,0,,9.97,30668.81,12.6,9.1,5.6,349,21.5
2074,20241208,2024,43.6,true,false,143,,0,,9.29,30252.98,14.1,10.75,7.4,4,21.4
2075,20241208,2024,76.3,true,false,1898,,0,,6.58,29370.58,11,8.4,5.8,358,25.9
2076,20241208,2024,38.9,true,false,728,,0,,8.33,29914.78,11.9,6.9,1.9,356,17.9
2077,20241208,2024,21.2,true,false,606,,0,,9.23,30161.78,11.2,5.3999999999999995,-0.4,226,6.7
2078,20241208,2024,24.5,true,false,131,,0,,9.36,30283.21,14,7.9,1.8,13,13
2079,20241208,2024,58.3,true,false,2565,,0,,5.77,20005.35,8.8,6.25,3.7,332,25.4
3545,20241208,2024,51.8,true,false,1619,,0,,9.98,30813.59,14.9,12.55,10.2,14,24.5
3586,20241208,2024,50.4,true,false,62,,0,,6.55,29597.96,10.1,6.699999999999999,3.3,360,19
3632,20241208,2024,66.2,true,true,504,,0,,4.11,7187.14,5.6,3.8,2,355,31.6
3663,20241208,2024,40.3,true,false,795,,0,,6.78,29597.96,11.2,6.949999999999999,2.7,347,17.8
3694,20241208,2024,32.4,true,false,2466,,0,,9.3,30192.26,11.9,7.1,2.3,360,15.7
3546,20241209,2024,45.4,true,false,1619,,0,,9.85,30762.81,14.4,11.55,8.7,10,19.7
3587,20241209,2024,38.9,true,false,62,,0,,6.77,27946.47,10,5.65,1.3,7,14
3633,20241209,2024,56.5,true,false,504,,0,,4.47,13169.97,6.2,3.85,1.5,346,26.6
3664,20241209,2024,33.1,true,false,795,,0,,6.92,29309.25,10.7,6.199999999999999,1.7,343,14.4
3695,20241209,2024,29.5,true,false,2466,,0,,9.19,30138.2,10.9,5.3,-0.3,347,14.2
3696,20241209,2024,50.4,false,false,475,,0.1,,5.04,14141.55,8.6,4.5,0.4,331,21.5
3697,20241209,2024,26.6,true,false,51,,0,,10.24,30963.36,12.6,8.6,4.6,353,15.3
3698,20241209,2024,39.6,true,false,1097,,0,,7.26,29475.86,12.1,7.55,3,320,19.3
3699,20241209,2024,50.8,true,false,239,,0,,9.31,30410.25,13,10.1,7.2,8,26.8
3700,20241209,2024,37.8,true,false,2763,,0,,9.16,30259.94,13.1,8.8,4.5,346,18.6
3701,20241209,2024,33.8,true,false,1474,,0,,8.87,29890.58,10.4,5.5,0.6,335,16.1
3702,20241209,2024,40.3,true,false,2514,,0,,8.76,30107.55,12.7,8.899999999999999,5.1,359,20.3
3703,20241209,2024,34.9,true,false,2116,,0,,7.5,29605.14,11.9,8.35,4.8,358,15.4
3704,20241209,2024,49.7,true,false,906,,0,,7.65,29605.14,9.4,5.6000000000000005,1.8,329,21.5
3705,20241209,2024,49.7,true,false,607,,0,,6.29,27773.77,12.9,8.7,4.5,356,18.7
3706,20241209,2024,32.4,true,false,2960,,0,,6.34,27035.78,10.9,6.45,2,356,13.6
3707,20241209,2024,41.8,true,false,3160,,0,,9.22,30259.94,11.8,8,4.2,352,19.9
3708,20241209,2024,42.8,true,false,3160,,0,,9,30229.63,11.2,7.6,4,349,20.7
3709,20241209,2024,42.1,true,false,213,,0,,8.1,29764.64,9.2,5.8999999999999995,2.6,336,20.6
3710,20241209,2024,43.2,true,false,2865,,0,,8.17,29764.63,10,6.3,2.6,327,20.8
3711,20241209,2024,33.5,true,false,214,,0,,8.24,29890.58,11.8,7.2,2.6,27,14.4
3712,20241209,2024,59,true,false,2754,,0,,6.99,28526.22,13.4,11.4,9.4,5,26.7
3713,20241209,2024,31.7,true,false,1895,,0,,6.51,27801.65,11.3,6.65,2,352,13.5
3714,20241209,2024,37.4,true,false,618,,0,,6.43,26101.61,12.5,8.4,4.3,348,16.6
3715,20241209,2024,34.2,true,false,75,,0,,5.98,24169.21,8.5,4.75,1,353,14.6
3716,20241209,2024,56.9,true,false,829,,0,,5.95,26176.12,8.5,5.6,2.7,8,19
3717,20241209,2024,43.6,true,false,2820,,0,,8.11,29796.26,9,5.35,1.7,333,22
3718,20241209,2024,49.7,true,false,607,,0,,6.29,27773.77,13.3,9.100000000000001,4.9,356,18.7
3719,20241209,2024,36.7,true,false,1815,,0,,7.46,29605.14,9.4,5.1000000000000005,0.8,354,14.6
3720,20241209,2024,40.7,true,false,782,,0,,6.14,23526.44,10.4,6.2,2,318,21
3721,20241209,2024,44.6,true,false,647,,0,,8,29732.92,7.1,2.9499999999999997,-1.2,348,15.5
3722,20241209,2024,38.9,true,false,2391,,0,,8.22,29827.79,9,4.8,0.6,352,17.9
3723,20241209,2024,31,true,false,165,,0,,8.43,30046,12.3,7.7,3.1,15,13.2
4324,20241211,2024,26.3,true,false,1349,,0,,8.64,29600.86,6.8,3,-0.8,84,11
4325,20241211,2024,25.2,true,false,743,,0,,7.68,21944.15,6.8,2.9499999999999997,-0.9,29,10.7
4326,20241211,2024,16.6,true,false,456,,0,,6.66,24056,8.9,4,-0.9,69,7.3
4327,20241211,2024,23,false,false,594,,0.2,,7.8,27033.66,7.8,3.6,-0.6,81,11.7
4328,20241211,2024,31,true,false,2782,,0,,8.31,29373.43,7.6,3.05,-1.5,61,13
4372,20241212,2024,38.5,true,false,441,,0,,8.06,29015.57,6,1.3,-3.4,115,12.3
4373,20241212,2024,32.4,true,false,435,,0,,8.07,29162.81,10.6,6.05,1.5,103,12.4
4374,20241213,2024,25.9,true,false,86,,0,,7.36,27472.17,8.7,4.05,-0.6,94,9.7
4375,20241213,2024,21.6,true,false,1993,,0,,7.43,26492.43,11.2,6.3999999999999995,1.6,100,10.1
4376,20241213,2024,29.9,false,false,1642,,0.1,,6.42,23751.45,8.6,5.1,1.6,195,13.2
4377,20241215,2024,42.8,true,false,86,,0,,8.36,29122.91,10.7,5.3,-0.1,74,17
4378,20241215,2024,47.5,true,false,1936,,0,,7.7,26027.87,15.6,13.35,11.1,86,25.8
4379,20241215,2024,18.7,true,false,437,,0,,8.3,28738.51,12.1,5.8999999999999995,-0.3,93,5.8
4380,20241215,2024,29.2,true,false,608,,0,,8.31,29089.27,11.4,5.05,-1.3,47,11.2
4381,20241216,2024,45.7,true,false,245,,0,,7.13,27869.14,15.2,12.05,8.9,123,23.9
4382,20241216,2024,32.4,true,false,403,,0,,8.2,30308.39,16.2,11.75,7.3,89,18.1
4383,20241216,2024,37.1,true,false,131,,0,,8.85,29971.12,13.1,8.9,4.7,53,17.9
4384,20241216,2024,30.6,true,false,3032,,0,,8.61,27552.16,10.4,5.9,1.4,65,16.1
4385,20241216,2024,25.6,true,false,2621,,0,,7.87,28493.46,15,9.15,3.3,69,11.1
4386,20241216,2024,29.2,true,false,2063,,0,,7.62,28285.67,13.4,6.45,-0.5,122,8.6
4387,20241216,2024,24.5,true,false,1245,,0,,7.54,24395.64,13.4,6.3,-0.8,110,9.9
4388,20241217,2024,68,false,false,2127,,5.5,,6.91,25200,13.4,8.5,3.6,166,23
4389,20241217,2024,42.1,false,false,1210,,4.3,,7.03,26366.52,15.6,10.5,5.4,118,13.9
4390,20241217,2024,37.4,false,false,2621,,1.9,,7.01,26799.02,17.9,12.649999999999999,7.4,117,13.8
4391,20241217,2024,61.9,false,false,1148,,7.3,,6.68,21124.12,18.5,13.7,8.9,169,24.3
4392,20241217,2024,57.6,false,false,1542,,8.1,,6.63,24849.57,16.8,10.850000000000001,4.9,168,19.9
4393,20241217,2024,57.2,false,false,2198,,3.6,,7.82,29983.29,14.2,11.3,8.4,129,29.9
4394,20241217,2024,41,false,false,86,,3.5,,7.02,26809.96,15.9,10.8,5.7,121,16.5
4395,20241217,2024,57.6,false,false,1245,,8.1,,6.63,24849.57,16.8,10.850000000000001,4.9,168,19.9
4396,20241217,2024,45.7,false,false,676,,1.1,,7.5,27327.17,15.1,10.55,6,124,18.3
4397,20241218,2024,47.9,true,false,952,,0,,6.59,26770.49,13,10.55,8.1,187,25.9
4398,20241218,2024,48.6,false,false,2365,,0.7,,6.56,26493.44,14.6,10.7,6.8,188,23.3
4399,20241221,2024,28.1,true,false,689,,0,,9,29606.35,7.5,3.05,-1.4,51,8.3
4400,20241224,2024,40.3,true,false,358,,0,,8.28,29372.3,15.2,10.95,6.7,51,17.8
4401,20241224,2024,46.8,true,false,587,,0,,8.21,29106.32,11.7,8,4.3,66,19.8
4402,20241224,2024,48.6,true,false,543,,0,,8.48,29437.82,11.2,6.199999999999999,1.2,113,15.2
4403,20241225,2024,55.8,true,false,3249,,0,,8.29,29191.62,13.8,9.45,5.1,81,25.6
4404,20241225,2024,20.5,true,false,1997,,0,,9.07,29647.57,17.4,13.1,8.8,67,11.3
4405,20241225,2024,28.8,true,false,2621,,0,,8.18,29090.99,17.5,11.15,4.8,36,11.7
4406,20241226,2024,11.9,true,false,441,,0,,8.33,29046.5,14.4,8.9,3.4,48,3.8
4407,20241226,2024,14.8,true,false,2934,,0,,8.14,28978.64,16.2,11.25,6.3,58,5
4408,20241227,2024,29.9,true,false,1938,,0,,9.25,30317.76,16.4,12.299999999999999,8.2,98,15.9
4409,20241227,2024,13.7,true,false,441,,0,,8.33,29074.16,13.1,8.7,4.3,63,4.1
4410,20241227,2024,24.5,true,false,90,,0,,8.35,29174.92,13.7,8.25,2.8,99,9.4
4411,20241228,2024,20.5,true,false,3208,,0,,10.02,31045.86,17.2,13,8.8,86,11.8
4412,20241228,2024,26.6,true,false,2368,,0,,8.54,29631.9,14.6,9.85,5.1,71,11.5
4413,20241229,2024,20.2,true,false,1611,,0,,4.56,12284.19,5.3,2.5,-0.3,62,9.1
4414,20241229,2024,27.7,true,false,2942,,0,,8.49,29538.08,10.2,6.1499999999999995,2.1,110,10.8
4415,20241229,2024,21.2,true,false,2365,,0,,3.91,6082.03,4.8,2.1,-0.6,74,8.7
4416,20241230,2024,19.1,true,false,2365,,0,,5.8,18305.02,6.4,2.5,-1.4,75,9.8
4417,20241230,2024,22.3,true,false,1836,,0,,9.38,30474.74,15.1,9.45,3.8,66,11.4
4418,20241231,2024,19.8,true,false,1268,,0,,8.42,29328.43,11.6,6,0.4,81,8.2
4419,20241231,2024,32,true,false,1870,,0,,8.6,29459.49,10.5,6.55,2.6,104,15.5
